Time-(numerical),Time-(readable),CPU_perc,Mem_perc,cpu_freq_MHz,disk_read_MBps,disk_write_MBps,net_sent_MBps,net_recv_MBps,trigger_ctx
1760397070.3946898,2025-10-13T18:11:10,38.0,83.0,1711.0,2.878,0.549,0.002,0.002,
1760397071.4662435,2025-10-13T18:11:11,22.1,82.9,1711.0,0.696,0.602,0.001,0.001,
1760397072.4958537,2025-10-13T18:11:12,42.3,82.7,1711.0,0.377,0.582,0.001,0.001,
1760397073.525887,2025-10-13T18:11:13,23.8,82.4,1711.0,0.033,1.245,0.0,0.0,
1760397074.5586529,2025-10-13T18:11:14,19.8,82.3,1711.0,0.0,0.487,0.0,0.0,
1760397075.5899177,2025-10-13T18:11:15,20.6,82.2,1711.0,0.025,0.078,0.0,0.0,
1760397076.6191185,2025-10-13T18:11:16,36.6,81.9,1466.0,0.0,0.254,0.0,0.0,
1760397077.6491654,2025-10-13T18:11:17,21.6,81.9,1711.0,0.0,0.168,0.001,0.002,
1760397078.6897879,2025-10-13T18:11:18,43.8,82.7,1711.0,0.474,0.27,0.0,0.0,
1760397079.71631,2025-10-13T18:11:19,100.0,84.3,1711.0,0.004,0.0,0.0,0.0,System Idle Process cpu=0.0% mem=0.0% (pid=0); System cpu=0.0% mem=0.0% (pid=4);  cpu=0.0% mem=0.4% (pid=236)
1760397083.2101352,2025-10-13T18:11:23,95.6,84.3,1711.0,0.133,0.717,0.001,0.001,OneDrive.exe cpu=155.1% mem=1.2% (pid=20416); python.exe cpu=92.5% mem=0.3% (pid=3872); python.exe cpu=91.6% mem=0.3% (pid=12144)
1760397086.3730214,2025-10-13T18:11:26,96.6,84.3,1711.0,2.367,0.557,0.001,0.002,OneDrive.exe cpu=161.6% mem=1.2% (pid=20416); python.exe cpu=96.2% mem=0.3% (pid=13852); python.exe cpu=94.1% mem=0.3% (pid=24180)
1760397089.4988668,2025-10-13T18:11:29,96.0,84.2,1711.0,1.338,0.872,0.001,0.006,OneDrive.exe cpu=143.5% mem=1.2% (pid=20416); python.exe cpu=93.5% mem=0.3% (pid=24180); python.exe cpu=90.3% mem=0.3% (pid=12144)
1760397093.1256773,2025-10-13T18:11:33,95.3,84.3,1711.0,0.181,0.291,0.001,0.001,OneDrive.exe cpu=157.1% mem=1.2% (pid=20416); python.exe cpu=96.2% mem=0.3% (pid=3872); python.exe cpu=93.2% mem=0.3% (pid=5332)
1760397096.455453,2025-10-13T18:11:36,61.4,81.6,1711.0,1.685,0.786,0.001,0.001,
1760397097.4845243,2025-10-13T18:11:37,17.7,81.5,1711.0,0.005,0.0,0.006,0.006,
1760397098.5164244,2025-10-13T18:11:38,17.4,81.5,1711.0,0.0,0.197,0.007,0.008,
1760397099.5616975,2025-10-13T18:11:39,17.7,81.3,1711.0,0.004,0.102,0.0,0.004,
1760397100.598262,2025-10-13T18:11:40,15.2,81.3,1711.0,0.012,0.139,0.001,0.001,
1760397101.6301632,2025-10-13T18:11:41,18.4,81.2,1711.0,0.111,0.52,0.0,0.0,
1760397102.6614952,2025-10-13T18:11:42,22.0,81.0,1711.0,0.16,0.434,0.001,0.002,
1760397103.691331,2025-10-13T18:11:43,17.4,81.0,1711.0,0.004,0.549,0.001,0.002,
1760397104.733717,2025-10-13T18:11:44,16.1,81.1,1711.0,0.0,0.184,0.001,0.001,
1760397105.7688282,2025-10-13T18:11:45,17.5,81.1,1711.0,0.0,0.188,0.008,0.002,
1760397106.803024,2025-10-13T18:11:46,16.8,81.1,1711.0,0.001,0.033,0.008,0.004,
1760397107.8462965,2025-10-13T18:11:47,17.1,81.1,1711.0,0.001,0.082,0.001,0.001,
1760397108.8886316,2025-10-13T18:11:48,16.2,81.0,1711.0,0.0,0.225,0.008,0.007,
1760397109.9301577,2025-10-13T18:11:49,18.0,81.1,1711.0,0.0,0.119,0.005,0.005,
1760397110.9745357,2025-10-13T18:11:50,20.0,81.0,1711.0,0.004,0.0,0.0,0.0,
1760397112.0015051,2025-10-13T18:11:52,22.1,81.0,1711.0,0.0,0.188,0.0,0.0,
1760397113.031183,2025-10-13T18:11:53,22.5,81.0,1711.0,0.0,0.057,0.001,0.001,
1760397114.0620947,2025-10-13T18:11:54,17.2,80.9,1711.0,0.0,0.291,0.0,0.0,
1760397115.1025655,2025-10-13T18:11:55,15.4,81.0,1711.0,0.0,0.025,0.0,0.014,
1760397116.1380444,2025-10-13T18:11:56,24.8,81.1,1711.0,0.284,0.254,0.018,0.016,
1760397117.1679895,2025-10-13T18:11:57,22.6,81.2,1711.0,0.0,0.184,0.004,0.055,
1760397118.1977637,2025-10-13T18:11:58,21.9,81.2,1711.0,0.314,0.176,0.014,0.011,
1760397119.2348402,2025-10-13T18:11:59,16.5,81.2,1711.0,0.0,0.0,0.0,0.004,
1760397120.276324,2025-10-13T18:12:00,17.5,81.2,1711.0,0.066,0.225,0.001,0.001,
1760397121.311159,2025-10-13T18:12:01,16.5,81.2,1711.0,0.001,0.184,0.0,0.002,
1760397122.3493416,2025-10-13T18:12:02,16.4,81.2,1711.0,0.021,0.406,0.006,0.002,
1760397123.3942356,2025-10-13T18:12:03,16.3,81.2,1711.0,0.001,0.0,0.0,0.002,
1760397124.434158,2025-10-13T18:12:04,16.7,81.2,1711.0,0.001,0.066,0.0,0.001,
1760397125.4709837,2025-10-13T18:12:05,17.0,81.2,1711.0,0.0,0.115,0.001,0.002,
1760397126.504613,2025-10-13T18:12:06,18.4,81.2,1711.0,0.0,0.16,0.0,0.001,
1760397127.535843,2025-10-13T18:12:07,20.9,81.2,1711.0,0.0,0.233,0.006,0.002,
1760397128.5691118,2025-10-13T18:12:08,24.0,81.4,1711.0,0.004,0.647,0.005,0.007,
1760397129.603908,2025-10-13T18:12:09,21.7,81.3,1711.0,0.0,0.213,0.012,0.002,
1760397130.6415517,2025-10-13T18:12:10,22.3,81.3,1711.0,0.0,0.201,0.005,0.002,
1760397131.6781173,2025-10-13T18:12:11,18.5,81.3,1711.0,0.036,1.303,0.002,0.104,
1760397132.713792,2025-10-13T18:12:12,20.3,81.4,1711.0,0.135,1.458,0.001,0.001,
1760397133.7492428,2025-10-13T18:12:13,15.5,81.3,1711.0,0.0,0.193,0.0,0.0,
1760397134.787801,2025-10-13T18:12:14,17.2,81.3,1711.0,0.005,0.541,0.0,0.0,
1760397135.8205185,2025-10-13T18:12:15,15.8,81.4,1711.0,0.001,0.209,0.0,0.0,
1760397136.8614335,2025-10-13T18:12:16,14.3,81.3,1711.0,0.001,0.0,0.0,0.0,
1760397137.9051454,2025-10-13T18:12:17,21.7,81.4,1711.0,0.037,0.057,0.001,0.001,
1760397138.937177,2025-10-13T18:12:18,23.4,81.5,1711.0,0.062,0.201,0.0,0.0,
1760397139.967629,2025-10-13T18:12:19,38.1,81.8,1711.0,23.858,0.188,0.0,0.001,
1760397141.0021179,2025-10-13T18:12:21,36.6,83.1,1711.0,41.568,0.0,0.01,0.007,
1760397142.0350654,2025-10-13T18:12:22,21.9,83.0,1711.0,0.148,0.123,0.006,0.001,
1760397143.0651922,2025-10-13T18:12:23,18.6,82.9,1711.0,0.14,0.074,0.005,0.008,
1760397144.0905802,2025-10-13T18:12:24,18.9,82.7,1711.0,0.177,0.147,0.002,0.003,
1760397145.1249542,2025-10-13T18:12:25,15.8,82.7,1711.0,0.001,0.0,0.001,0.001,
1760397146.161589,2025-10-13T18:12:26,19.1,82.8,1711.0,0.189,0.131,0.001,0.001,
1760397147.1889505,2025-10-13T18:12:27,67.9,89.7,1711.0,2.964,0.643,0.001,0.001,System Idle Process cpu=1238.3% mem=0.0% (pid=0); OneDrive.exe cpu=191.4% mem=1.2% (pid=20416); Taskmgr.exe cpu=20.7% mem=0.6% (pid=28296)
1760397150.9739034,2025-10-13T18:12:30,96.7,91.2,1711.0,2.93,86.569,0.002,0.007,OneDrive.exe cpu=122.0% mem=1.2% (pid=20416); python.exe cpu=89.5% mem=2.1% (pid=3876); System cpu=81.2% mem=0.0% (pid=4)
1760397155.415043,2025-10-13T18:12:35,98.8,90.1,1711.0,0.649,28.008,0.005,0.006,OneDrive.exe cpu=175.0% mem=1.2% (pid=20416); python.exe cpu=85.6% mem=0.2% (pid=6048); python.exe cpu=84.1% mem=3.2% (pid=12884)
1760397158.6616402,2025-10-13T18:12:38,99.5,89.9,1711.0,2.349,11.911,0.002,0.003,OneDrive.exe cpu=187.7% mem=1.2% (pid=20416); python.exe cpu=99.9% mem=3.2% (pid=12884); python.exe cpu=83.1% mem=1.8% (pid=3876)
1760397161.8416138,2025-10-13T18:12:41,99.1,88.2,1711.0,0.699,18.129,0.008,0.017,OneDrive.exe cpu=166.8% mem=1.2% (pid=20416); python.exe cpu=60.9% mem=0.2% (pid=1864); python.exe cpu=60.4% mem=0.4% (pid=29004)
1760397165.8335748,2025-10-13T18:12:45,50.9,81.5,1711.0,1.981,23.806,0.019,0.008,
1760397166.8712037,2025-10-13T18:12:46,20.2,81.4,1711.0,0.062,0.614,0.001,0.001,
1760397167.9037066,2025-10-13T18:12:47,17.2,81.3,1711.0,0.001,0.004,0.0,0.001,
1760397168.940138,2025-10-13T18:12:48,16.3,81.4,1711.0,0.001,0.0,0.001,0.0,
1760397169.9761357,2025-10-13T18:12:49,18.1,81.4,1711.0,0.005,0.0,0.0,0.0,
1760397171.0112157,2025-10-13T18:12:51,17.7,81.3,1711.0,0.135,0.377,0.0,0.0,
1760397172.0455658,2025-10-13T18:12:52,16.3,81.3,1711.0,0.005,0.02,0.0,0.0,
1760397173.0786345,2025-10-13T18:12:53,21.7,81.3,1711.0,0.037,0.053,0.001,0.001,
1760397174.111629,2025-10-13T18:12:54,20.5,81.3,1711.0,0.103,0.106,0.0,0.0,
1760397175.1522613,2025-10-13T18:12:55,23.2,81.6,1711.0,0.603,0.082,0.0,0.001,
1760397176.1875107,2025-10-13T18:12:56,21.1,81.6,1711.0,0.001,0.0,0.001,0.001,
1760397177.2290304,2025-10-13T18:12:57,27.7,81.7,1711.0,0.909,0.254,0.008,0.006,
1760397178.2721143,2025-10-13T18:12:58,23.3,81.7,1711.0,0.037,0.033,0.001,0.001,
1760397179.3098297,2025-10-13T18:12:59,19.4,81.7,1711.0,0.463,0.0,0.0,0.004,
1760397180.3439264,2025-10-13T18:13:00,23.0,81.3,1711.0,0.311,0.193,0.001,0.001,
1760397181.3812404,2025-10-13T18:13:01,22.0,81.3,1711.0,0.001,0.004,0.002,0.007,
1760397182.4110417,2025-10-13T18:13:02,34.7,80.2,1711.0,0.201,0.16,0.014,0.016,
1760397183.4439666,2025-10-13T18:13:03,38.8,80.2,1711.0,0.0,0.033,0.001,0.001,
1760397184.49133,2025-10-13T18:13:04,18.9,80.1,1711.0,0.001,0.188,0.0,0.0,
1760397185.5231278,2025-10-13T18:13:05,27.6,80.3,1711.0,0.078,0.0,0.033,0.021,
1760397186.5506675,2025-10-13T18:13:06,27.1,79.2,1711.0,0.799,0.381,0.001,0.001,
1760397187.5778806,2025-10-13T18:13:07,27.4,79.3,1711.0,0.005,0.496,0.01,0.008,
1760397188.610942,2025-10-13T18:13:08,28.1,79.3,1711.0,0.049,1.626,0.014,0.011,
1760397189.646623,2025-10-13T18:13:09,19.0,79.3,1711.0,0.02,0.733,0.0,0.0,
1760397190.677021,2025-10-13T18:13:10,19.7,79.3,1711.0,0.066,2.572,0.009,0.014,
1760397191.7141309,2025-10-13T18:13:11,20.1,79.2,1711.0,0.001,0.36,0.004,0.005,
1760397192.7482395,2025-10-13T18:13:12,18.7,79.2,1711.0,0.206,0.143,0.012,0.012,
1760397193.7795892,2025-10-13T18:13:13,23.4,79.0,1711.0,0.205,0.033,0.001,0.001,
1760397194.8267748,2025-10-13T18:13:14,19.8,79.0,1711.0,0.017,0.311,0.0,0.001,
1760397195.8618627,2025-10-13T18:13:15,19.4,79.0,1711.0,0.004,0.0,0.0,0.002,
1760397196.901131,2025-10-13T18:13:16,20.6,79.0,1711.0,0.345,2.875,0.0,0.001,
1760397197.9389434,2025-10-13T18:13:17,19.3,79.0,1711.0,0.123,0.34,0.0,0.002,
1760397198.9813023,2025-10-13T18:13:18,17.9,79.0,1711.0,0.0,0.242,0.004,0.002,
1760397200.0282466,2025-10-13T18:13:20,20.7,79.0,1711.0,0.0,0.262,0.001,0.001,
1760397201.0685358,2025-10-13T18:13:21,19.8,79.0,1711.0,0.266,0.0,0.0,0.002,
1760397202.107854,2025-10-13T18:13:22,17.5,78.9,1711.0,0.033,0.365,0.0,0.0,
1760397203.1527824,2025-10-13T18:13:23,17.7,79.0,1711.0,1.666,0.18,0.0,0.0,
1760397204.1857092,2025-10-13T18:13:24,16.9,78.9,1711.0,0.005,0.164,0.001,0.001,
1760397205.2259505,2025-10-13T18:13:25,16.3,79.0,1711.0,0.004,0.0,0.005,0.002,
1760397206.2639709,2025-10-13T18:13:26,17.7,79.1,1711.0,0.033,0.238,0.0,0.0,
1760397207.3060164,2025-10-13T18:13:27,19.0,79.1,1711.0,0.004,0.258,0.0,0.0,
1760397208.3445127,2025-10-13T18:13:28,18.9,79.1,1711.0,0.001,0.115,0.001,0.001,
1760397209.382677,2025-10-13T18:13:29,24.2,79.1,1711.0,0.001,0.025,0.001,0.004,
1760397210.4069734,2025-10-13T18:13:30,19.0,79.2,1711.0,0.0,0.131,0.005,0.007,
1760397211.437904,2025-10-13T18:13:31,30.0,79.2,1711.0,0.029,0.172,0.0,0.0,
1760397212.4795518,2025-10-13T18:13:32,22.5,79.2,1711.0,0.066,0.229,0.0,0.0,
1760397213.5253177,2025-10-13T18:13:33,20.1,79.2,1711.0,0.001,0.0,0.001,0.001,
1760397214.5646784,2025-10-13T18:13:34,22.1,79.2,1711.0,0.803,0.135,0.0,0.0,
1760397215.5918493,2025-10-13T18:13:35,24.3,79.2,1711.0,0.197,0.266,0.013,0.002,
1760397216.6296053,2025-10-13T18:13:36,20.7,79.3,1711.0,0.385,0.336,0.007,0.012,
1760397217.6669009,2025-10-13T18:13:37,20.4,79.3,1711.0,0.001,0.0,0.009,0.015,
1760397218.6998193,2025-10-13T18:13:38,27.4,79.4,1711.0,0.074,0.242,0.001,0.005,
1760397219.7289953,2025-10-13T18:13:39,22.0,79.3,1711.0,0.025,0.717,0.001,0.002,
1760397220.7617698,2025-10-13T18:13:40,22.1,79.3,1711.0,0.008,0.311,0.009,0.003,
1760397221.7882125,2025-10-13T18:13:41,19.6,79.4,1711.0,0.004,0.004,0.014,0.012,
1760397222.8296041,2025-10-13T18:13:42,21.1,79.3,1711.0,0.18,0.106,0.006,0.004,
1760397223.8598006,2025-10-13T18:13:43,16.9,79.3,1711.0,0.054,0.393,0.01,0.008,
1760397224.8939302,2025-10-13T18:13:44,20.3,79.1,1711.0,0.0,0.913,0.006,0.01,
1760397225.9296634,2025-10-13T18:13:45,19.6,79.3,1711.0,0.07,0.106,0.007,0.001,
1760397226.9686651,2025-10-13T18:13:46,16.8,79.3,1711.0,0.001,0.537,0.0,0.0,
1760397228.0006506,2025-10-13T18:13:48,17.1,79.3,1711.0,0.0,0.102,0.0,0.001,
1760397229.034629,2025-10-13T18:13:49,14.9,79.3,1711.0,0.001,0.188,0.001,0.001,
1760397230.0749848,2025-10-13T18:13:50,17.0,79.1,1711.0,0.041,0.295,0.0,0.0,
1760397231.1112223,2025-10-13T18:13:51,15.4,79.1,1711.0,0.0,0.0,0.004,0.005,
1760397232.145928,2025-10-13T18:13:52,15.4,79.1,1711.0,0.0,0.254,0.0,0.0,
1760397233.1825366,2025-10-13T18:13:53,16.2,79.2,1711.0,0.0,0.352,0.007,0.0,
1760397234.2182195,2025-10-13T18:13:54,18.0,79.1,1711.0,0.0,0.205,0.005,0.007,
1760397235.2591434,2025-10-13T18:13:55,26.5,79.1,1711.0,0.004,0.532,0.0,0.001,
1760397236.2964232,2025-10-13T18:13:56,18.2,79.1,1711.0,0.0,0.188,0.0,0.0,
1760397237.3348339,2025-10-13T18:13:57,18.0,79.2,1711.0,0.0,0.16,0.002,0.002,
1760397238.376266,2025-10-13T18:13:58,19.0,79.2,1711.0,0.001,0.045,0.008,0.001,
1760397239.4111233,2025-10-13T18:13:59,27.4,79.0,1711.0,0.48,0.0,0.022,0.034,
1760397240.440144,2025-10-13T18:14:00,24.3,79.0,1711.0,0.037,0.143,0.016,0.007,
1760397241.4668708,2025-10-13T18:14:01,19.0,79.1,1711.0,0.0,0.307,0.0,0.0,
1760397242.4977636,2025-10-13T18:14:02,29.8,79.2,1711.0,0.0,0.045,0.003,0.006,
1760397243.5401356,2025-10-13T18:14:03,20.4,79.2,1711.0,0.0,0.106,0.001,0.003,
1760397244.576555,2025-10-13T18:14:04,21.4,79.3,1711.0,0.021,0.303,0.0,0.002,
1760397245.6082516,2025-10-13T18:14:05,33.1,79.4,1711.0,20.579,0.983,0.0,0.002,
1760397246.6348305,2025-10-13T18:14:06,25.5,79.5,1711.0,0.287,0.152,0.001,0.003,
1760397247.685616,2025-10-13T18:14:07,26.1,79.7,1711.0,0.123,0.291,0.002,0.003,
1760397248.7113097,2025-10-13T18:14:08,25.0,79.7,1711.0,0.066,0.172,0.006,0.008,
1760397249.7396603,2025-10-13T18:14:09,22.3,79.8,1711.0,0.0,0.291,0.001,0.002,
1760397250.7687442,2025-10-13T18:14:10,31.2,79.9,1711.0,11.08,0.254,0.001,0.002,
1760397251.8013504,2025-10-13T18:14:11,38.2,79.9,1711.0,4.63,0.381,0.008,0.014,
1760397252.8302062,2025-10-13T18:14:12,32.5,80.0,1711.0,0.218,0.242,0.006,0.008,
1760397253.8660731,2025-10-13T18:14:13,27.0,80.0,1711.0,0.098,0.221,0.001,0.002,
1760397254.9069457,2025-10-13T18:14:14,24.8,80.1,1711.0,0.042,1.233,0.001,0.003,
1760397255.9425635,2025-10-13T18:14:15,27.1,80.1,1711.0,0.0,0.262,0.0,0.002,
1760397256.9810114,2025-10-13T18:14:16,23.2,80.3,1711.0,0.001,0.0,0.0,0.002,
1760397258.015834,2025-10-13T18:14:18,23.6,80.4,1711.0,0.001,0.131,0.0,0.002,
1760397259.049151,2025-10-13T18:14:19,24.8,80.5,1711.0,0.001,0.475,0.006,0.004,
1760397260.0941143,2025-10-13T18:14:20,22.4,80.6,1711.0,0.016,0.152,0.001,0.002,
1760397261.130694,2025-10-13T18:14:21,21.4,80.7,1711.0,0.594,0.27,0.014,0.009,
1760397262.1587207,2025-10-13T18:14:22,23.7,80.8,1711.0,0.173,1.434,0.047,0.005,
1760397263.1888497,2025-10-13T18:14:23,17.1,80.8,1711.0,0.0,0.164,0.001,0.026,
1760397264.2247934,2025-10-13T18:14:24,15.9,80.8,1711.0,0.001,0.197,0.005,0.008,
1760397265.2636762,2025-10-13T18:14:25,15.1,80.8,1711.0,0.0,0.0,0.0,0.0,
1760397266.3017247,2025-10-13T18:14:26,17.3,80.5,1711.0,0.0,0.106,0.0,0.0,
1760397267.3335965,2025-10-13T18:14:27,20.8,80.1,1711.0,0.02,0.262,0.0,0.0,
1760397268.3669825,2025-10-13T18:14:28,15.3,80.1,1711.0,0.0,0.053,0.0,0.0,
1760397269.401937,2025-10-13T18:14:29,18.0,80.1,1711.0,0.0,0.0,0.008,0.006,
1760397270.4381545,2025-10-13T18:14:30,15.6,80.1,1711.0,0.066,0.258,0.0,0.0,
1760397271.465787,2025-10-13T18:14:31,17.8,80.1,1711.0,0.033,0.365,0.0,0.0,
1760397272.4973137,2025-10-13T18:14:32,16.3,80.1,1711.0,0.001,0.504,0.002,0.001,
1760397273.5283208,2025-10-13T18:14:33,18.1,80.1,1711.0,0.001,0.0,0.0,0.001,
1760397274.5633347,2025-10-13T18:14:34,38.9,81.0,1711.0,0.017,0.324,0.007,0.006,
1760397275.5988083,2025-10-13T18:14:35,53.8,81.2,1711.0,4.724,2.47,0.052,0.174,
1760397276.628871,2025-10-13T18:14:36,62.2,81.0,1711.0,4.704,4.739,0.048,0.419,
1760397277.6486497,2025-10-13T18:14:37,54.0,81.5,1711.0,3.802,1.343,0.028,0.07,
1760397278.6825783,2025-10-13T18:14:38,41.2,81.6,1711.0,0.455,3.265,0.016,0.108,
1760397279.7125256,2025-10-13T18:14:39,30.4,81.6,1711.0,0.647,0.725,0.006,0.007,
1760397280.7493713,2025-10-13T18:14:40,27.7,81.8,1711.0,1.712,1.499,0.025,0.036,
1760397281.7796926,2025-10-13T18:14:41,18.5,81.7,1711.0,0.0,0.0,0.0,0.001,
1760397282.8165622,2025-10-13T18:14:42,25.4,81.6,1711.0,0.188,3.158,0.0,0.0,
1760397283.849944,2025-10-13T18:14:43,20.2,81.5,1711.0,0.02,0.877,0.007,0.006,
1760397284.8794732,2025-10-13T18:14:44,25.3,81.4,1711.0,0.0,1.18,0.0,0.0,
1760397285.9104867,2025-10-13T18:14:45,23.9,81.3,1711.0,0.001,0.504,0.0,0.0,
1760397286.9451442,2025-10-13T18:14:46,23.9,81.2,1711.0,0.0,0.25,0.0,0.0,
1760397287.9748747,2025-10-13T18:14:47,26.0,81.1,1711.0,0.0,0.319,0.0,0.0,
1760397289.0023155,2025-10-13T18:14:49,22.3,81.1,1711.0,0.001,0.238,0.006,0.006,
1760397290.0311055,2025-10-13T18:14:50,23.1,81.1,1711.0,0.0,0.496,0.0,0.0,
1760397291.0684352,2025-10-13T18:14:51,17.0,81.1,1711.0,0.0,0.09,0.0,0.001,
1760397292.1075988,2025-10-13T18:14:52,18.0,81.2,1711.0,0.016,0.324,0.0,0.0,
1760397293.14348,2025-10-13T18:14:53,19.3,81.2,1711.0,0.001,0.545,0.0,0.0,
1760397294.18211,2025-10-13T18:14:54,21.4,81.1,1711.0,0.89,0.229,0.003,0.002,
1760397295.2124443,2025-10-13T18:14:55,20.1,81.1,1711.0,0.12,0.111,0.008,0.003,
1760397296.2431693,2025-10-13T18:14:56,44.7,82.1,1711.0,6.64,0.655,0.039,0.123,
1760397297.268563,2025-10-13T18:14:57,59.9,83.0,1711.0,0.814,5.546,0.054,0.442,
1760397298.2950318,2025-10-13T18:14:58,67.9,83.9,1711.0,0.999,4.42,0.043,0.041,
1760397299.327736,2025-10-13T18:14:59,35.7,83.8,1711.0,0.39,0.659,0.012,0.019,
1760397300.3560705,2025-10-13T18:15:00,25.3,83.9,1711.0,0.059,0.831,0.0,0.001,
1760397301.3897207,2025-10-13T18:15:01,27.3,84.0,1711.0,0.016,0.459,0.001,0.001,
1760397302.420688,2025-10-13T18:15:02,21.9,83.8,1711.0,0.025,0.496,0.0,0.0,
1760397303.4540672,2025-10-13T18:15:03,20.1,83.7,1711.0,0.0,0.0,0.0,0.0,
1760397304.4922073,2025-10-13T18:15:04,20.4,83.7,1711.0,0.0,0.406,0.007,0.005,
1760397305.5238485,2025-10-13T18:15:05,23.6,83.5,1711.0,0.107,0.684,0.0,0.003,
1760397306.566454,2025-10-13T18:15:06,26.9,83.2,1711.0,5.716,0.34,0.0,0.0,
1760397307.6012285,2025-10-13T18:15:07,23.0,83.0,1711.0,0.0,0.131,0.007,0.004,
1760397308.6348784,2025-10-13T18:15:08,23.2,82.9,1711.0,0.002,0.315,0.0,0.001,
1760397309.6650758,2025-10-13T18:15:09,21.5,82.9,1711.0,0.0,0.602,0.001,0.0,
1760397310.6900408,2025-10-13T18:15:10,20.7,82.9,1711.0,0.0,0.233,0.002,0.001,
1760397311.718877,2025-10-13T18:15:11,15.8,82.9,1711.0,0.0,0.0,0.001,0.001,
1760397312.7547688,2025-10-13T18:15:12,28.3,82.9,1711.0,4.846,0.549,0.0,0.001,
1760397313.7775717,2025-10-13T18:15:13,28.4,82.9,1711.0,4.53,0.659,0.0,0.0,
1760397314.8165407,2025-10-13T18:15:14,21.2,82.9,1711.0,1.634,1.163,0.006,0.007,
1760397315.8539183,2025-10-13T18:15:15,19.7,82.9,1711.0,0.0,0.311,0.0,0.0,
1760397316.8886914,2025-10-13T18:15:16,21.9,82.9,1711.0,0.033,0.7,0.0,0.0,
1760397317.9237475,2025-10-13T18:15:17,15.3,82.9,1711.0,0.016,0.434,0.0,0.001,
1760397318.9607553,2025-10-13T18:15:18,17.6,82.9,1711.0,0.0,0.209,0.044,0.003,
1760397319.9969604,2025-10-13T18:15:19,16.3,82.9,1711.0,0.0,0.098,0.009,0.005,
1760397321.0254538,2025-10-13T18:15:21,16.1,82.9,1711.0,0.001,1.085,0.0,0.001,
1760397322.0656643,2025-10-13T18:15:22,15.6,82.9,1711.0,0.0,0.197,0.0,0.0,
1760397323.1012914,2025-10-13T18:15:23,25.2,82.8,1711.0,1.545,0.483,0.002,0.002,
1760397324.1325524,2025-10-13T18:15:24,15.5,82.8,1711.0,0.033,0.553,0.001,0.001,
1760397325.1729622,2025-10-13T18:15:25,22.2,82.8,1711.0,0.004,0.0,0.0,0.001,
1760397326.2065506,2025-10-13T18:15:26,20.3,82.5,1711.0,0.0,0.463,0.0,0.0,
1760397327.2538276,2025-10-13T18:15:27,22.4,82.6,1711.0,0.066,0.287,0.002,0.051,
1760397328.294063,2025-10-13T18:15:28,20.1,82.5,1711.0,0.016,0.373,0.0,0.0,
1760397329.3316905,2025-10-13T18:15:29,20.4,82.4,1711.0,0.0,0.0,0.001,0.004,
1760397330.365458,2025-10-13T18:15:30,22.0,82.4,1711.0,0.0,0.303,0.0,0.015,
1760397331.396232,2025-10-13T18:15:31,31.5,82.4,1711.0,0.043,0.653,0.03,0.608,
1760397332.4259155,2025-10-13T18:15:32,27.4,82.2,1711.0,0.066,0.647,0.001,0.0,
1760397333.4535084,2025-10-13T18:15:33,24.5,82.2,1711.0,0.0,0.139,0.0,0.0,
1760397334.4882498,2025-10-13T18:15:34,19.9,82.2,1711.0,0.0,0.225,0.001,0.001,
1760397335.5227523,2025-10-13T18:15:35,19.0,82.1,1711.0,0.0,0.352,0.0,0.001,
1760397336.5549974,2025-10-13T18:15:36,20.6,82.1,1711.0,0.0,0.205,0.006,0.0,
1760397337.5872712,2025-10-13T18:15:37,19.7,82.1,1711.0,0.0,0.168,0.0,0.001,
1760397338.6234171,2025-10-13T18:15:38,23.1,82.0,1711.0,0.0,0.475,0.007,0.007,
1760397339.6621552,2025-10-13T18:15:39,22.0,81.8,1711.0,0.0,0.266,0.001,0.001,
1760397340.6983347,2025-10-13T18:15:40,22.2,81.8,1711.0,0.001,0.295,0.001,0.001,
1760397341.7309625,2025-10-13T18:15:41,20.1,81.8,1711.0,0.0,0.0,0.006,0.007,
1760397342.7631452,2025-10-13T18:15:42,23.6,81.7,1711.0,0.144,0.246,0.007,0.006,
1760397343.7971814,2025-10-13T18:15:43,23.2,81.8,1711.0,0.111,0.475,0.004,0.003,
1760397344.8286383,2025-10-13T18:15:44,22.1,81.9,1711.0,0.139,1.196,0.009,0.009,
1760397345.8585308,2025-10-13T18:15:45,20.5,81.9,1711.0,0.066,0.152,0.005,0.006,
1760397346.88499,2025-10-13T18:15:46,26.3,82.1,1711.0,0.0,0.258,0.0,0.0,
1760397347.9180493,2025-10-13T18:15:47,22.3,82.1,1711.0,0.033,0.373,0.0,0.0,
1760397348.9542263,2025-10-13T18:15:48,19.6,82.1,1711.0,0.0,0.221,0.001,0.001,
1760397349.9896696,2025-10-13T18:15:49,21.8,82.0,1711.0,0.0,0.254,0.001,0.001,
1760397351.0257115,2025-10-13T18:15:51,19.6,82.0,1711.0,0.001,0.0,0.0,0.0,
1760397352.0555694,2025-10-13T18:15:52,15.3,81.9,1711.0,0.0,0.213,0.004,0.006,
1760397353.093774,2025-10-13T18:15:53,16.4,81.9,1711.0,0.001,0.725,0.0,0.001,
1760397354.1289277,2025-10-13T18:15:54,18.0,81.9,1711.0,0.001,0.909,0.001,0.014,
1760397355.162431,2025-10-13T18:15:55,25.2,82.0,1711.0,0.206,0.262,0.003,0.184,
1760397356.1971555,2025-10-13T18:15:56,23.5,82.0,1711.0,0.069,0.475,0.0,0.006,
1760397357.230428,2025-10-13T18:15:57,20.0,81.9,1711.0,0.195,0.352,0.001,0.001,
1760397358.2656314,2025-10-13T18:15:58,17.7,81.9,1711.0,0.0,0.344,0.0,0.0,
1760397359.3038769,2025-10-13T18:15:59,16.9,81.9,1711.0,0.0,0.0,0.001,0.004,
1760397360.3390338,2025-10-13T18:16:00,17.7,81.8,1711.0,0.001,0.541,0.0,0.001,
1760397361.377815,2025-10-13T18:16:01,16.4,81.7,1711.0,0.016,0.369,0.006,0.001,
1760397362.4133127,2025-10-13T18:16:02,15.0,81.7,1711.0,0.001,0.283,0.004,0.002,
1760397363.4542918,2025-10-13T18:16:03,15.5,81.7,1711.0,0.569,0.152,0.0,0.0,
1760397364.4928622,2025-10-13T18:16:04,15.0,81.7,1711.0,0.0,0.446,0.001,0.001,
1760397365.531448,2025-10-13T18:16:05,21.2,81.7,1711.0,0.001,0.283,0.0,0.0,
1760397366.564296,2025-10-13T18:16:06,20.9,81.6,1711.0,0.001,0.324,0.0,0.0,
1760397367.6040082,2025-10-13T18:16:07,15.7,81.6,1711.0,0.0,0.258,0.002,0.006,
1760397368.644463,2025-10-13T18:16:08,15.8,81.6,1711.0,0.82,1.847,0.007,0.063,
1760397369.676053,2025-10-13T18:16:09,24.3,81.7,1711.0,0.029,0.336,0.002,0.058,
1760397370.7123687,2025-10-13T18:16:10,20.1,81.6,1711.0,0.0,0.348,0.0,0.0,
1760397371.7476726,2025-10-13T18:16:11,15.5,81.6,1711.0,0.0,0.0,0.0,0.0,
1760397372.7807813,2025-10-13T18:16:12,27.4,81.7,1711.0,5.579,1.143,0.003,0.051,
1760397373.814311,2025-10-13T18:16:13,20.3,81.7,1711.0,2.163,0.578,0.001,0.001,
1760397374.8442857,2025-10-13T18:16:14,19.7,81.7,1711.0,0.078,1.286,0.001,0.001,
1760397375.8841903,2025-10-13T18:16:15,20.5,81.7,1711.0,0.197,0.381,0.0,0.0,
1760397376.9213092,2025-10-13T18:16:16,20.4,81.7,1711.0,0.0,0.16,0.004,0.005,
1760397377.9586012,2025-10-13T18:16:17,19.4,81.7,1711.0,0.0,0.483,0.0,0.0,
1760397378.9913683,2025-10-13T18:16:18,19.2,81.6,1711.0,0.017,0.406,0.0,0.0,
1760397380.0281014,2025-10-13T18:16:20,20.2,81.6,1711.0,0.017,0.43,0.001,0.001,
1760397381.0619814,2025-10-13T18:16:21,20.2,81.6,1711.0,0.0,0.0,0.0,0.0,
1760397382.0976782,2025-10-13T18:16:22,19.2,81.6,1711.0,0.034,0.319,0.0,0.001,
1760397383.1293833,2025-10-13T18:16:23,19.2,81.7,1711.0,0.0,0.844,0.0,0.0,
1760397384.165572,2025-10-13T18:16:24,19.5,81.6,1711.0,0.0,0.455,0.001,0.001,
1760397385.2006528,2025-10-13T18:16:25,19.8,81.6,1711.0,0.0,0.127,0.001,0.001,
1760397386.2328074,2025-10-13T18:16:26,18.8,81.6,1711.0,0.0,1.745,0.001,0.001,
1760397387.2667127,2025-10-13T18:16:27,20.1,81.6,1711.0,0.001,0.315,0.001,0.001,
1760397388.3079984,2025-10-13T18:16:28,19.3,81.6,1711.0,0.001,0.328,0.0,0.0,
1760397389.3443918,2025-10-13T18:16:29,19.5,81.6,1711.0,0.001,0.0,0.0,0.004,
1760397390.378544,2025-10-13T18:16:30,18.2,81.6,1711.0,0.002,0.618,0.002,0.003,
1760397391.4159858,2025-10-13T18:16:31,20.4,81.6,1711.0,0.002,0.352,0.0,0.0,
1760397392.4560387,2025-10-13T18:16:32,18.4,81.6,1711.0,0.189,0.311,0.0,0.0,
1760397393.490739,2025-10-13T18:16:33,17.5,81.6,1711.0,0.002,0.213,0.0,0.0,
1760397394.526566,2025-10-13T18:16:34,19.3,81.6,1711.0,0.181,0.561,0.0,0.0,
1760397395.557937,2025-10-13T18:16:35,19.2,81.6,1711.0,0.001,0.655,0.001,0.001,
1760397396.594501,2025-10-13T18:16:36,18.2,81.6,1711.0,0.001,0.315,0.0,0.0,
1760397397.627557,2025-10-13T18:16:37,24.1,81.6,1711.0,0.001,0.106,0.0,0.0,
1760397398.6555505,2025-10-13T18:16:38,27.6,81.4,1711.0,0.685,11.08,0.0,0.0,
1760397399.686938,2025-10-13T18:16:39,27.5,81.1,1711.0,0.083,0.553,0.001,0.001,
1760397400.7152934,2025-10-13T18:16:40,36.9,80.6,1711.0,0.001,0.279,0.0,0.0,
1760397401.7431617,2025-10-13T18:16:41,25.0,80.6,1711.0,1.308,0.229,0.0,0.0,
1760397402.7903416,2025-10-13T18:16:42,20.5,80.6,1711.0,0.205,0.25,0.0,0.0,
1760397403.8207555,2025-10-13T18:16:43,18.3,80.6,1711.0,0.152,0.528,0.006,0.006,
1760397404.8542697,2025-10-13T18:16:44,16.1,80.6,1711.0,0.016,1.397,0.001,0.001,
1760397405.890304,2025-10-13T18:16:45,16.9,80.6,1711.0,0.016,4.121,0.008,0.009,
1760397406.9419549,2025-10-13T18:16:46,16.9,80.6,1711.0,0.029,0.184,0.0,0.0,
1760397407.9805696,2025-10-13T18:16:47,14.8,80.6,1711.0,0.887,0.569,0.004,0.005,
1760397409.0167582,2025-10-13T18:16:49,14.6,80.7,1711.0,0.164,2.929,0.0,0.0,
1760397410.0562227,2025-10-13T18:16:50,16.4,80.7,1711.0,14.459,15.913,0.001,0.001,
1760397411.0915937,2025-10-13T18:16:51,11.6,80.7,1711.0,0.541,2.441,0.0,0.0,
1760397412.1619549,2025-10-13T18:16:52,15.3,80.7,1711.0,0.001,0.197,0.0,0.0,
1760397413.1978447,2025-10-13T18:16:53,16.2,80.7,1711.0,0.003,0.197,0.0,0.001,
1760397414.2374527,2025-10-13T18:16:54,16.5,80.7,1711.0,0.001,0.274,0.001,0.001,
1760397415.2770875,2025-10-13T18:16:55,14.6,80.7,1711.0,0.002,0.0,0.001,0.001,
1760397416.3115323,2025-10-13T18:16:56,15.9,80.7,1711.0,0.004,0.213,0.0,0.001,
1760397417.3663332,2025-10-13T18:16:57,14.3,80.7,1711.0,0.005,0.254,0.0,0.002,
1760397418.4066591,2025-10-13T18:16:58,16.9,80.7,1711.0,0.0,0.381,0.0,0.0,
1760397419.4398348,2025-10-13T18:16:59,14.6,80.7,1711.0,0.005,0.0,0.0,0.004,
1760397420.4823334,2025-10-13T18:17:00,17.1,80.7,1711.0,0.0,0.217,0.002,0.002,
1760397421.51885,2025-10-13T18:17:01,16.0,80.7,1711.0,0.001,0.319,0.0,0.0,
1760397422.5538886,2025-10-13T18:17:02,16.2,80.7,1711.0,0.002,0.168,0.0,0.0,
1760397423.5985131,2025-10-13T18:17:03,15.8,80.7,1711.0,0.001,0.561,0.0,0.0,
1760397424.637158,2025-10-13T18:17:04,16.0,80.7,1711.0,0.001,0.082,0.0,0.0,
1760397425.6777303,2025-10-13T18:17:05,15.5,80.7,1711.0,0.001,0.209,0.001,0.001,
1760397426.7140021,2025-10-13T18:17:06,15.7,80.7,1711.0,0.034,0.328,0.0,0.0,
1760397427.7522404,2025-10-13T18:17:07,15.6,80.7,1711.0,0.001,0.365,0.005,0.001,
1760397428.7974455,2025-10-13T18:17:08,14.5,80.7,1711.0,0.075,0.102,0.005,0.007,
1760397429.837696,2025-10-13T18:17:09,21.9,80.7,1711.0,0.002,0.553,0.0,0.001,
1760397430.8655508,2025-10-13T18:17:10,23.6,80.7,1711.0,0.033,0.356,0.001,0.001,
1760397431.891604,2025-10-13T18:17:11,18.7,80.7,1711.0,0.005,0.311,0.001,0.001,
1760397432.9194164,2025-10-13T18:17:12,24.4,80.7,1711.0,0.972,0.037,0.001,0.003,
1760397433.948872,2025-10-13T18:17:13,18.1,80.7,1711.0,0.009,0.324,0.0,0.0,
1760397434.990095,2025-10-13T18:17:14,15.2,80.7,1711.0,0.016,1.454,0.0,0.001,
1760397436.029641,2025-10-13T18:17:16,15.3,80.7,1711.0,0.0,0.7,0.001,0.001,
1760397437.0607033,2025-10-13T18:17:17,16.5,80.7,1711.0,0.001,0.0,0.0,0.0,
1760397438.0944738,2025-10-13T18:17:18,14.6,80.7,1711.0,0.001,0.467,0.0,0.0,
1760397439.1358252,2025-10-13T18:17:19,19.0,80.7,1711.0,0.004,0.606,0.006,0.007,
1760397440.1718354,2025-10-13T18:17:20,21.6,80.7,1711.0,0.055,0.647,0.001,0.001,
1760397441.2081976,2025-10-13T18:17:21,21.9,80.7,1711.0,0.1,0.0,0.0,0.0,
1760397442.2453954,2025-10-13T18:17:22,19.3,80.7,1711.0,0.002,0.594,0.0,0.0,
1760397443.2854815,2025-10-13T18:17:23,18.9,80.7,1711.0,0.023,1.044,0.0,0.001,
1760397444.324338,2025-10-13T18:17:24,20.2,80.7,1711.0,0.225,0.578,0.0,0.0,
1760397445.359364,2025-10-13T18:17:25,18.9,80.7,1711.0,0.016,0.532,0.001,0.001,
1760397446.395579,2025-10-13T18:17:26,17.6,80.7,1711.0,0.108,0.672,0.007,0.007,
1760397447.433984,2025-10-13T18:17:27,21.2,80.9,1711.0,0.418,1.208,0.0,0.0,
1760397448.4632192,2025-10-13T18:17:28,19.3,80.9,1711.0,0.07,1.659,0.006,0.005,
1760397449.500665,2025-10-13T18:17:29,34.1,81.2,1711.0,0.505,13.042,0.001,0.006,
1760397450.5207226,2025-10-13T18:17:30,18.3,81.2,1711.0,0.105,0.508,0.001,0.001,
1760397451.5591166,2025-10-13T18:17:31,19.4,81.4,1711.0,0.116,0.643,0.005,0.006,
1760397452.5986123,2025-10-13T18:17:32,14.9,81.4,1711.0,0.274,0.467,0.0,0.001,
1760397453.6395507,2025-10-13T18:17:33,14.7,81.3,1711.0,0.267,0.442,0.0,0.0,
1760397454.6733446,2025-10-13T18:17:34,14.5,81.4,1711.0,0.239,0.0,0.0,0.0,
1760397455.7097025,2025-10-13T18:17:35,11.6,81.3,1711.0,0.234,0.451,0.001,0.001,
1760397456.75291,2025-10-13T18:17:36,13.3,81.3,1711.0,0.243,0.385,0.0,0.001,
1760397457.8002803,2025-10-13T18:17:37,12.8,81.4,1711.0,0.23,0.315,0.0,0.0,
1760397458.836121,2025-10-13T18:17:38,14.1,81.4,1711.0,0.145,0.033,0.0,0.001,
1760397459.8775766,2025-10-13T18:17:39,15.0,81.3,1711.0,0.212,0.881,0.0,0.0,
1760397460.919095,2025-10-13T18:17:40,14.9,81.3,1711.0,0.109,0.381,0.001,0.001,
1760397461.9546626,2025-10-13T18:17:41,17.8,81.3,1711.0,0.079,0.565,0.0,0.0,
1760397462.9916494,2025-10-13T18:17:42,23.7,81.4,1711.0,0.67,0.09,0.0,0.0,
1760397464.022649,2025-10-13T18:17:44,19.4,81.4,1711.0,0.133,0.586,0.001,0.001,
1760397465.0591252,2025-10-13T18:17:45,21.3,81.4,1711.0,0.152,0.565,0.0,0.0,
1760397466.087955,2025-10-13T18:17:46,19.8,81.4,1711.0,0.189,0.291,0.001,0.001,
1760397467.1230407,2025-10-13T18:17:47,23.7,81.4,1711.0,0.052,0.0,0.0,0.0,
1760397468.1633718,2025-10-13T18:17:48,17.3,81.3,1711.0,0.057,0.328,0.0,0.0,
1760397469.2074032,2025-10-13T18:17:49,18.0,81.3,1711.0,0.844,0.434,0.0,0.001,
1760397470.24814,2025-10-13T18:17:50,22.5,81.4,1711.0,0.587,0.688,0.01,0.014,
1760397471.2859886,2025-10-13T18:17:51,28.2,81.4,1711.0,0.679,0.016,0.006,0.022,
1760397472.3170092,2025-10-13T18:17:52,23.1,81.5,1711.0,0.184,0.811,0.0,0.0,
1760397473.3516645,2025-10-13T18:17:53,18.2,81.5,1711.0,0.402,1.372,0.008,0.012,
1760397474.3894687,2025-10-13T18:17:54,12.5,81.4,1711.0,0.088,0.385,0.0,0.0,
1760397475.434418,2025-10-13T18:17:55,17.2,81.4,1711.0,0.203,0.705,0.001,0.002,
1760397476.4511664,2025-10-13T18:17:56,14.6,81.4,1711.0,0.001,0.127,0.001,0.001,
1760397477.4954782,2025-10-13T18:17:57,19.1,81.4,1711.0,0.092,0.385,0.001,0.001,
1760397478.5332532,2025-10-13T18:17:58,25.1,82.0,1711.0,2.305,0.819,0.009,0.004,
1760397479.570637,2025-10-13T18:17:59,26.3,82.1,1711.0,0.37,0.377,0.0,0.004,
1760397480.5993006,2025-10-13T18:18:00,18.4,82.2,1711.0,0.204,0.041,0.001,0.001,
1760397481.646345,2025-10-13T18:18:01,20.4,82.1,1711.0,0.382,0.7,0.002,0.006,
1760397482.6858215,2025-10-13T18:18:02,28.8,82.5,1711.0,0.41,0.598,0.013,0.007,
1760397483.7219787,2025-10-13T18:18:03,32.7,82.7,1711.0,0.397,0.5,0.0,0.0,
1760397484.75155,2025-10-13T18:18:04,24.1,82.4,1711.0,0.234,0.205,0.008,0.008,
1760397485.7875853,2025-10-13T18:18:05,39.8,82.4,1711.0,2.213,0.467,0.072,0.056,
1760397486.826379,2025-10-13T18:18:06,33.1,82.5,1711.0,0.247,0.463,0.017,0.009,
1760397487.8673978,2025-10-13T18:18:07,31.4,82.7,1711.0,0.246,1.028,0.01,0.014,
1760397488.8936052,2025-10-13T18:18:08,23.0,82.7,1711.0,0.267,0.037,0.011,0.009,
1760397489.9283679,2025-10-13T18:18:09,24.2,82.7,1711.0,0.274,0.373,0.012,0.004,
1760397490.967327,2025-10-13T18:18:10,23.8,82.7,1711.0,0.186,0.471,0.007,0.014,
1760397492.0044374,2025-10-13T18:18:12,27.7,82.8,1711.0,0.682,0.537,0.034,0.023,
1760397493.0454557,2025-10-13T18:18:13,38.5,82.9,1711.0,0.592,0.094,0.0,0.005,
1760397494.084074,2025-10-13T18:18:14,20.6,82.8,1711.0,0.159,0.725,0.005,0.003,
1760397495.1212258,2025-10-13T18:18:15,15.6,82.6,1711.0,0.145,0.561,0.0,0.002,
1760397496.147051,2025-10-13T18:18:16,16.3,82.6,1711.0,0.066,0.651,0.063,0.01,
1760397497.1772766,2025-10-13T18:18:17,14.4,82.6,1711.0,0.13,0.049,0.001,0.002,
1760397498.2131908,2025-10-13T18:18:18,15.4,82.6,1711.0,0.222,0.438,0.007,0.007,
1760397499.2517667,2025-10-13T18:18:19,15.5,82.6,1466.0,0.09,0.438,0.0,0.0,
1760397500.290257,2025-10-13T18:18:20,12.7,82.6,1711.0,0.131,0.414,0.004,0.002,
1760397501.33112,2025-10-13T18:18:21,14.1,82.6,1711.0,0.24,0.401,0.001,0.016,
1760397502.37298,2025-10-13T18:18:22,23.4,82.7,1711.0,0.532,0.709,0.014,0.007,
1760397503.4066136,2025-10-13T18:18:23,22.5,82.8,1711.0,0.503,0.52,0.015,0.043,
1760397504.4407587,2025-10-13T18:18:24,22.5,82.8,1711.0,0.258,0.782,0.008,0.005,
1760397505.4742117,2025-10-13T18:18:25,18.9,82.8,1711.0,0.169,0.672,0.005,0.002,
1760397506.51686,2025-10-13T18:18:26,14.7,82.8,1711.0,0.123,0.082,0.007,0.002,
1760397507.5317154,2025-10-13T18:18:27,15.0,82.8,1466.0,0.417,0.344,0.004,0.005,
1760397508.5809417,2025-10-13T18:18:28,15.8,82.8,1466.0,0.159,0.41,0.004,0.0,
1760397509.5963328,2025-10-13T18:18:29,15.3,82.8,1711.0,0.177,0.557,0.0,0.005,
1760397510.6337192,2025-10-13T18:18:30,15.1,82.7,1711.0,0.115,0.041,0.0,0.0,
1760397511.6820295,2025-10-13T18:18:31,14.8,82.7,1711.0,0.142,0.528,0.001,0.001,
1760397512.7186503,2025-10-13T18:18:32,14.2,82.5,1711.0,0.12,0.557,0.0,0.0,
1760397513.758278,2025-10-13T18:18:33,16.1,82.4,1711.0,0.207,0.426,0.004,0.006,
1760397514.7927756,2025-10-13T18:18:34,16.8,82.3,1711.0,0.056,0.0,0.0,0.0,
1760397515.8323853,2025-10-13T18:18:35,19.5,82.2,1711.0,0.137,1.253,0.001,0.001,
1760397516.8762019,2025-10-13T18:18:36,17.9,82.1,1711.0,0.025,1.315,0.009,0.009,
1760397517.9210494,2025-10-13T18:18:37,23.1,82.1,1711.0,0.16,4.874,0.001,0.001,
1760397518.9605582,2025-10-13T18:18:38,51.2,82.5,1711.0,0.033,1.163,0.0,0.0,
1760397519.9986827,2025-10-13T18:18:39,23.0,82.4,1711.0,0.459,1.642,0.0,0.0,
1760397521.0438793,2025-10-13T18:18:41,26.8,82.5,1711.0,0.537,5.554,0.033,0.016,
1760397522.0905433,2025-10-13T18:18:42,36.3,82.5,1711.0,0.18,7.197,0.001,0.006,
1760397523.1239052,2025-10-13T18:18:43,22.9,82.4,1711.0,0.037,2.114,0.0,0.001,
1760397524.1565917,2025-10-13T18:18:44,15.5,82.4,1711.0,0.426,0.528,0.0,0.001,
1760397525.1923702,2025-10-13T18:18:45,20.0,82.4,1711.0,0.193,1.651,0.002,0.001,
1760397526.2275138,2025-10-13T18:18:46,40.6,82.5,1711.0,0.188,1.29,0.02,0.018,
1760397527.242438,2025-10-13T18:18:47,41.1,82.7,1711.0,0.467,1.798,0.033,0.023,
1760397528.282094,2025-10-13T18:18:48,37.6,82.7,1711.0,1.286,1.065,0.102,0.008,
1760397529.31424,2025-10-13T18:18:49,29.4,82.6,1711.0,16.368,1.757,0.001,0.004,
1760397530.3564165,2025-10-13T18:18:50,23.6,82.5,1711.0,0.291,1.544,0.0,0.001,
1760397531.3967803,2025-10-13T18:18:51,23.8,82.5,1711.0,0.065,1.065,0.018,0.004,
1760397532.4334154,2025-10-13T18:18:52,20.5,82.5,1711.0,0.016,0.246,0.0,0.0,
1760397533.4632382,2025-10-13T18:18:53,19.7,82.5,1711.0,0.0,1.421,0.013,0.007,
1760397534.5023131,2025-10-13T18:18:54,21.2,82.6,1711.0,0.442,7.336,0.0,0.001,
1760397535.5417948,2025-10-13T18:18:55,25.8,82.0,1711.0,0.197,2.183,0.006,0.006,
1760397536.5778403,2025-10-13T18:18:56,19.6,82.1,1711.0,0.079,0.184,0.002,0.002,
1760397537.6131434,2025-10-13T18:18:57,23.8,82.0,1711.0,1.191,2.503,0.001,0.002,
1760397538.6301384,2025-10-13T18:18:58,20.8,82.0,1711.0,0.037,1.737,0.0,0.0,
1760397539.6447601,2025-10-13T18:18:59,19.6,82.0,1711.0,0.033,1.815,0.004,0.007,
1760397540.7053263,2025-10-13T18:19:00,20.8,82.0,1711.0,0.066,0.176,0.001,0.001,
1760397541.7344453,2025-10-13T18:19:01,48.6,82.3,1711.0,0.029,1.257,0.006,0.003,
1760397542.7665029,2025-10-13T18:19:02,28.1,82.2,1711.0,0.0,1.638,0.0,0.0,
1760397543.8101375,2025-10-13T18:19:03,28.7,82.3,1711.0,0.016,1.921,0.0,0.0,
1760397544.8425987,2025-10-13T18:19:04,21.3,82.4,1711.0,0.0,0.127,0.008,0.007,
1760397545.8781326,2025-10-13T18:19:05,22.9,82.4,1711.0,0.016,2.052,0.004,0.001,
1760397546.9152637,2025-10-13T18:19:06,18.7,82.4,1711.0,0.016,1.733,0.001,0.001,
1760397547.937574,2025-10-13T18:19:07,24.4,82.5,1711.0,0.057,1.79,0.028,0.022,
1760397548.9818537,2025-10-13T18:19:08,33.1,82.5,1711.0,0.066,0.086,0.0,0.0,
1760397550.0207162,2025-10-13T18:19:10,32.6,82.4,1711.0,0.303,1.454,0.0,0.0,
1760397551.0648255,2025-10-13T18:19:11,21.6,82.4,1711.0,0.106,1.286,0.017,0.0,
1760397552.1047542,2025-10-13T18:19:12,22.5,82.5,1711.0,0.016,1.217,0.019,0.004,
1760397553.134853,2025-10-13T18:19:13,28.7,82.4,1711.0,0.025,1.143,0.0,0.0,
1760397554.162624,2025-10-13T18:19:14,23.1,82.4,1711.0,0.0,0.086,0.0,0.0,
1760397555.201531,2025-10-13T18:19:15,21.6,82.4,1711.0,0.033,1.335,0.0,0.0,
1760397556.230681,2025-10-13T18:19:16,20.5,82.4,1711.0,0.0,1.319,0.007,0.003,
1760397557.2640328,2025-10-13T18:19:17,21.3,82.4,1466.0,0.0,1.294,0.001,0.001,
1760397558.2863827,2025-10-13T18:19:18,22.0,82.4,1711.0,0.0,0.143,0.0,0.0,
1760397559.3105052,2025-10-13T18:19:19,17.9,82.4,1711.0,0.066,1.409,0.005,0.001,
1760397560.3263774,2025-10-13T18:19:20,17.2,82.4,1711.0,0.016,0.856,0.0,0.001,
1760397561.3609967,2025-10-13T18:19:21,16.0,82.3,1711.0,0.0,0.131,0.001,0.001,
1760397562.4020865,2025-10-13T18:19:22,15.5,82.3,1711.0,0.0,0.115,0.011,0.002,
1760397563.4423296,2025-10-13T18:19:23,15.6,82.3,1711.0,0.0,0.094,0.0,0.0,
1760397564.474646,2025-10-13T18:19:24,15.1,82.3,1711.0,0.066,0.057,0.0,0.0,
1760397565.5082407,2025-10-13T18:19:25,14.8,82.3,1711.0,0.0,0.25,0.0,0.0,
1760397566.5426614,2025-10-13T18:19:26,16.8,82.3,1711.0,0.0,0.606,0.005,0.009,
1760397567.580474,2025-10-13T18:19:27,15.4,82.3,1711.0,0.0,0.143,0.0,0.0,
1760397568.6236494,2025-10-13T18:19:28,15.6,82.2,1711.0,0.0,0.258,0.005,0.002,
1760397569.6677842,2025-10-13T18:19:29,16.9,82.1,1711.0,0.0,0.205,0.0,0.004,
1760397570.705622,2025-10-13T18:19:30,15.7,82.2,1711.0,0.0,0.0,0.0,0.0,
1760397571.7450097,2025-10-13T18:19:31,15.2,82.2,1711.0,0.016,0.18,0.001,0.001,
1760397572.7842107,2025-10-13T18:19:32,16.1,82.1,1711.0,0.066,0.303,0.0,0.0,
1760397573.8255565,2025-10-13T18:19:33,15.5,82.1,1711.0,0.0,1.729,0.0,0.0,
1760397574.8632257,2025-10-13T18:19:34,16.0,81.8,1711.0,0.0,0.061,0.0,0.0,
1760397575.9087343,2025-10-13T18:19:35,15.3,81.8,1466.0,0.0,0.348,0.005,0.006,
1760397576.946497,2025-10-13T18:19:36,15.6,81.8,1711.0,0.0,0.139,0.001,0.001,
1760397577.9916494,2025-10-13T18:19:37,20.8,81.8,1711.0,0.016,0.479,0.0,0.0,
1760397579.0270884,2025-10-13T18:19:39,16.2,81.8,1711.0,0.0,0.205,0.001,0.002,
1760397580.0689797,2025-10-13T18:19:40,17.1,81.8,1711.0,0.0,0.0,0.001,0.001,
1760397581.1057863,2025-10-13T18:19:41,15.4,81.8,1711.0,0.0,0.082,0.001,0.001,
1760397582.1486917,2025-10-13T18:19:42,15.4,81.8,1711.0,0.0,0.139,0.001,0.0,
1760397583.1795144,2025-10-13T18:19:43,20.9,81.8,1711.0,0.119,0.225,0.0,0.0,
1760397584.2159734,2025-10-13T18:19:44,16.2,81.8,1711.0,0.0,0.012,0.006,0.001,
1760397585.2513752,2025-10-13T18:19:45,16.1,81.8,1711.0,0.033,0.209,0.0,0.0,
1760397586.2889512,2025-10-13T18:19:46,15.2,81.7,1711.0,0.0,0.094,0.0,0.0,
1760397587.327958,2025-10-13T18:19:47,15.5,81.7,1711.0,0.0,0.152,0.001,0.001,
1760397588.372035,2025-10-13T18:19:48,15.5,81.7,1711.0,0.0,0.0,0.0,0.0,
1760397589.411387,2025-10-13T18:19:49,16.5,81.7,1711.0,0.0,0.176,0.0,0.0,
1760397590.45696,2025-10-13T18:19:50,16.8,81.7,1711.0,0.0,0.156,0.0,0.001,
1760397591.4930024,2025-10-13T18:19:51,15.6,81.7,1711.0,0.0,0.25,0.008,0.006,
1760397592.5302963,2025-10-13T18:19:52,15.9,81.8,1711.0,0.0,0.0,0.001,0.003,
1760397593.5633368,2025-10-13T18:19:53,15.5,81.8,1711.0,0.0,0.164,0.005,0.006,
1760397594.5992062,2025-10-13T18:19:54,15.9,81.8,1711.0,0.0,0.061,0.0,0.0,
1760397595.6409738,2025-10-13T18:19:55,14.9,81.8,1711.0,0.0,0.188,0.0,0.0,
1760397596.6867018,2025-10-13T18:19:56,14.6,81.8,1711.0,0.0,0.0,0.001,0.001,
1760397597.7161825,2025-10-13T18:19:57,14.9,81.7,1711.0,0.0,0.057,0.0,0.0,
1760397598.7545536,2025-10-13T18:19:58,15.4,81.8,1711.0,0.016,0.373,0.0,0.001,
1760397599.7921197,2025-10-13T18:19:59,15.4,81.8,1711.0,0.0,0.233,0.0,0.004,
1760397600.8356564,2025-10-13T18:20:00,17.0,81.7,1711.0,0.0,0.086,0.0,0.0,
1760397601.8783774,2025-10-13T18:20:01,15.5,81.7,1711.0,0.0,0.09,0.001,0.001,
1760397602.9109154,2025-10-13T18:20:02,14.6,81.7,1711.0,0.0,0.066,0.0,0.0,
1760397603.9581983,2025-10-13T18:20:03,16.3,81.7,1711.0,0.0,0.143,0.0,0.0,
1760397604.9999402,2025-10-13T18:20:04,15.8,81.8,1711.0,0.0,0.061,0.0,0.0,
1760397606.0361896,2025-10-13T18:20:06,16.9,81.8,1711.0,0.0,0.135,0.0,0.0,
1760397607.0725255,2025-10-13T18:20:07,15.8,81.8,1711.0,0.0,0.111,0.011,0.009,
1760397608.102908,2025-10-13T18:20:08,17.9,81.8,1711.0,0.0,0.254,0.001,0.002,
1760397609.1373417,2025-10-13T18:20:09,15.8,81.8,1711.0,0.0,0.369,0.0,0.0,
1760397610.1709847,2025-10-13T18:20:10,15.1,81.8,1711.0,0.0,0.0,0.0,0.0,
1760397611.2077484,2025-10-13T18:20:11,16.7,81.8,1711.0,0.0,0.111,0.0,0.001,
1760397612.2478344,2025-10-13T18:20:12,17.2,81.8,1711.0,0.033,0.143,0.001,0.001,
1760397613.275834,2025-10-13T18:20:13,19.6,81.8,1711.0,0.106,0.164,0.0,0.0,
1760397614.3129349,2025-10-13T18:20:14,18.5,81.8,1711.0,0.0,0.0,0.0,0.0,
1760397615.3483555,2025-10-13T18:20:15,19.1,81.9,1711.0,0.033,0.258,0.0,0.0,
1760397616.3805876,2025-10-13T18:20:16,19.3,81.9,1711.0,0.0,0.233,0.0,0.001,
1760397617.4225845,2025-10-13T18:20:17,32.6,83.0,1711.0,0.401,0.188,0.047,0.006,
1760397618.4501357,2025-10-13T18:20:18,32.9,82.8,1711.0,0.0,0.0,0.004,0.001,
1760397619.4887855,2025-10-13T18:20:19,17.0,82.8,1711.0,0.0,0.115,0.009,0.005,
1760397620.5219922,2025-10-13T18:20:20,20.1,82.8,1711.0,0.016,0.295,0.02,0.001,
1760397621.555082,2025-10-13T18:20:21,24.3,82.9,1711.0,0.0,0.111,0.0,0.002,
1760397622.5844274,2025-10-13T18:20:22,31.9,83.0,1466.0,0.008,0.0,0.007,0.007,
1760397623.6193094,2025-10-13T18:20:23,43.4,83.2,1711.0,0.43,0.049,0.02,0.001,
1760397624.6422288,2025-10-13T18:20:24,30.4,83.3,1711.0,0.004,0.201,0.036,0.045,
1760397625.6749105,2025-10-13T18:20:25,26.1,83.4,1711.0,0.0,0.041,0.0,0.0,
1760397626.7075243,2025-10-13T18:20:26,36.3,83.4,1466.0,0.0,0.623,0.002,0.001,
1760397627.7379184,2025-10-13T18:20:27,17.6,83.3,1711.0,0.0,0.111,0.014,0.003,
1760397628.7738261,2025-10-13T18:20:28,18.9,83.3,1711.0,0.016,0.229,0.0,0.003,
1760397629.8187578,2025-10-13T18:20:29,26.4,83.3,1711.0,0.279,0.684,0.001,0.004,
1760397630.858357,2025-10-13T18:20:30,16.4,83.2,1711.0,0.0,0.061,0.0,0.0,
1760397631.8968887,2025-10-13T18:20:31,21.4,82.6,1711.0,0.0,0.098,0.017,0.009,
1760397632.926775,2025-10-13T18:20:32,30.9,82.6,1466.0,0.0,0.303,0.001,0.001,
1760397633.9527292,2025-10-13T18:20:33,19.9,82.6,1711.0,0.0,0.102,0.0,0.0,
1760397634.9903312,2025-10-13T18:20:34,17.2,82.6,1711.0,0.033,0.176,0.0,0.0,
1760397636.0309923,2025-10-13T18:20:36,18.1,82.5,1711.0,0.0,0.0,0.0,0.0,
1760397637.06336,2025-10-13T18:20:37,17.5,82.5,1711.0,0.049,0.287,0.0,0.0,
1760397638.1035202,2025-10-13T18:20:38,14.5,82.4,1711.0,0.0,0.09,0.001,0.001,
1760397639.133472,2025-10-13T18:20:39,18.3,82.4,1711.0,0.0,0.664,0.0,0.001,
1760397640.1653848,2025-10-13T18:20:40,17.4,82.4,1711.0,0.0,0.0,0.0,0.0,
1760397641.1991024,2025-10-13T18:20:41,15.5,82.2,1711.0,0.0,0.082,0.0,0.0,
1760397642.244745,2025-10-13T18:20:42,17.3,82.1,1711.0,0.008,0.238,0.0,0.0,
1760397643.2730548,2025-10-13T18:20:43,21.8,82.1,1711.0,0.041,0.061,0.007,0.006,
1760397644.3100996,2025-10-13T18:20:44,15.2,82.1,1711.0,0.0,0.233,0.0,0.0,
1760397645.3444536,2025-10-13T18:20:45,15.9,82.1,1711.0,0.033,0.455,0.004,0.001,
1760397646.38346,2025-10-13T18:20:46,16.1,82.1,1711.0,0.0,0.131,0.0,0.0,
1760397647.420434,2025-10-13T18:20:47,25.6,82.1,1711.0,0.0,0.393,0.002,0.001,
1760397648.4531994,2025-10-13T18:20:48,18.5,82.1,1711.0,0.0,0.0,0.006,0.007,
1760397649.4908133,2025-10-13T18:20:49,17.9,82.1,1711.0,0.0,0.152,0.0,0.0,
1760397650.5264986,2025-10-13T18:20:50,16.2,82.0,1711.0,0.0,0.098,0.0,0.0,
1760397651.5679312,2025-10-13T18:20:51,16.2,82.0,1711.0,0.0,0.033,0.0,0.0,
1760397652.6050258,2025-10-13T18:20:52,18.6,82.0,1711.0,0.0,0.111,0.0,0.0,
1760397653.6416943,2025-10-13T18:20:53,19.8,81.9,1711.0,0.016,0.168,0.001,0.001,
1760397654.6689668,2025-10-13T18:20:54,18.2,81.9,1711.0,0.131,0.598,0.0,0.001,
1760397655.701466,2025-10-13T18:20:55,15.7,81.9,1711.0,0.033,0.18,0.0,0.001,
1760397656.7408547,2025-10-13T18:20:56,15.6,81.9,1711.0,0.066,0.111,0.0,0.001,
1760397657.7824745,2025-10-13T18:20:57,17.6,81.8,1711.0,0.0,0.004,0.001,0.001,
1760397658.8182745,2025-10-13T18:20:58,15.5,81.8,1711.0,0.0,0.037,0.0,0.0,
1760397659.8588395,2025-10-13T18:20:59,16.9,81.8,1711.0,0.0,0.045,0.0,0.004,
1760397660.898266,2025-10-13T18:21:00,16.1,81.8,1711.0,0.0,0.135,0.0,0.0,
1760397661.9347107,2025-10-13T18:21:01,17.6,81.8,1711.0,0.0,0.0,0.0,0.0,
1760397662.9684515,2025-10-13T18:21:02,17.7,81.6,1711.0,0.0,0.188,0.001,0.001,
1760397663.9999833,2025-10-13T18:21:03,14.6,81.6,1711.0,0.0,0.041,0.0,0.0,
1760397665.0448322,2025-10-13T18:21:05,15.5,81.6,1711.0,0.0,0.164,0.0,0.001,
1760397666.0768423,2025-10-13T18:21:06,49.0,82.6,1711.0,0.066,0.0,0.007,0.007,
1760397667.1056557,2025-10-13T18:21:07,17.8,82.6,1711.0,0.0,0.057,0.0,0.0,
1760397668.1392725,2025-10-13T18:21:08,25.1,82.7,1711.0,0.016,0.197,0.001,0.001,
1760397669.2808833,2025-10-13T18:21:09,24.6,82.7,1711.0,0.0,0.09,0.006,0.074,
1760397670.3183126,2025-10-13T18:21:10,15.7,82.6,1711.0,0.0,0.0,0.0,0.0,
1760397671.3513815,2025-10-13T18:21:11,16.9,82.6,1711.0,0.0,0.074,0.0,0.0,
1760397672.3965259,2025-10-13T18:21:12,21.0,82.4,1711.0,0.016,0.168,0.0,0.001,
1760397673.4284697,2025-10-13T18:21:13,27.2,82.0,1711.0,0.041,1.581,0.001,0.001,
1760397674.462266,2025-10-13T18:21:14,19.4,82.0,1711.0,0.594,0.147,0.0,0.001,
1760397675.489933,2025-10-13T18:21:15,19.4,81.8,1711.0,0.0,0.127,0.0,0.001,
1760397676.5216475,2025-10-13T18:21:16,18.3,81.7,1711.0,0.0,0.086,0.0,0.0,
1760397677.5545444,2025-10-13T18:21:17,24.5,81.7,1711.0,0.0,0.135,0.0,0.0,
1760397678.5826204,2025-10-13T18:21:18,23.2,81.4,1711.0,0.07,0.135,0.005,0.006,
1760397679.6135235,2025-10-13T18:21:19,28.4,81.3,1711.0,0.0,0.029,0.0,0.0,
1760397680.6557233,2025-10-13T18:21:20,22.8,81.4,1711.0,0.016,0.545,0.004,0.008,
1760397681.6913922,2025-10-13T18:21:21,21.1,81.3,1711.0,0.508,18.6,0.0,0.001,
1760397682.7275414,2025-10-13T18:21:22,19.2,81.3,1711.0,0.0,0.356,0.0,0.0,
1760397683.7738364,2025-10-13T18:21:23,21.5,81.2,1711.0,0.0,0.057,0.001,0.001,
1760397684.81064,2025-10-13T18:21:24,18.3,81.2,1711.0,0.0,0.246,0.0,0.0,
1760397685.8496084,2025-10-13T18:21:25,21.4,81.2,1711.0,0.0,0.07,0.0,0.0,
1760397686.8842177,2025-10-13T18:21:26,17.3,81.2,1711.0,0.0,0.176,0.0,0.0,
1760397687.9177287,2025-10-13T18:21:27,24.7,81.4,1711.0,0.0,0.029,0.001,0.001,
1760397688.9384735,2025-10-13T18:21:28,16.4,81.4,1711.0,0.0,0.098,0.018,0.006,
1760397689.9791338,2025-10-13T18:21:29,21.6,81.4,1711.0,0.0,0.086,0.0,0.003,
1760397691.012276,2025-10-13T18:21:31,28.7,82.3,1711.0,0.066,0.139,0.001,0.001,
1760397692.0399573,2025-10-13T18:21:32,31.2,82.2,1711.0,0.0,0.205,0.0,0.0,
1760397693.072959,2025-10-13T18:21:33,20.1,82.2,1711.0,0.0,0.217,0.0,0.0,
1760397694.1031938,2025-10-13T18:21:34,22.7,82.3,1711.0,0.0,0.074,0.001,0.0,
1760397695.1372619,2025-10-13T18:21:35,20.0,82.2,1711.0,0.0,0.102,0.0,0.0,
1760397696.172628,2025-10-13T18:21:36,19.1,82.2,1711.0,0.0,0.0,0.0,0.0,
1760397697.2065465,2025-10-13T18:21:37,19.7,82.2,1711.0,0.0,0.082,0.0,0.0,
1760397698.2450159,2025-10-13T18:21:38,21.0,82.2,1711.0,0.185,0.242,0.001,0.016,
1760397699.27793,2025-10-13T18:21:39,29.9,82.2,1711.0,0.41,0.188,0.02,0.024,
1760397700.3067598,2025-10-13T18:21:40,43.4,81.8,1711.0,0.196,0.266,0.011,0.026,
1760397701.3368485,2025-10-13T18:21:41,40.4,81.5,1711.0,0.017,0.804,0.004,0.06,
1760397702.3699827,2025-10-13T18:21:42,30.5,81.3,1711.0,0.012,0.311,0.001,0.001,
1760397703.400676,2025-10-13T18:21:43,26.0,81.2,1711.0,0.086,0.348,0.001,0.015,
1760397704.4197736,2025-10-13T18:21:44,27.6,81.2,1711.0,0.055,0.985,0.004,0.218,
1760397705.4612558,2025-10-13T18:21:45,28.3,81.4,1711.0,0.041,0.532,0.008,0.16,
1760397706.4919126,2025-10-13T18:21:46,26.0,81.6,1711.0,0.305,0.479,0.003,0.112,
1760397707.5251794,2025-10-13T18:21:47,30.3,81.5,1711.0,0.2,0.299,0.001,0.035,
1760397708.5598853,2025-10-13T18:21:48,28.5,81.6,1711.0,0.098,0.755,0.004,0.194,
1760397709.5895972,2025-10-13T18:21:49,28.9,81.9,1711.0,0.149,0.206,0.034,0.304,
1760397710.6177154,2025-10-13T18:21:50,28.0,82.0,1711.0,0.082,0.713,0.003,0.314,
1760397711.6503236,2025-10-13T18:21:51,31.9,81.6,1711.0,0.299,0.582,0.009,0.04,
1760397712.6793246,2025-10-13T18:21:52,26.3,81.6,1711.0,0.001,0.275,0.004,0.075,
1760397713.7139862,2025-10-13T18:21:53,28.6,81.8,1711.0,0.209,0.402,0.002,0.203,
1760397714.7426033,2025-10-13T18:21:54,26.8,81.9,1711.0,0.261,0.676,0.009,0.15,
1760397715.7750936,2025-10-13T18:21:55,27.5,81.6,1711.0,0.001,1.103,0.003,0.166,
1760397716.8117347,2025-10-13T18:21:56,21.5,81.6,1711.0,0.231,0.419,0.017,0.006,
1760397717.8672583,2025-10-13T18:21:57,19.7,81.6,1711.0,0.0,0.004,0.009,0.002,
1760397718.9103308,2025-10-13T18:21:58,31.1,81.5,1711.0,0.0,0.238,0.001,0.002,
1760397719.9368992,2025-10-13T18:21:59,23.0,81.5,1711.0,0.0,0.324,0.0,0.003,
1760397720.9755154,2025-10-13T18:22:00,17.2,81.5,1711.0,0.0,0.201,0.0,0.0,
1760397722.0111778,2025-10-13T18:22:02,16.5,81.2,1711.0,0.0,0.0,0.0,0.0,
1760397723.0446925,2025-10-13T18:22:03,15.3,81.2,1711.0,0.0,0.254,0.0,0.0,
1760397724.0893059,2025-10-13T18:22:04,16.0,81.2,1711.0,0.0,0.102,0.001,0.001,
1760397725.138959,2025-10-13T18:22:05,16.2,81.2,1711.0,0.0,0.07,0.0,0.0,
1760397726.1769226,2025-10-13T18:22:06,21.3,80.9,1711.0,0.0,0.0,0.0,0.0,
1760397727.2143667,2025-10-13T18:22:07,19.6,80.9,1711.0,0.0,0.094,0.0,0.0,
1760397728.2533345,2025-10-13T18:22:08,18.9,80.9,1711.0,0.0,0.233,0.0,0.001,
1760397729.2916148,2025-10-13T18:22:09,19.2,80.9,1711.0,0.0,0.098,0.001,0.001,
1760397730.3257911,2025-10-13T18:22:10,19.0,80.9,1711.0,0.0,0.078,0.011,0.007,
1760397731.3618782,2025-10-13T18:22:11,19.9,80.9,1711.0,0.0,0.033,0.0,0.0,
1760397732.3960276,2025-10-13T18:22:12,36.7,80.8,1711.0,0.008,0.225,0.0,0.0,
1760397733.4251828,2025-10-13T18:22:13,29.7,80.8,1711.0,0.09,0.156,0.007,0.006,
1760397734.4546683,2025-10-13T18:22:14,18.6,80.8,1711.0,0.0,0.52,0.0,0.0,
1760397735.4966924,2025-10-13T18:22:15,35.4,80.9,1711.0,7.113,0.082,0.0,0.0,
1760397736.5335886,2025-10-13T18:22:16,26.6,80.9,1711.0,0.266,0.504,0.002,0.005,
1760397737.5765417,2025-10-13T18:22:17,44.8,81.1,1711.0,3.02,0.315,0.0,0.001,
1760397738.6039562,2025-10-13T18:22:18,28.9,81.2,1711.0,8.495,0.377,0.001,0.0,
1760397739.6447887,2025-10-13T18:22:19,36.6,81.2,1711.0,0.557,0.238,0.022,0.011,
1760397740.6818647,2025-10-13T18:22:20,34.2,81.6,1711.0,2.341,0.41,0.013,0.011,
1760397741.712123,2025-10-13T18:22:21,21.1,81.7,1711.0,0.066,0.438,0.002,0.004,
1760397742.7481227,2025-10-13T18:22:22,19.7,81.6,1711.0,0.4,0.557,0.016,0.016,
1760397743.776741,2025-10-13T18:22:23,25.5,81.6,1711.0,1.262,0.201,0.009,0.012,
1760397744.8047698,2025-10-13T18:22:24,28.2,81.6,1711.0,18.981,0.893,0.0,0.0,
1760397745.8355353,2025-10-13T18:22:25,45.6,84.4,1711.0,95.228,0.279,0.0,0.0,
1760397746.8639286,2025-10-13T18:22:26,40.4,84.6,1711.0,4.211,0.332,0.001,0.0,
1760397747.8957684,2025-10-13T18:22:27,43.5,84.3,1711.0,1.118,0.0,0.005,0.006,
1760397748.9245398,2025-10-13T18:22:28,37.9,83.7,1711.0,0.369,6.742,0.001,0.002,
1760397749.9538314,2025-10-13T18:22:29,33.5,83.4,1711.0,0.729,0.139,0.0,0.003,
1760397750.9887242,2025-10-13T18:22:30,27.6,83.5,1711.0,0.066,0.291,0.001,0.0,
1760397752.0301545,2025-10-13T18:22:32,31.4,84.2,1711.0,0.0,0.098,0.025,0.012,
1760397753.0595963,2025-10-13T18:22:33,43.6,84.8,1711.0,0.0,0.238,0.003,0.004,
1760397754.0912282,2025-10-13T18:22:34,39.1,84.6,1711.0,0.066,0.18,0.001,0.001,
1760397755.1196363,2025-10-13T18:22:35,29.6,84.5,1711.0,0.188,0.086,0.0,0.0,
1760397756.1449342,2025-10-13T18:22:36,30.9,84.3,1711.0,1.705,0.0,0.007,0.007,
1760397757.1824386,2025-10-13T18:22:37,19.3,84.2,1711.0,0.0,0.213,0.0,0.0,
1760397758.21679,2025-10-13T18:22:38,23.2,84.5,1711.0,0.049,0.77,0.004,0.006,
1760397759.2538126,2025-10-13T18:22:39,16.8,84.5,1711.0,0.0,0.299,0.001,0.001,
1760397760.2857602,2025-10-13T18:22:40,18.5,84.4,1711.0,0.016,0.537,0.004,0.001,
1760397761.314978,2025-10-13T18:22:41,19.9,84.4,1711.0,0.0,0.188,0.003,0.006,
1760397762.341697,2025-10-13T18:22:42,21.8,84.4,1711.0,0.037,0.188,0.0,0.0,
1760397763.3714375,2025-10-13T18:22:43,21.9,84.3,1711.0,0.225,0.291,0.0,0.0,
1760397764.4093463,2025-10-13T18:22:44,16.4,84.3,1711.0,0.0,1.13,0.015,0.002,
1760397765.4440143,2025-10-13T18:22:45,48.0,84.3,1711.0,1.816,0.324,0.0,0.001,
1760397766.4736617,2025-10-13T18:22:46,20.8,84.0,1711.0,0.0,0.225,0.0,0.0,
1760397767.5049906,2025-10-13T18:22:47,19.0,83.9,1711.0,0.0,0.156,0.0,0.0,
1760397768.540409,2025-10-13T18:22:48,20.0,83.9,1711.0,0.066,0.385,0.003,0.0,
1760397769.5826895,2025-10-13T18:22:49,18.9,83.9,1711.0,0.147,0.299,0.011,0.014,
1760397770.6258502,2025-10-13T18:22:50,32.7,84.2,1711.0,1.57,0.446,0.003,0.001,
1760397771.8193336,2025-10-13T18:22:51,34.9,84.2,1711.0,0.0,0.528,0.017,0.036,
1760397772.8593671,2025-10-13T18:22:52,31.0,84.2,1711.0,0.082,0.561,0.002,0.002,
1760397773.8940618,2025-10-13T18:22:53,23.5,84.3,1711.0,0.098,0.332,0.011,0.009,
1760397774.9367146,2025-10-13T18:22:54,19.0,84.3,1711.0,0.0,0.811,0.005,0.007,
1760397775.9744453,2025-10-13T18:22:55,20.4,84.3,1711.0,0.0,0.229,0.006,0.006,
1760397777.0062184,2025-10-13T18:22:57,20.4,84.3,1711.0,0.0,0.238,0.001,0.001,
1760397778.0377247,2025-10-13T18:22:58,35.0,84.3,1711.0,0.225,0.168,0.015,0.011,
1760397779.0852165,2025-10-13T18:22:59,23.9,84.4,1711.0,0.266,0.205,0.004,0.038,
1760397780.121728,2025-10-13T18:23:00,23.5,84.3,1711.0,0.033,1.135,0.002,0.003,
1760397781.162961,2025-10-13T18:23:01,19.8,84.2,1711.0,0.0,0.233,0.006,0.006,
1760397782.1900961,2025-10-13T18:23:02,36.9,84.2,1711.0,0.0,0.197,0.002,0.006,
1760397783.2199032,2025-10-13T18:23:03,20.9,84.0,1711.0,0.033,0.0,0.0,0.0,
1760397784.2557492,2025-10-13T18:23:04,16.8,84.0,1711.0,0.0,0.152,0.001,0.001,
1760397785.277208,2025-10-13T18:23:05,16.1,83.9,1711.0,0.0,0.106,0.0,0.0,
1760397786.3113232,2025-10-13T18:23:06,18.3,83.8,1711.0,0.0,0.291,0.0,0.0,
1760397787.3431077,2025-10-13T18:23:07,21.1,83.7,1711.0,0.104,0.0,0.0,0.0,
1760397788.3846025,2025-10-13T18:23:08,18.7,83.7,1711.0,0.016,0.59,0.0,0.0,
1760397789.4059072,2025-10-13T18:23:09,19.1,83.8,1711.0,0.016,0.446,0.001,0.001,
1760397790.4315507,2025-10-13T18:23:10,20.3,83.8,1711.0,0.115,0.319,0.006,0.01,
1760397791.4671812,2025-10-13T18:23:11,18.9,83.7,1711.0,0.0,0.139,0.001,0.001,
1760397792.5009067,2025-10-13T18:23:12,19.0,83.8,1711.0,0.43,1.593,0.008,0.017,
1760397793.5344815,2025-10-13T18:23:13,19.2,83.8,1711.0,0.066,0.238,0.0,0.0,
1760397794.567873,2025-10-13T18:23:14,18.6,83.9,1711.0,0.049,0.95,0.001,0.001,
1760397795.6067123,2025-10-13T18:23:15,20.2,83.8,1711.0,0.033,0.287,0.0,0.002,
1760397796.6369498,2025-10-13T18:23:16,17.2,83.8,1711.0,0.377,0.393,0.0,0.001,
1760397797.6697862,2025-10-13T18:23:17,20.5,83.8,1711.0,0.0,0.279,0.0,0.0,
1760397798.7105396,2025-10-13T18:23:18,21.3,83.9,1466.0,0.049,0.483,0.0,0.001,
1760397799.7304573,2025-10-13T18:23:19,34.3,84.0,1711.0,0.049,0.283,0.005,0.008,
1760397800.7677827,2025-10-13T18:23:20,23.5,84.0,1711.0,0.418,0.332,0.0,0.001,
1760397801.8014336,2025-10-13T18:23:21,22.9,84.0,1711.0,0.016,0.43,0.007,0.007,
1760397802.831691,2025-10-13T18:23:22,24.9,84.0,1711.0,0.0,0.36,0.005,0.005,
1760397803.872155,2025-10-13T18:23:23,26.1,84.0,1711.0,0.0,0.168,0.003,0.003,
1760397804.9185047,2025-10-13T18:23:24,25.9,84.2,1711.0,7.843,0.41,0.001,0.007,
1760397805.957331,2025-10-13T18:23:25,19.1,84.2,1711.0,0.229,0.451,0.0,0.0,
1760397807.0216937,2025-10-13T18:23:27,18.2,84.2,1711.0,0.0,0.287,0.011,0.011,
1760397808.0589504,2025-10-13T18:23:28,32.8,84.0,1711.0,0.016,0.307,0.0,0.0,
1760397809.09607,2025-10-13T18:23:29,32.7,84.1,1711.0,0.0,0.176,0.0,0.002,
1760397810.1374426,2025-10-13T18:23:30,21.5,84.1,1711.0,0.033,1.262,0.001,0.003,
1760397811.1765323,2025-10-13T18:23:31,21.4,84.0,1711.0,0.066,0.561,0.001,0.001,
1760397812.2304714,2025-10-13T18:23:32,17.5,84.0,1711.0,0.0,0.246,0.0,0.0,
1760397813.2600844,2025-10-13T18:23:33,20.0,84.0,1711.0,0.0,0.037,0.0,0.0,
1760397814.2900186,2025-10-13T18:23:34,23.5,84.1,1711.0,0.0,0.451,0.0,0.0,
1760397815.3236961,2025-10-13T18:23:35,19.2,83.8,1711.0,0.016,0.299,0.001,0.001,
1760397816.3606336,2025-10-13T18:23:36,18.2,83.8,1466.0,0.0,0.299,0.008,0.007,
1760397817.3764646,2025-10-13T18:23:37,18.3,83.8,1711.0,0.0,0.0,0.0,0.0,
1760397818.4249437,2025-10-13T18:23:38,16.3,83.8,1711.0,0.016,0.356,0.0,0.0,
1760397819.480874,2025-10-13T18:23:39,18.3,83.4,1711.0,0.0,0.27,0.001,0.0,
1760397820.5153685,2025-10-13T18:23:40,23.5,83.6,1711.0,0.09,0.319,0.0,0.0,
1760397821.5644698,2025-10-13T18:23:41,18.9,83.6,1711.0,0.066,0.045,0.0,0.0,
1760397822.6040976,2025-10-13T18:23:42,24.3,83.6,1711.0,0.078,0.52,0.0,0.0,
1760397823.6345751,2025-10-13T18:23:43,25.1,83.6,1711.0,0.045,0.274,0.0,0.001,
1760397824.6828418,2025-10-13T18:23:44,35.5,83.9,1711.0,0.0,0.397,0.001,0.001,
1760397825.727279,2025-10-13T18:23:45,22.5,83.9,1711.0,0.0,0.156,0.013,0.008,
1760397826.7624419,2025-10-13T18:23:46,18.4,83.8,1711.0,0.0,0.954,0.024,0.024,
1760397827.796767,2025-10-13T18:23:47,20.1,83.8,1711.0,0.0,0.262,0.0,0.0,
1760397828.8274133,2025-10-13T18:23:48,25.6,83.9,1711.0,0.825,0.176,0.0,0.0,
1760397829.862329,2025-10-13T18:23:49,31.7,83.9,1711.0,0.143,0.434,0.001,0.001,
1760397830.902733,2025-10-13T18:23:50,26.7,84.1,1466.0,0.615,0.045,0.01,0.007,
1760397831.9177272,2025-10-13T18:23:51,23.1,84.1,1711.0,2.08,0.676,0.012,0.037,
1760397832.9506927,2025-10-13T18:23:52,24.1,84.0,1711.0,0.496,0.815,0.005,0.004,
1760397833.9889913,2025-10-13T18:23:53,52.2,89.6,1711.0,1.049,40.493,0.005,0.005,System Idle Process cpu=1256.6% mem=0.0% (pid=0); OneDrive.exe cpu=186.3% mem=2.2% (pid=20416); Taskmgr.exe cpu=21.7% mem=0.6% (pid=28296)
1760397838.2450242,2025-10-13T18:23:58,99.7,92.0,1711.0,0.594,34.333,0.008,0.008,OneDrive.exe cpu=155.8% mem=2.3% (pid=20416); System cpu=90.6% mem=0.0% (pid=4); python.exe cpu=88.2% mem=0.2% (pid=30436)
1760397841.8080504,2025-10-13T18:24:01,99.0,92.3,1711.0,0.197,17.961,0.001,0.006,OneDrive.exe cpu=148.0% mem=2.3% (pid=20416); python.exe cpu=87.5% mem=1.7% (pid=4972); python.exe cpu=84.5% mem=0.2% (pid=22560)
1760397845.618343,2025-10-13T18:24:05,99.2,92.2,1711.0,0.279,21.176,0.001,0.001,OneDrive.exe cpu=161.0% mem=2.3% (pid=20416); python.exe cpu=88.5% mem=2.7% (pid=4972); python.exe cpu=88.5% mem=0.2% (pid=10864)
1760397849.1380277,2025-10-13T18:24:09,98.8,91.8,1711.0,0.262,16.884,0.006,0.004,OneDrive.exe cpu=154.5% mem=2.3% (pid=20416); python.exe cpu=87.0% mem=0.2% (pid=31540); python.exe cpu=81.6% mem=0.2% (pid=10864)
1760397852.420815,2025-10-13T18:24:12,98.4,92.0,1711.0,0.016,10.428,0.001,0.001,OneDrive.exe cpu=151.9% mem=2.3% (pid=20416); python.exe cpu=91.7% mem=1.9% (pid=4972); python.exe cpu=91.3% mem=3.2% (pid=20704)
1760397856.0909467,2025-10-13T18:24:16,99.0,91.6,1711.0,0.09,13.795,0.001,0.001,OneDrive.exe cpu=149.9% mem=2.3% (pid=20416); python.exe cpu=91.2% mem=3.2% (pid=20704); python.exe cpu=87.6% mem=2.7% (pid=4972)
1760397859.424565,2025-10-13T18:24:19,98.8,92.0,1711.0,0.016,8.02,0.005,0.002,OneDrive.exe cpu=147.6% mem=2.3% (pid=20416); python.exe cpu=94.1% mem=0.2% (pid=25892); python.exe cpu=88.1% mem=0.2% (pid=20800)
1760397863.1804214,2025-10-13T18:24:23,99.2,90.7,1711.0,0.513,15.192,0.013,0.01,OneDrive.exe cpu=166.6% mem=2.3% (pid=20416); python.exe cpu=66.8% mem=0.2% (pid=3920); python.exe cpu=56.5% mem=0.4% (pid=29004)
1760397866.8382514,2025-10-13T18:24:26,58.2,83.0,1711.0,0.102,0.782,0.009,0.008,
1760397867.8690028,2025-10-13T18:24:27,16.2,83.0,1711.0,0.004,0.066,0.0,0.0,
1760397868.9041607,2025-10-13T18:24:28,16.8,83.0,1711.0,0.0,0.0,0.0,0.002,
1760397869.9402747,2025-10-13T18:24:29,17.8,83.0,1711.0,0.004,0.106,0.001,0.003,
1760397870.975139,2025-10-13T18:24:30,21.6,83.0,1711.0,0.0,0.0,0.0,0.0,
1760397872.0106676,2025-10-13T18:24:32,18.0,82.9,1711.0,0.213,0.0,0.0,0.0,
1760397873.0464802,2025-10-13T18:24:33,17.3,82.9,1711.0,0.004,0.102,0.0,0.0,
1760397874.0818212,2025-10-13T18:24:34,17.7,82.9,1711.0,0.0,0.045,0.0,0.014,
1760397875.11217,2025-10-13T18:24:35,27.9,82.9,1711.0,0.84,0.164,0.016,0.011,
1760397876.1417372,2025-10-13T18:24:36,25.5,83.0,1711.0,0.008,0.082,0.009,0.052,
1760397877.1698277,2025-10-13T18:24:37,25.1,83.0,1711.0,0.0,0.0,0.0,0.0,
1760397878.2038321,2025-10-13T18:24:38,27.9,82.9,1711.0,0.0,1.073,0.0,0.0,
1760397879.243085,2025-10-13T18:24:39,19.2,83.0,1711.0,0.016,0.979,0.0,0.0,
1760397880.274995,2025-10-13T18:24:40,16.4,83.0,1711.0,0.004,0.102,0.001,0.001,
1760397881.310989,2025-10-13T18:24:41,19.6,83.0,1711.0,0.004,0.074,0.009,0.005,
1760397882.34959,2025-10-13T18:24:42,17.4,83.0,1711.0,0.0,0.0,0.0,0.0,
1760397883.39057,2025-10-13T18:24:43,17.7,82.9,1711.0,0.111,0.098,0.0,0.001,
1760397884.4196377,2025-10-13T18:24:44,17.8,82.9,1711.0,0.037,0.131,0.0,0.001,
1760397885.4534814,2025-10-13T18:24:45,18.5,82.9,1711.0,0.0,0.094,0.001,0.001,
1760397886.5139844,2025-10-13T18:24:46,21.7,82.9,1711.0,0.066,0.045,0.0,0.0,
1760397887.547641,2025-10-13T18:24:47,23.5,82.9,1711.0,0.295,2.556,0.0,0.0,
1760397888.5748262,2025-10-13T18:24:48,17.1,82.8,1711.0,0.004,1.311,0.0,0.0,
1760397889.6074038,2025-10-13T18:24:49,18.4,82.8,1711.0,0.0,0.188,0.0,0.0,
1760397890.6437488,2025-10-13T18:24:50,15.8,82.9,1711.0,0.0,0.324,0.001,0.0,
1760397891.6780527,2025-10-13T18:24:51,22.0,82.8,1711.0,0.016,0.459,0.0,0.016,
1760397892.7154038,2025-10-13T18:24:52,27.1,82.9,1711.0,0.014,1.018,0.008,0.542,
1760397893.7448802,2025-10-13T18:24:53,31.6,83.0,1711.0,0.041,0.262,0.004,0.134,
1760397894.7752845,2025-10-13T18:24:54,25.9,83.1,1711.0,0.016,0.668,0.003,0.086,
1760397895.807001,2025-10-13T18:24:55,28.3,83.1,1711.0,0.142,0.767,0.007,0.15,
1760397896.8355756,2025-10-13T18:24:56,17.9,83.1,1711.0,0.037,0.451,0.0,0.0,
1760397897.8676102,2025-10-13T18:24:57,17.7,83.1,1711.0,0.0,0.123,0.0,0.001,
1760397898.9049187,2025-10-13T18:24:58,18.1,83.1,1711.0,0.0,0.524,0.018,0.009,
1760397899.940454,2025-10-13T18:24:59,17.6,83.1,1711.0,0.0,0.467,0.001,0.004,
1760397900.9746215,2025-10-13T18:25:00,19.4,83.1,1711.0,0.639,0.274,0.0,0.0,
1760397902.0120537,2025-10-13T18:25:02,18.2,83.1,1711.0,0.0,0.348,0.0,0.001,
1760397903.0531435,2025-10-13T18:25:03,17.4,83.1,1711.0,0.0,0.41,0.0,0.0,
1760397904.087567,2025-10-13T18:25:04,23.9,83.1,1711.0,0.0,0.336,0.0,0.0,
1760397905.1187577,2025-10-13T18:25:05,27.2,83.2,1711.0,0.0,0.389,0.001,0.001,
1760397906.1495206,2025-10-13T18:25:06,27.5,83.3,1711.0,0.049,0.053,0.0,0.001,
1760397907.1801887,2025-10-13T18:25:07,20.7,83.2,1711.0,0.0,0.287,0.0,0.0,
1760397908.210687,2025-10-13T18:25:08,24.9,83.3,1711.0,0.045,0.492,0.009,0.005,
1760397909.244307,2025-10-13T18:25:09,17.6,83.3,1711.0,0.0,0.328,0.0,0.003,
1760397910.2767334,2025-10-13T18:25:10,16.2,83.3,1711.0,0.0,0.487,0.001,0.001,
1760397911.2998838,2025-10-13T18:25:11,15.9,83.3,1711.0,0.0,0.049,0.0,0.0,
1760397912.337569,2025-10-13T18:25:12,20.2,83.1,1711.0,0.0,0.422,0.0,0.0,
1760397913.3797069,2025-10-13T18:25:13,20.2,83.1,1711.0,0.049,0.381,0.0,0.0,
1760397914.4174006,2025-10-13T18:25:14,19.9,83.2,1711.0,0.049,0.831,0.0,0.0,
1760397915.453374,2025-10-13T18:25:15,18.0,83.2,1711.0,0.029,0.0,0.001,0.001,
1760397916.495492,2025-10-13T18:25:16,16.9,83.2,1711.0,0.0,0.426,0.0,0.0,
1760397917.5408394,2025-10-13T18:25:17,17.6,83.2,1711.0,0.016,0.52,0.0,0.0,
1760397918.5823798,2025-10-13T18:25:18,17.9,83.2,1711.0,0.0,0.61,0.009,0.005,
1760397919.6255355,2025-10-13T18:25:19,17.1,83.2,1711.0,0.0,0.082,0.0,0.0,
1760397920.6614826,2025-10-13T18:25:20,23.2,83.2,1711.0,0.0,0.43,0.001,0.001,
1760397921.6990952,2025-10-13T18:25:21,19.2,83.1,1711.0,0.066,0.324,0.0,0.001,
1760397922.7310836,2025-10-13T18:25:22,27.6,83.1,1711.0,0.0,0.344,0.0,0.0,
1760397923.767915,2025-10-13T18:25:23,22.7,83.1,1711.0,0.025,0.156,0.0,0.0,
1760397924.8020515,2025-10-13T18:25:24,23.1,83.1,1711.0,0.016,0.389,0.0,0.0,
1760397925.8389676,2025-10-13T18:25:25,21.3,83.1,1711.0,0.004,0.512,0.001,0.001,
1760397926.8743083,2025-10-13T18:25:26,20.2,83.1,1711.0,0.016,0.283,0.006,0.007,
1760397927.9096768,2025-10-13T18:25:27,21.0,83.1,1711.0,0.0,0.0,0.0,0.0,
1760397928.9429295,2025-10-13T18:25:28,20.9,83.1,1711.0,0.016,0.573,0.0,0.001,
1760397929.984263,2025-10-13T18:25:29,21.8,83.1,1711.0,0.061,1.139,0.001,0.004,
1760397931.0185108,2025-10-13T18:25:31,21.4,83.1,1711.0,0.16,2.933,0.008,0.008,
1760397932.0584483,2025-10-13T18:25:32,17.4,83.1,1711.0,0.0,7.688,0.0,0.0,
1760397933.1021748,2025-10-13T18:25:33,18.5,83.1,1711.0,0.0,0.201,0.0,0.0,
1760397934.1459017,2025-10-13T18:25:34,21.0,83.1,1711.0,0.0,0.16,0.0,0.0,
1760397935.180943,2025-10-13T18:25:35,19.7,83.2,1711.0,0.004,0.201,0.001,0.001,
1760397936.2156944,2025-10-13T18:25:36,17.8,83.2,1711.0,0.0,0.164,0.0,0.0,
1760397937.2540593,2025-10-13T18:25:37,15.9,83.2,1711.0,0.0,0.0,0.0,0.0,
1760397938.2917137,2025-10-13T18:25:38,19.1,83.2,1711.0,0.0,0.143,0.0,0.0,
1760397939.3316891,2025-10-13T18:25:39,17.1,83.2,1711.0,0.0,0.168,0.0,0.0,
1760397940.3689594,2025-10-13T18:25:40,16.6,83.2,1711.0,0.02,0.233,0.001,0.001,
1760397941.4106524,2025-10-13T18:25:41,17.0,83.2,1711.0,0.0,0.111,0.0,0.0,
1760397942.465962,2025-10-13T18:25:42,22.2,83.2,1711.0,0.508,0.324,0.001,0.001,
1760397943.5825377,2025-10-13T18:25:43,34.3,83.3,1711.0,3.539,0.352,0.033,0.299,
1760397944.6156223,2025-10-13T18:25:44,38.3,84.2,1711.0,3.787,2.114,0.006,0.008,
1760397945.6576242,2025-10-13T18:25:45,25.6,84.4,1711.0,0.869,0.709,0.001,0.001,
1760397946.6853504,2025-10-13T18:25:46,26.6,84.2,1466.0,0.061,1.905,0.0,0.0,
1760397947.7162035,2025-10-13T18:25:47,25.6,84.1,1711.0,0.131,0.418,0.037,0.007,
1760397948.7526789,2025-10-13T18:25:48,18.8,84.1,1711.0,0.0,0.303,0.0,0.0,
1760397949.7894166,2025-10-13T18:25:49,17.3,84.0,1711.0,0.0,0.242,0.0,0.0,
1760397950.8244812,2025-10-13T18:25:50,16.7,84.0,1711.0,0.0,0.049,0.001,0.001,
1760397951.8648424,2025-10-13T18:25:51,17.3,84.1,1711.0,0.0,0.52,0.004,0.008,
1760397952.9010892,2025-10-13T18:25:52,18.4,84.1,1711.0,0.049,0.283,0.0,0.001,
1760397953.9381335,2025-10-13T18:25:53,18.4,84.0,1711.0,0.0,0.385,0.0,0.0,
1760397954.977925,2025-10-13T18:25:54,16.4,84.1,1711.0,0.434,1.294,0.0,0.0,
1760397956.0207188,2025-10-13T18:25:56,16.1,84.1,1711.0,0.0,0.246,0.001,0.001,
1760397957.060343,2025-10-13T18:25:57,18.0,84.1,1711.0,0.0,0.537,0.0,0.0,
1760397958.0963268,2025-10-13T18:25:58,18.8,84.1,1711.0,0.0,0.528,0.008,0.01,
1760397959.1185532,2025-10-13T18:25:59,16.7,84.1,1711.0,0.0,0.197,0.0,0.002,
1760397960.134485,2025-10-13T18:26:00,16.3,84.1,1711.0,0.0,0.328,0.001,0.003,
1760397961.1771793,2025-10-13T18:26:01,17.1,84.1,1711.0,0.0,0.319,0.0,0.0,
1760397962.2169118,2025-10-13T18:26:02,18.1,84.1,1711.0,0.0,0.385,0.0,0.0,
1760397963.2532403,2025-10-13T18:26:03,19.6,84.1,1711.0,0.012,0.516,0.017,0.02,
1760397964.2943149,2025-10-13T18:26:04,18.3,84.1,1711.0,0.033,0.565,0.002,0.008,
1760397965.3287814,2025-10-13T18:26:05,19.3,84.1,1711.0,0.0,0.651,0.001,0.001,
1760397966.3638222,2025-10-13T18:26:06,21.6,84.2,1711.0,0.016,0.287,0.0,0.0,
1760397967.4022923,2025-10-13T18:26:07,21.2,84.2,1711.0,0.0,0.147,0.0,0.0,
1760397968.443026,2025-10-13T18:26:08,25.0,84.2,1711.0,0.066,0.647,0.007,0.009,
1760397969.4730396,2025-10-13T18:26:09,37.5,84.3,1711.0,0.082,1.184,0.006,0.072,
1760397970.5047944,2025-10-13T18:26:10,22.0,84.4,1711.0,0.066,0.52,0.001,0.001,
1760397971.5506134,2025-10-13T18:26:11,19.7,84.3,1711.0,0.0,0.0,0.0,0.0,
1760397972.591496,2025-10-13T18:26:12,17.0,84.3,1711.0,0.004,0.471,0.134,0.01,
1760397973.628846,2025-10-13T18:26:13,21.1,84.3,1711.0,0.147,0.655,0.0,0.0,
1760397974.664701,2025-10-13T18:26:14,20.8,84.3,1711.0,0.004,0.475,0.0,0.0,
1760397975.700767,2025-10-13T18:26:15,24.7,84.3,1711.0,0.066,1.278,0.013,0.014,
1760397976.7372625,2025-10-13T18:26:16,20.7,84.3,1711.0,0.0,0.0,0.0,0.0,
1760397977.7803273,2025-10-13T18:26:17,19.0,84.3,1711.0,0.016,0.549,0.0,0.0,
1760397978.8204513,2025-10-13T18:26:18,19.6,84.3,1711.0,0.0,0.532,0.0,0.0,
1760397979.859848,2025-10-13T18:26:19,18.9,84.3,1711.0,0.0,0.791,0.0,0.0,
1760397980.898421,2025-10-13T18:26:20,18.8,84.3,1711.0,0.0,0.0,0.001,0.001,
1760397981.9307766,2025-10-13T18:26:21,19.9,84.3,1711.0,0.0,0.385,0.0,0.001,
1760397982.9687948,2025-10-13T18:26:22,23.8,84.3,1711.0,0.0,0.418,0.0,0.0,
1760397984.0073092,2025-10-13T18:26:24,21.1,84.2,1711.0,0.0,0.385,0.0,0.0,
1760397985.0440786,2025-10-13T18:26:25,22.3,84.2,1711.0,0.0,0.0,0.0,0.0,
1760397986.0866735,2025-10-13T18:26:26,22.1,84.3,1711.0,0.369,1.13,0.002,0.001,
1760397987.1274676,2025-10-13T18:26:27,21.9,84.2,1711.0,0.0,0.692,0.001,0.001,
1760397988.1630576,2025-10-13T18:26:28,16.2,84.3,1711.0,0.0,0.598,0.001,0.001,
1760397989.1983368,2025-10-13T18:26:29,16.0,84.3,1711.0,0.0,0.246,0.005,0.009,
1760397990.238459,2025-10-13T18:26:30,18.0,84.3,1711.0,0.0,0.414,0.001,0.002,
1760397991.2753932,2025-10-13T18:26:31,16.0,84.2,1711.0,0.016,0.569,0.0,0.001,
1760397992.3069599,2025-10-13T18:26:32,21.2,84.2,1711.0,0.0,0.426,0.0,0.0,
1760397993.3446383,2025-10-13T18:26:33,19.6,84.2,1711.0,0.049,0.643,0.0,0.0,
1760397994.3831072,2025-10-13T18:26:34,17.7,84.2,1711.0,0.0,0.459,0.0,0.0,
1760397995.4186754,2025-10-13T18:26:35,19.1,84.2,1711.0,0.0,0.705,0.001,0.001,
1760397996.4600587,2025-10-13T18:26:36,22.1,84.2,1711.0,0.0,0.532,0.001,0.001,
1760397997.5059297,2025-10-13T18:26:37,26.4,84.4,1711.0,0.061,0.61,0.004,0.005,
1760397998.5457609,2025-10-13T18:26:38,18.9,84.3,1711.0,0.053,0.164,0.0,0.001,
1760397999.5932426,2025-10-13T18:26:39,18.8,84.3,1711.0,0.0,0.688,0.0,0.0,
1760398000.6522253,2025-10-13T18:26:40,18.9,84.3,1711.0,0.0,0.84,0.001,0.001,
1760398001.6823046,2025-10-13T18:26:41,38.0,84.1,1711.0,0.314,15.589,0.0,0.0,
1760398002.710469,2025-10-13T18:26:42,23.0,83.8,1466.0,0.012,0.233,0.0,0.0,
1760398003.7341306,2025-10-13T18:26:43,30.5,83.4,1711.0,0.086,0.852,0.0,0.0,
1760398004.767438,2025-10-13T18:26:44,24.0,83.0,1711.0,0.016,1.36,0.0,0.0,
1760398005.8020203,2025-10-13T18:26:45,23.4,82.7,1711.0,0.115,0.872,0.001,0.0,
1760398006.8337939,2025-10-13T18:26:46,44.6,86.4,1711.0,0.0,0.721,0.0,0.0,System Idle Process cpu=1260.9% mem=0.0% (pid=0); OneDrive.exe cpu=180.0% mem=2.3% (pid=20416); Taskmgr.exe cpu=39.6% mem=0.6% (pid=28296)
1760398012.218774,2025-10-13T18:26:52,98.8,91.2,1711.0,11.709,95.687,0.007,0.021,OneDrive.exe cpu=120.4% mem=2.3% (pid=20416); python.exe cpu=83.8% mem=0.2% (pid=19884); python.exe cpu=82.8% mem=0.2% (pid=21272)
1760398016.979723,2025-10-13T18:26:56,99.1,90.9,1711.0,1.065,35.099,0.004,0.005,OneDrive.exe cpu=103.3% mem=2.3% (pid=20416); python.exe cpu=87.1% mem=0.2% (pid=14820); python.exe cpu=86.3% mem=0.3% (pid=27660)
1760398021.6373622,2025-10-13T18:27:01,99.1,91.0,1711.0,0.082,18.321,0.024,0.096,OneDrive.exe cpu=151.2% mem=2.3% (pid=20416); python.exe cpu=87.5% mem=0.3% (pid=14500); python.exe cpu=84.9% mem=2.3% (pid=8220)
1760398025.1042612,2025-10-13T18:27:05,99.4,90.9,1711.0,0.037,15.217,0.0,0.001,OneDrive.exe cpu=139.1% mem=2.3% (pid=20416); python.exe cpu=88.7% mem=0.3% (pid=9772); python.exe cpu=86.6% mem=0.2% (pid=15656)
1760398028.8511162,2025-10-13T18:27:08,99.0,91.5,1711.0,0.302,13.951,0.031,0.069,OneDrive.exe cpu=164.1% mem=2.3% (pid=20416); python.exe cpu=86.0% mem=0.3% (pid=9772); python.exe cpu=81.2% mem=2.4% (pid=8220)
1760398032.2857256,2025-10-13T18:27:12,99.5,91.1,1711.0,0.057,7.942,0.018,0.227,OneDrive.exe cpu=141.8% mem=2.3% (pid=20416); python.exe cpu=89.9% mem=0.3% (pid=14164); python.exe cpu=89.0% mem=0.2% (pid=14120)
1760398036.103632,2025-10-13T18:27:16,98.9,91.6,1711.0,0.02,10.854,0.002,0.017,OneDrive.exe cpu=147.9% mem=2.3% (pid=20416); python.exe cpu=55.2% mem=0.3% (pid=29004); Taskmgr.exe cpu=32.7% mem=0.6% (pid=28296)
1760398039.9871616,2025-10-13T18:27:19,62.3,82.9,1711.0,0.342,0.821,0.01,0.235,
1760398041.0182586,2025-10-13T18:27:21,27.5,83.0,1711.0,0.202,0.051,0.007,0.053,
1760398042.057887,2025-10-13T18:27:22,28.6,83.1,1711.0,0.299,0.205,0.023,0.262,
1760398043.0940955,2025-10-13T18:27:23,20.8,83.0,1711.0,0.144,0.033,0.004,0.008,
1760398044.1308713,2025-10-13T18:27:24,21.6,83.0,1711.0,0.0,0.135,0.0,0.0,
1760398045.15893,2025-10-13T18:27:25,18.4,83.0,1711.0,0.0,0.106,0.0,0.0,
1760398046.1981535,2025-10-13T18:27:26,17.1,83.0,1711.0,0.066,0.037,0.001,0.001,
1760398047.2394867,2025-10-13T18:27:27,15.3,82.9,1711.0,0.0,0.0,0.0,0.0,
1760398048.2791343,2025-10-13T18:27:28,17.9,82.9,1711.0,0.0,0.09,0.0,0.001,
1760398049.3133051,2025-10-13T18:27:29,21.4,83.0,1711.0,0.0,0.377,0.0,0.004,
1760398050.3420234,2025-10-13T18:27:30,26.3,83.1,1711.0,0.168,0.057,0.0,0.001,
1760398051.37497,2025-10-13T18:27:31,24.2,83.2,1711.0,0.082,1.327,0.001,0.001,
1760398052.4143786,2025-10-13T18:27:32,39.8,83.5,1466.0,0.221,1.049,0.012,0.01,
1760398053.4424691,2025-10-13T18:27:33,26.1,83.5,1711.0,0.0,1.532,0.0,0.0,
1760398054.477024,2025-10-13T18:27:34,21.8,83.5,1711.0,0.0,0.066,0.001,0.0,
1760398055.513567,2025-10-13T18:27:35,21.8,83.4,1711.0,0.0,0.909,0.003,0.006,
1760398056.5424514,2025-10-13T18:27:36,22.6,83.3,1711.0,0.131,0.045,0.001,0.001,
1760398057.572907,2025-10-13T18:27:37,20.0,83.3,1711.0,0.0,0.34,0.0,0.001,
1760398058.6096833,2025-10-13T18:27:38,34.8,83.1,1711.0,0.0,0.061,0.0,0.0,
1760398059.6376705,2025-10-13T18:27:39,23.9,83.1,1711.0,0.016,0.655,0.008,0.006,
1760398060.6748428,2025-10-13T18:27:40,21.4,83.1,1711.0,0.049,0.041,0.001,0.003,
1760398061.7121775,2025-10-13T18:27:41,19.6,83.1,1711.0,0.0,0.246,0.001,0.001,
1760398062.7466793,2025-10-13T18:27:42,22.7,83.2,1711.0,0.545,0.16,0.005,0.005,
1760398063.7879858,2025-10-13T18:27:43,22.3,83.2,1711.0,0.315,3.748,0.0,0.0,
1760398064.8270159,2025-10-13T18:27:44,21.8,83.2,1711.0,0.123,0.606,0.0,0.0,
1760398065.8685317,2025-10-13T18:27:45,22.4,83.2,1711.0,0.016,0.602,0.0,0.0,
1760398066.9111078,2025-10-13T18:27:46,21.1,83.2,1711.0,0.033,0.045,0.001,0.001,
1760398067.948755,2025-10-13T18:27:47,22.5,83.2,1711.0,0.066,0.324,0.0,0.001,
1760398068.9868014,2025-10-13T18:27:48,26.6,83.2,1711.0,0.295,2.478,0.0,0.0,
1760398070.0265706,2025-10-13T18:27:50,24.1,83.2,1711.0,0.082,5.808,0.0,0.0,
1760398071.0596445,2025-10-13T18:27:51,35.5,83.4,1711.0,0.671,1.049,0.037,0.04,
1760398072.08974,2025-10-13T18:27:52,40.3,83.4,1711.0,1.298,6.656,0.01,0.061,
1760398073.125094,2025-10-13T18:27:53,18.6,83.3,1711.0,0.082,1.651,0.002,0.009,
1760398074.1645856,2025-10-13T18:27:54,17.8,83.3,1711.0,0.0,4.833,0.0,0.0,
1760398075.2059422,2025-10-13T18:27:55,25.1,83.7,1711.0,0.324,3.121,0.009,0.009,
1760398076.2333934,2025-10-13T18:27:56,19.3,83.7,1711.0,0.0,1.614,0.0,0.0,
1760398077.3036554,2025-10-13T18:27:57,22.0,83.7,1711.0,0.123,1.503,0.001,0.001,
1760398078.346222,2025-10-13T18:27:58,21.9,83.7,1711.0,0.016,1.307,0.0,0.0,
1760398079.385137,2025-10-13T18:27:59,27.4,83.8,1711.0,0.246,1.405,0.006,0.008,
1760398080.4123242,2025-10-13T18:28:00,33.5,84.0,1711.0,0.0,0.057,0.0,0.001,
1760398081.4462795,2025-10-13T18:28:01,24.5,84.0,1711.0,0.0,1.094,0.002,0.007,
1760398082.4790337,2025-10-13T18:28:02,27.6,83.9,1711.0,0.0,0.713,0.012,0.008,
1760398083.5155373,2025-10-13T18:28:03,23.1,83.9,1711.0,0.016,1.708,0.0,0.004,
1760398084.543396,2025-10-13T18:28:04,22.6,83.9,1711.0,0.0,0.09,0.0,0.0,
1760398085.5688317,2025-10-13T18:28:05,22.6,83.9,1711.0,20.136,1.077,0.016,0.011,
1760398086.599158,2025-10-13T18:28:06,47.4,85.3,1711.0,26.251,1.606,0.034,0.071,System Idle Process cpu=1179.8% mem=0.0% (pid=0); OneDrive.exe cpu=173.4% mem=2.4% (pid=20416); Taskmgr.exe cpu=42.6% mem=0.6% (pid=28296)
1760398090.6708994,2025-10-13T18:28:10,52.0,86.2,1711.0,51.849,37.303,0.108,1.416,System Idle Process cpu=785.2% mem=0.0% (pid=0); OneDrive.exe cpu=157.0% mem=2.4% (pid=20416); Spotify.exe cpu=71.8% mem=0.9% (pid=2888)
1760398094.5906763,2025-10-13T18:28:14,42.0,86.3,1711.0,22.273,32.281,0.022,0.031,System Idle Process cpu=954.4% mem=0.0% (pid=0); OneDrive.exe cpu=154.3% mem=2.5% (pid=20416); python.exe cpu=69.5% mem=0.3% (pid=29004)
1760398098.6768866,2025-10-13T18:28:18,39.5,85.7,1711.0,1.901,5.89,0.024,0.01,System Idle Process cpu=988.4% mem=0.0% (pid=0); OneDrive.exe cpu=166.5% mem=2.5% (pid=20416); System cpu=99.1% mem=0.0% (pid=4)
1760398102.6842954,2025-10-13T18:28:22,31.8,85.1,1711.0,0.348,3.977,0.002,0.003,System Idle Process cpu=1121.7% mem=0.0% (pid=0); OneDrive.exe cpu=186.3% mem=2.5% (pid=20416); python.exe cpu=69.2% mem=0.3% (pid=29004)
1760398106.2906747,2025-10-13T18:28:26,25.3,85.2,1711.0,0.025,0.778,0.024,0.011,System Idle Process cpu=1214.4% mem=0.0% (pid=0); OneDrive.exe cpu=192.5% mem=2.5% (pid=20416); python.exe cpu=70.1% mem=0.3% (pid=29004)
1760398110.021967,2025-10-13T18:28:30,45.9,86.2,1466.0,25.819,1.406,0.085,0.431,System Idle Process cpu=875.4% mem=0.0% (pid=0); OneDrive.exe cpu=193.5% mem=2.5% (pid=20416); python.exe cpu=71.7% mem=0.3% (pid=29004)
1760398114.0266962,2025-10-13T18:28:34,32.4,85.2,1711.0,0.147,1.266,0.006,0.008,System Idle Process cpu=1111.2% mem=0.0% (pid=0); OneDrive.exe cpu=187.9% mem=2.5% (pid=20416); python.exe cpu=69.1% mem=0.3% (pid=29004)
1760398117.8263137,2025-10-13T18:28:37,28.6,85.3,1711.0,0.094,1.167,0.008,0.003,System Idle Process cpu=1153.6% mem=0.0% (pid=0); OneDrive.exe cpu=194.9% mem=2.5% (pid=20416); python.exe cpu=69.2% mem=0.3% (pid=29004)
1760398121.640688,2025-10-13T18:28:41,28.8,85.1,1711.0,0.582,1.266,0.017,0.008,System Idle Process cpu=1158.2% mem=0.0% (pid=0); OneDrive.exe cpu=196.1% mem=2.5% (pid=20416); python.exe cpu=69.2% mem=0.3% (pid=29004)
1760398125.2663007,2025-10-13T18:28:45,27.4,85.1,1711.0,0.047,1.11,0.011,0.013,System Idle Process cpu=1173.1% mem=0.0% (pid=0); OneDrive.exe cpu=192.2% mem=2.5% (pid=20416); python.exe cpu=71.4% mem=0.3% (pid=29004)
1760398129.2410033,2025-10-13T18:28:49,33.3,85.3,1711.0,0.467,1.774,0.008,0.008,System Idle Process cpu=1078.5% mem=0.0% (pid=0); OneDrive.exe cpu=192.8% mem=2.5% (pid=20416); python.exe cpu=68.2% mem=0.3% (pid=29004)
1760398132.925063,2025-10-13T18:28:52,26.3,85.2,1711.0,0.369,0.754,0.002,0.002,System Idle Process cpu=1186.5% mem=0.0% (pid=0); OneDrive.exe cpu=191.5% mem=2.5% (pid=20416); python.exe cpu=69.8% mem=0.3% (pid=29004)
1760398136.6470175,2025-10-13T18:28:56,32.9,85.4,1711.0,1.473,0.643,0.012,0.009,System Idle Process cpu=1076.9% mem=0.0% (pid=0); OneDrive.exe cpu=186.3% mem=2.5% (pid=20416); Code.exe cpu=90.2% mem=3.2% (pid=8648)
1760398140.4794738,2025-10-13T18:29:00,34.6,85.0,1711.0,0.634,0.655,0.018,0.013,System Idle Process cpu=1063.9% mem=0.0% (pid=0); OneDrive.exe cpu=193.2% mem=2.5% (pid=20416); python.exe cpu=70.8% mem=0.3% (pid=29004)
1760398144.2101822,2025-10-13T18:29:04,32.5,84.9,1711.0,0.749,1.229,0.001,0.002,
1760398145.240361,2025-10-13T18:29:05,31.9,85.1,1711.0,0.102,0.336,0.014,0.014,System Idle Process cpu=1089.7% mem=0.0% (pid=0); OneDrive.exe cpu=191.7% mem=2.5% (pid=20416); python.exe cpu=54.9% mem=0.3% (pid=29004)
1760398148.9350607,2025-10-13T18:29:08,25.1,85.1,1711.0,0.033,0.627,0.031,0.022,System Idle Process cpu=1215.3% mem=0.0% (pid=0); OneDrive.exe cpu=194.6% mem=2.5% (pid=20416); python.exe cpu=69.6% mem=0.3% (pid=29004)
1760398152.639292,2025-10-13T18:29:12,21.7,84.9,1711.0,0.0,0.16,0.002,0.002,
1760398153.672998,2025-10-13T18:29:13,18.6,84.9,1711.0,0.0,0.299,0.0,0.0,
1760398154.7061636,2025-10-13T18:29:14,20.1,84.9,1466.0,0.066,0.254,0.001,0.001,
1760398155.7477303,2025-10-13T18:29:15,19.1,84.9,1711.0,0.066,0.291,0.001,0.001,
1760398156.7861867,2025-10-13T18:29:16,16.7,84.9,1711.0,0.0,0.193,0.001,0.0,
1760398157.8229012,2025-10-13T18:29:17,16.4,84.9,1711.0,0.0,0.348,0.001,0.001,
1760398158.8603806,2025-10-13T18:29:18,17.9,84.8,1711.0,0.0,0.152,0.007,0.006,
1760398159.894048,2025-10-13T18:29:19,17.8,84.8,1711.0,0.029,0.102,0.0,0.0,
1760398160.9366348,2025-10-13T18:29:20,19.6,84.9,1711.0,0.0,0.0,0.0,0.0,
1760398161.968697,2025-10-13T18:29:21,19.0,84.9,1711.0,0.0,0.049,0.0,0.0,
1760398162.999546,2025-10-13T18:29:22,23.3,84.9,1711.0,0.0,0.303,0.001,0.001,
1760398164.037639,2025-10-13T18:29:24,20.1,84.9,1711.0,0.0,0.045,0.0,0.0,
1760398165.071182,2025-10-13T18:29:25,17.2,84.8,1711.0,0.0,0.0,0.0,0.0,
1760398166.1057966,2025-10-13T18:29:26,19.2,84.9,1711.0,0.0,0.074,0.0,0.0,
1760398167.1415408,2025-10-13T18:29:27,19.3,84.8,1711.0,0.0,0.119,0.0,0.0,
1760398168.173009,2025-10-13T18:29:28,17.1,84.8,1711.0,0.0,0.082,0.001,0.001,
1760398169.205874,2025-10-13T18:29:29,22.8,84.6,1711.0,1.248,0.0,0.0,0.003,
1760398170.2411957,2025-10-13T18:29:30,19.3,84.5,1711.0,0.033,0.389,0.002,0.007,
1760398171.2783506,2025-10-13T18:29:31,17.3,84.5,1711.0,0.0,0.172,0.0,0.0,
1760398172.3125603,2025-10-13T18:29:32,17.2,84.5,1711.0,0.0,0.135,0.001,0.001,
1760398173.34956,2025-10-13T18:29:33,21.0,84.5,1711.0,0.0,0.233,0.001,0.0,
1760398174.3842614,2025-10-13T18:29:34,23.5,84.5,1711.0,0.0,0.0,0.015,0.001,
1760398175.4168596,2025-10-13T18:29:35,23.6,84.6,1711.0,0.0,0.426,0.001,0.001,
1760398176.4553115,2025-10-13T18:29:36,27.9,84.6,1711.0,0.279,0.512,0.005,0.005,
1760398177.4924562,2025-10-13T18:29:37,20.8,84.6,1711.0,0.246,0.598,0.001,0.001,
1760398178.5253668,2025-10-13T18:29:38,19.4,84.6,1711.0,0.066,0.004,0.0,0.001,
1760398179.564161,2025-10-13T18:29:39,20.8,84.7,1711.0,0.033,0.332,0.0,0.001,
1760398180.5968733,2025-10-13T18:29:40,20.3,84.7,1711.0,0.0,0.098,0.001,0.001,
1760398181.6355758,2025-10-13T18:29:41,35.7,84.8,1711.0,0.334,0.389,0.009,0.009,
1760398182.6692977,2025-10-13T18:29:42,23.4,84.8,1711.0,0.0,0.0,0.001,0.001,
1760398183.7005584,2025-10-13T18:29:43,21.5,84.6,1711.0,0.033,0.225,0.0,0.0,
1760398184.741396,2025-10-13T18:29:44,33.4,84.6,1711.0,0.098,0.119,0.0,0.0,
1760398185.7921278,2025-10-13T18:29:45,30.0,84.5,1711.0,0.049,0.262,0.0,0.0,
1760398186.8297153,2025-10-13T18:29:46,23.6,84.5,1711.0,0.0,0.0,0.001,0.001,
1760398187.865418,2025-10-13T18:29:47,21.3,84.5,1711.0,0.0,0.287,0.01,0.007,
1760398188.8973548,2025-10-13T18:29:48,17.3,84.6,1711.0,0.016,0.381,0.0,0.0,
1760398189.9329228,2025-10-13T18:29:49,17.3,84.5,1711.0,0.0,0.037,0.0,0.0,
1760398190.9728973,2025-10-13T18:29:50,17.8,84.5,1711.0,0.0,0.594,0.0,0.0,
1760398192.008904,2025-10-13T18:29:52,16.7,84.5,1711.0,0.0,0.131,0.0,0.001,
1760398193.0448563,2025-10-13T18:29:53,16.8,84.5,1711.0,0.0,0.266,0.001,0.001,
1760398194.0842369,2025-10-13T18:29:54,18.1,84.4,1711.0,0.0,0.221,0.0,0.001,
1760398195.122173,2025-10-13T18:29:55,19.3,84.4,1711.0,0.0,0.0,0.0,0.0,
1760398196.158312,2025-10-13T18:29:56,15.9,84.4,1711.0,0.0,0.061,0.001,0.001,
1760398197.1929216,2025-10-13T18:29:57,17.1,84.4,1711.0,0.0,0.143,0.001,0.001,
1760398198.227403,2025-10-13T18:29:58,17.7,84.4,1711.0,0.066,0.102,0.001,0.001,
1760398199.2692685,2025-10-13T18:29:59,17.4,84.4,1711.0,0.242,0.643,0.0,0.004,
1760398200.3037426,2025-10-13T18:30:00,19.7,84.4,1711.0,0.0,0.098,0.006,0.006,
1760398201.3407714,2025-10-13T18:30:01,17.2,84.3,1711.0,0.016,0.508,0.0,0.0,
1760398202.378762,2025-10-13T18:30:02,17.9,84.3,1711.0,0.0,0.18,0.0,0.0,
1760398203.4203072,2025-10-13T18:30:03,17.2,84.3,1711.0,0.016,0.25,0.001,0.001,
1760398204.45709,2025-10-13T18:30:04,16.8,84.3,1711.0,0.0,0.0,0.0,0.0,
1760398205.4909265,2025-10-13T18:30:05,18.3,84.3,1711.0,0.0,0.242,0.0,0.0,
1760398206.5292172,2025-10-13T18:30:06,16.5,84.3,1711.0,0.0,0.09,0.005,0.005,
1760398207.562207,2025-10-13T18:30:07,19.6,84.3,1711.0,0.033,0.115,0.012,0.004,
1760398208.5971735,2025-10-13T18:30:08,18.9,84.3,1711.0,0.0,0.152,0.003,0.005,
1760398209.6354628,2025-10-13T18:30:09,18.5,84.3,1711.0,0.0,0.254,0.0,0.0,
1760398210.672292,2025-10-13T18:30:10,15.7,84.3,1711.0,0.0,0.127,0.0,0.001,
1760398211.7127943,2025-10-13T18:30:11,18.0,84.3,1711.0,0.016,0.111,0.0,0.0,
1760398212.7485213,2025-10-13T18:30:12,18.1,84.3,1711.0,0.086,0.0,0.005,0.005,
1760398213.7946641,2025-10-13T18:30:13,20.4,84.3,1711.0,0.0,0.283,0.001,0.001,
1760398214.8268561,2025-10-13T18:30:14,20.2,84.3,1711.0,0.0,0.094,0.002,0.003,
1760398215.8610065,2025-10-13T18:30:15,18.1,84.3,1711.0,0.066,0.315,0.001,0.001,
1760398216.9017735,2025-10-13T18:30:16,18.8,84.3,1711.0,0.016,0.123,0.008,0.009,
1760398217.9476473,2025-10-13T18:30:17,18.2,84.3,1711.0,0.0,0.152,0.001,0.001,
1760398218.9846523,2025-10-13T18:30:18,16.9,84.3,1711.0,0.0,0.094,0.009,0.002,
1760398220.0236275,2025-10-13T18:30:20,16.5,84.3,1711.0,0.0,0.033,0.0,0.0,
1760398221.058221,2025-10-13T18:30:21,18.4,84.3,1711.0,0.0,0.0,0.008,0.007,
1760398222.0972068,2025-10-13T18:30:22,21.8,84.4,1711.0,2.2,0.172,0.001,0.001,
1760398223.109727,2025-10-13T18:30:23,22.8,84.3,1711.0,5.612,0.238,0.001,0.001,
1760398224.153937,2025-10-13T18:30:24,20.8,84.3,1711.0,5.861,0.057,0.0,0.001,
1760398225.194314,2025-10-13T18:30:25,23.9,84.3,1711.0,6.189,0.152,0.005,0.001,
1760398226.2312076,2025-10-13T18:30:26,26.3,84.4,1711.0,6.918,0.0,0.0,0.0,
1760398227.264931,2025-10-13T18:30:27,19.8,84.4,1711.0,0.852,0.115,0.0,0.0,
1760398228.3034003,2025-10-13T18:30:28,17.6,84.4,1711.0,0.0,0.061,0.001,0.001,
1760398229.338753,2025-10-13T18:30:29,19.8,84.4,1711.0,0.0,0.123,0.008,0.01,
1760398230.3715646,2025-10-13T18:30:30,18.7,84.4,1711.0,0.0,0.045,0.0,0.0,
1760398231.404818,2025-10-13T18:30:31,20.1,84.5,1711.0,0.0,0.102,0.0,0.0,
1760398232.4340947,2025-10-13T18:30:32,19.7,84.5,1711.0,0.016,0.094,0.0,0.0,
1760398233.471204,2025-10-13T18:30:33,17.5,84.4,1711.0,0.0,0.197,0.001,0.001,
1760398234.5099192,2025-10-13T18:30:34,26.3,84.4,1711.0,0.0,0.0,0.0,0.0,
1760398235.539476,2025-10-13T18:30:35,22.3,84.4,1711.0,0.0,0.061,0.001,0.001,
1760398236.574506,2025-10-13T18:30:36,17.8,84.5,1466.0,0.0,0.27,0.001,0.001,
1760398237.5927997,2025-10-13T18:30:37,17.9,84.4,1711.0,0.0,0.41,0.011,0.012,
1760398238.629486,2025-10-13T18:30:38,16.7,84.4,1711.0,0.0,0.037,0.001,0.001,
1760398239.6707435,2025-10-13T18:30:39,17.7,84.5,1711.0,0.0,0.082,0.0,0.0,
1760398240.7113123,2025-10-13T18:30:40,23.3,84.4,1711.0,0.016,0.152,0.001,0.016,
1760398241.7417972,2025-10-13T18:30:41,33.3,84.7,1711.0,0.091,0.411,0.026,0.316,
1760398242.7744474,2025-10-13T18:30:42,42.4,84.5,1711.0,0.28,0.107,0.006,0.075,
1760398243.8107314,2025-10-13T18:30:43,38.4,84.4,1711.0,0.0,0.791,0.005,0.004,
1760398244.8484747,2025-10-13T18:30:44,23.0,84.3,1711.0,0.0,0.156,0.0,0.0,
1760398245.8865225,2025-10-13T18:30:45,20.1,84.4,1711.0,0.0,0.303,0.004,0.002,
1760398246.9228077,2025-10-13T18:30:46,38.0,84.4,1711.0,0.0,0.053,0.0,0.0,
1760398247.9510381,2025-10-13T18:30:47,24.3,84.3,1711.0,0.0,0.401,0.011,0.007,
1760398248.987816,2025-10-13T18:30:48,19.4,84.3,1711.0,0.0,0.635,0.001,0.001,
1760398250.0257494,2025-10-13T18:30:50,18.0,84.2,1711.0,0.0,0.139,0.0,0.0,
1760398251.0598164,2025-10-13T18:30:51,16.9,84.3,1711.0,0.0,0.045,0.0,0.0,
1760398252.1064873,2025-10-13T18:30:52,25.4,84.3,1711.0,0.0,0.0,0.0,0.0,
1760398253.1418693,2025-10-13T18:30:53,23.5,84.4,1711.0,0.016,0.135,0.001,0.0,
1760398254.1721227,2025-10-13T18:30:54,22.5,84.3,1711.0,0.0,0.373,0.0,0.0,
1760398255.2044992,2025-10-13T18:30:55,23.8,84.3,1711.0,0.0,0.07,0.002,0.002,
1760398256.2462552,2025-10-13T18:30:56,18.3,84.3,1711.0,0.0,0.033,0.005,0.007,
1760398257.280781,2025-10-13T18:30:57,18.9,84.2,1466.0,0.016,0.111,0.001,0.001,
1760398258.2942214,2025-10-13T18:30:58,16.6,84.2,1711.0,0.033,0.217,0.001,0.001,
1760398259.3282635,2025-10-13T18:30:59,17.1,84.2,1711.0,0.016,0.225,0.0,0.003,
1760398260.3626509,2025-10-13T18:31:00,17.2,84.2,1711.0,0.0,0.0,0.0,0.001,
1760398261.3977149,2025-10-13T18:31:01,18.9,84.2,1711.0,0.0,0.102,0.0,0.0,
1760398262.4355426,2025-10-13T18:31:02,27.3,84.5,1711.0,0.0,0.193,0.001,0.001,
1760398263.473017,2025-10-13T18:31:03,19.1,84.5,1711.0,0.0,0.258,0.001,0.001,
1760398264.5065463,2025-10-13T18:31:04,19.7,84.5,1466.0,0.0,0.041,0.0,0.0,
1760398265.5486312,2025-10-13T18:31:05,37.3,84.6,1711.0,0.049,0.246,0.0,0.0,
1760398266.6751828,2025-10-13T18:31:06,34.0,84.7,1711.0,0.0,0.111,0.0,0.0,
1760398267.7044604,2025-10-13T18:31:07,34.2,84.2,1711.0,0.5,0.193,0.005,0.005,
1760398268.737275,2025-10-13T18:31:08,37.5,84.4,1711.0,0.0,0.0,0.007,0.009,
1760398269.773264,2025-10-13T18:31:09,20.7,84.4,1711.0,0.0,0.209,0.005,0.073,
1760398270.812858,2025-10-13T18:31:10,20.0,84.4,1711.0,0.0,0.127,0.001,0.001,
1760398271.845262,2025-10-13T18:31:11,20.6,84.3,1711.0,0.037,0.102,0.0,0.0,
1760398272.8805754,2025-10-13T18:31:12,23.3,84.1,1711.0,0.041,0.152,0.0,0.0,
1760398273.9088714,2025-10-13T18:31:13,24.7,84.0,1711.0,0.188,0.315,0.016,0.002,
1760398274.936483,2025-10-13T18:31:14,32.2,83.9,1711.0,0.0,0.561,0.001,0.001,
1760398275.9688196,2025-10-13T18:31:15,31.8,83.7,1711.0,0.016,0.381,0.0,0.0,
1760398276.9978733,2025-10-13T18:31:16,34.4,83.6,1711.0,0.0,0.18,0.001,0.001,
1760398278.0290272,2025-10-13T18:31:18,35.8,83.3,1711.0,0.703,0.037,0.001,0.0,
1760398279.0602322,2025-10-13T18:31:19,31.3,83.1,1711.0,0.098,0.16,0.012,0.007,
1760398280.093054,2025-10-13T18:31:20,35.8,83.1,1711.0,0.0,0.131,0.0,0.0,
1760398281.1246512,2025-10-13T18:31:21,24.0,83.1,1711.0,0.0,0.168,0.007,0.007,
1760398282.1612058,2025-10-13T18:31:22,32.0,83.1,1711.0,0.066,0.0,0.001,0.001,
1760398283.194871,2025-10-13T18:31:23,28.1,83.1,1711.0,0.016,0.106,0.006,0.006,
1760398284.2206447,2025-10-13T18:31:24,25.7,83.0,1711.0,0.066,0.106,0.001,0.002,
1760398285.2591155,2025-10-13T18:31:25,27.3,83.4,1711.0,0.336,0.823,0.009,0.011,
1760398286.2860062,2025-10-13T18:31:26,17.6,83.4,1466.0,0.0,0.0,0.0,0.0,
1760398287.3194482,2025-10-13T18:31:27,23.2,83.3,1711.0,0.774,0.135,0.0,0.0,
1760398288.3466747,2025-10-13T18:31:28,21.0,83.3,1711.0,0.0,0.274,0.001,0.001,
1760398289.3857615,2025-10-13T18:31:29,20.5,83.3,1711.0,0.0,0.152,0.001,0.005,
1760398290.4219577,2025-10-13T18:31:30,30.8,83.3,1711.0,0.0,0.004,0.003,0.001,
1760398291.4588554,2025-10-13T18:31:31,28.9,83.3,1711.0,0.222,0.221,0.01,0.028,
1760398292.4882557,2025-10-13T18:31:32,24.5,83.4,1711.0,0.094,0.188,0.018,0.037,
1760398293.5187252,2025-10-13T18:31:33,30.0,83.6,1711.0,0.138,0.426,0.023,0.076,
1760398294.545813,2025-10-13T18:31:34,24.1,83.6,1711.0,0.21,0.102,0.002,0.014,
1760398295.5785725,2025-10-13T18:31:35,26.2,83.5,1711.0,0.054,0.332,0.0,0.015,
1760398296.6181338,2025-10-13T18:31:36,29.1,83.5,1711.0,0.138,0.438,0.003,0.087,
1760398297.650658,2025-10-13T18:31:37,29.5,83.6,1711.0,0.008,0.627,0.004,0.323,
1760398298.6814203,2025-10-13T18:31:38,25.8,83.7,1711.0,0.091,0.133,0.004,0.196,
1760398299.714423,2025-10-13T18:31:39,30.7,83.9,1711.0,0.214,1.013,0.008,0.37,
1760398300.7516508,2025-10-13T18:31:40,28.9,83.6,1711.0,0.145,0.775,0.003,0.04,
1760398301.782527,2025-10-13T18:31:41,29.3,83.5,1711.0,0.01,0.555,0.002,0.185,
1760398302.8127768,2025-10-13T18:31:42,34.5,83.0,1711.0,0.135,0.549,0.002,0.005,
1760398303.8458061,2025-10-13T18:31:43,41.6,81.7,1711.0,0.008,0.311,0.001,0.016,
1760398304.877647,2025-10-13T18:31:44,35.7,81.2,1711.0,0.17,0.311,0.0,0.0,
1760398305.9072154,2025-10-13T18:31:45,33.1,80.3,1711.0,0.121,1.462,0.039,0.007,
1760398306.9365387,2025-10-13T18:31:46,31.4,79.6,1711.0,0.045,0.0,0.005,0.008,
1760398307.9677458,2025-10-13T18:31:47,20.8,79.4,1711.0,0.0,0.778,0.0,0.0,
1760398309.0000749,2025-10-13T18:31:49,22.7,79.2,1711.0,0.0,0.147,0.001,0.0,
1760398310.0284245,2025-10-13T18:31:50,24.0,79.0,1711.0,0.0,0.119,0.0,0.0,
1760398311.058159,2025-10-13T18:31:51,26.0,78.9,1711.0,0.0,0.074,0.0,0.0,
1760398312.0897238,2025-10-13T18:31:52,31.3,79.0,1711.0,0.0,0.193,0.0,0.0,
1760398313.1235988,2025-10-13T18:31:53,25.5,79.0,1711.0,0.008,0.156,0.0,0.0,
1760398314.1574667,2025-10-13T18:31:54,23.7,79.0,1711.0,0.0,0.406,0.001,0.001,
1760398315.192682,2025-10-13T18:31:55,28.0,79.1,1711.0,0.0,0.504,0.001,0.001,
1760398316.2208488,2025-10-13T18:31:56,25.8,79.1,1711.0,0.0,0.09,0.0,0.0,
1760398317.2537034,2025-10-13T18:31:57,23.7,79.1,1711.0,0.0,0.201,0.008,0.004,
1760398318.2874186,2025-10-13T18:31:58,18.3,79.1,1711.0,0.033,0.266,0.0,0.0,
1760398319.3058484,2025-10-13T18:31:59,18.0,79.0,1711.0,0.0,0.25,0.001,0.004,
1760398320.3470244,2025-10-13T18:32:00,18.0,79.0,1711.0,0.0,0.004,0.0,0.001,
1760398321.3798556,2025-10-13T18:32:01,27.6,79.0,1711.0,0.0,0.221,0.005,0.005,
1760398322.414043,2025-10-13T18:32:02,24.7,79.0,1711.0,0.0,0.221,0.001,0.001,
1760398323.447424,2025-10-13T18:32:03,20.7,79.1,1711.0,0.0,0.504,0.001,0.001,
1760398324.4784913,2025-10-13T18:32:04,19.7,79.2,1711.0,0.037,0.0,0.001,0.001,
1760398325.5166066,2025-10-13T18:32:05,18.9,79.1,1711.0,0.016,0.385,0.0,0.0,
1760398326.5561032,2025-10-13T18:32:06,21.9,79.2,1711.0,0.0,0.25,0.0,0.0,
1760398327.590431,2025-10-13T18:32:07,38.9,79.5,1711.0,1.26,0.516,0.015,0.028,
1760398328.6238818,2025-10-13T18:32:08,34.7,79.7,1711.0,5.338,0.213,0.001,0.003,
1760398329.661557,2025-10-13T18:32:09,25.1,79.6,1711.0,5.092,0.545,0.023,0.007,
1760398330.6968408,2025-10-13T18:32:10,23.3,79.7,1711.0,9.146,0.475,0.006,0.005,
1760398331.73476,2025-10-13T18:32:11,25.1,79.8,1711.0,10.223,4.694,0.0,0.0,
1760398332.761825,2025-10-13T18:32:12,27.7,79.9,1711.0,7.626,0.0,0.0,0.0,
1760398333.7941277,2025-10-13T18:32:13,25.2,80.0,1711.0,9.413,1.458,0.001,0.001,
1760398334.830147,2025-10-13T18:32:14,26.3,80.2,1711.0,13.107,0.217,0.007,0.007,
1760398335.8672938,2025-10-13T18:32:15,23.7,80.0,1711.0,8.327,0.651,0.0,0.0,
1760398336.8999593,2025-10-13T18:32:16,23.1,80.0,1711.0,7.207,0.0,0.0,0.0,
1760398337.9333851,2025-10-13T18:32:17,23.1,80.0,1711.0,6.079,1.253,0.0,0.0,
1760398338.9686644,2025-10-13T18:32:18,23.0,80.0,1711.0,5.69,0.864,0.001,0.001,
1760398340.0053873,2025-10-13T18:32:20,23.3,80.0,1711.0,7.18,0.479,0.001,0.001,
1760398341.0333683,2025-10-13T18:32:21,24.6,80.2,1711.0,10.56,0.455,0.0,0.0,
1760398342.0702434,2025-10-13T18:32:22,28.8,80.3,1711.0,8.479,0.025,0.001,0.002,
1760398343.106279,2025-10-13T18:32:23,24.4,80.3,1711.0,9.126,0.549,0.005,0.008,
1760398344.1443694,2025-10-13T18:32:24,23.5,80.4,1711.0,5.713,0.397,0.001,0.001,
1760398345.1806452,2025-10-13T18:32:25,25.8,80.2,1711.0,4.809,0.516,0.0,0.0,
1760398346.2153792,2025-10-13T18:32:26,28.8,80.4,1711.0,7.033,0.254,0.0,0.0,
1760398347.2530756,2025-10-13T18:32:27,26.3,80.4,1711.0,4.48,0.397,0.0,0.0,
1760398348.2867732,2025-10-13T18:32:28,30.6,80.4,1711.0,7.245,0.758,0.0,0.0,
1760398349.324799,2025-10-13T18:32:29,40.8,80.6,1711.0,7.371,0.893,0.001,0.004,
1760398350.3554227,2025-10-13T18:32:30,25.2,80.7,1711.0,5.635,0.0,0.0,0.001,
1760398351.3858752,2025-10-13T18:32:31,31.2,79.9,1711.0,3.668,0.717,0.001,0.002,
1760398352.413739,2025-10-13T18:32:32,27.0,80.1,1711.0,0.049,0.426,0.006,0.005,
1760398353.442408,2025-10-13T18:32:33,28.8,80.1,1711.0,0.016,0.422,0.0,0.0,
1760398354.473724,2025-10-13T18:32:34,27.4,80.2,1711.0,0.193,0.344,0.003,0.021,
1760398355.5080483,2025-10-13T18:32:35,27.7,80.3,1711.0,0.918,1.917,0.007,0.413,
1760398356.5434377,2025-10-13T18:32:36,28.1,80.3,1711.0,0.078,3.817,0.012,1.347,
1760398357.572101,2025-10-13T18:32:37,17.9,80.3,1711.0,0.0,2.666,0.002,0.116,
1760398358.614113,2025-10-13T18:32:38,36.0,80.6,1711.0,4.123,2.793,0.057,7.398,
1760398359.6552298,2025-10-13T18:32:39,35.5,80.7,1711.0,1.864,4.321,0.034,3.639,
1760398360.6951752,2025-10-13T18:32:40,39.1,80.8,1711.0,1.126,5.628,0.035,3.428,
1760398361.7444963,2025-10-13T18:32:41,30.0,80.7,1711.0,8.015,9.503,0.001,0.001,
1760398362.7804797,2025-10-13T18:32:42,36.9,80.7,1711.0,0.262,6.115,0.006,0.006,
1760398363.8150635,2025-10-13T18:32:43,21.8,80.7,1711.0,0.086,4.051,0.0,0.0,
1760398364.846313,2025-10-13T18:32:44,20.9,80.6,1711.0,0.074,4.096,0.001,0.001,
1760398365.8862016,2025-10-13T18:32:45,18.1,80.6,1711.0,1.442,4.85,0.0,0.0,
1760398366.9214046,2025-10-13T18:32:46,24.2,80.6,1711.0,0.41,4.473,0.001,0.002,
1760398367.9563913,2025-10-13T18:32:47,22.8,80.6,1711.0,0.0,0.348,0.001,0.0,
1760398369.0016644,2025-10-13T18:32:49,21.3,80.6,1711.0,0.016,4.551,0.004,0.006,
1760398370.0366955,2025-10-13T18:32:50,41.4,80.9,1711.0,0.228,3.969,0.008,0.173,
1760398371.0725605,2025-10-13T18:32:51,37.7,81.1,1711.0,0.928,7.258,0.031,3.503,
1760398372.1110406,2025-10-13T18:32:52,52.5,81.1,1711.0,3.684,0.34,0.016,0.602,
1760398373.1654096,2025-10-13T18:32:53,42.4,81.4,1711.0,8.502,15.516,0.025,2.66,
1760398374.2021704,2025-10-13T18:32:54,20.7,81.3,1711.0,7.029,9.347,0.002,0.002,
1760398375.2331893,2025-10-13T18:32:55,17.9,81.3,1711.0,0.541,6.246,0.001,0.001,
1760398376.270625,2025-10-13T18:32:56,18.2,81.2,1466.0,0.0,0.049,0.001,0.001,
1760398377.307965,2025-10-13T18:32:57,17.3,81.2,1711.0,0.033,4.71,0.001,0.001,
1760398378.342118,2025-10-13T18:32:58,19.4,81.2,1711.0,0.016,4.227,0.0,0.001,
1760398379.3729796,2025-10-13T18:32:59,20.8,81.1,1711.0,0.0,5.718,0.001,0.005,
1760398380.4068584,2025-10-13T18:33:00,33.2,81.3,1711.0,0.0,0.0,0.0,0.001,
1760398381.439723,2025-10-13T18:33:01,30.4,81.5,1711.0,0.238,4.08,0.002,0.006,
1760398382.4830673,2025-10-13T18:33:02,28.0,81.4,1711.0,0.623,5.075,0.003,0.001,
1760398383.5158782,2025-10-13T18:33:03,21.1,81.6,1711.0,0.213,1.786,0.0,0.0,
1760398384.5458205,2025-10-13T18:33:04,23.7,81.3,1711.0,0.0,0.135,0.001,0.001,
1760398385.5768147,2025-10-13T18:33:05,21.5,81.2,1711.0,0.041,2.327,0.0,0.001,
1760398386.6103368,2025-10-13T18:33:06,19.4,81.2,1711.0,0.012,2.601,0.0,0.0,
1760398387.6437345,2025-10-13T18:33:07,29.9,81.2,1711.0,0.016,2.83,0.0,0.001,
1760398388.6830034,2025-10-13T18:33:08,21.4,81.3,1711.0,0.033,0.086,0.0,0.001,
1760398389.7156703,2025-10-13T18:33:09,35.6,81.2,1711.0,0.176,2.626,0.002,0.001,
1760398390.7394786,2025-10-13T18:33:10,27.6,81.2,1711.0,0.442,2.2,0.014,0.015,
1760398391.7723205,2025-10-13T18:33:11,22.9,81.2,1711.0,0.0,2.601,0.001,0.007,
1760398392.8127303,2025-10-13T18:33:12,42.4,81.2,1711.0,0.061,0.881,0.009,0.007,
1760398393.846575,2025-10-13T18:33:13,28.1,81.2,1711.0,0.078,2.789,0.0,0.001,
1760398394.8764749,2025-10-13T18:33:14,33.2,81.2,1711.0,0.152,3.281,0.001,0.003,
1760398395.9102986,2025-10-13T18:33:15,23.6,81.2,1711.0,0.016,2.58,0.001,0.001,
1760398396.9444067,2025-10-13T18:33:16,21.9,81.2,1711.0,0.0,2.2,0.0,0.001,
1760398397.976007,2025-10-13T18:33:17,30.0,81.3,1466.0,0.0,0.09,0.0,0.001,
1760398399.0069618,2025-10-13T18:33:19,26.0,81.3,1711.0,0.0,2.097,0.006,0.006,
1760398400.03669,2025-10-13T18:33:20,35.7,81.3,1711.0,0.614,3.834,0.001,0.001,
1760398401.0692985,2025-10-13T18:33:21,28.6,81.4,1711.0,0.217,2.372,0.01,0.007,
1760398402.1021824,2025-10-13T18:33:22,30.7,81.7,1711.0,0.0,0.082,0.0,0.001,
1760398403.1334097,2025-10-13T18:33:23,33.9,81.7,1711.0,0.369,2.286,0.001,0.002,
1760398404.1571126,2025-10-13T18:33:24,25.8,80.7,1711.0,0.13,1.806,0.0,0.001,
1760398405.191065,2025-10-13T18:33:25,20.6,80.8,1711.0,1.073,4.657,0.001,0.001,
1760398406.2305465,2025-10-13T18:33:26,22.5,80.9,1711.0,0.0,0.029,0.0,0.0,
1760398407.2725122,2025-10-13T18:33:27,23.4,80.8,1711.0,0.557,1.892,0.009,0.009,
1760398408.3100238,2025-10-13T18:33:28,20.6,80.9,1711.0,0.016,2.261,0.005,0.005,
1760398409.3448887,2025-10-13T18:33:29,19.8,80.8,1711.0,0.0,1.13,0.0,0.003,
1760398410.381221,2025-10-13T18:33:30,22.0,80.8,1711.0,0.02,0.09,0.01,0.021,
1760398411.416998,2025-10-13T18:33:31,23.2,80.6,1711.0,0.094,2.916,0.0,0.0,
1760398412.4564707,2025-10-13T18:33:32,21.5,80.6,1711.0,1.028,9.646,0.0,0.0,
1760398413.4930205,2025-10-13T18:33:33,26.0,80.5,1711.0,0.016,2.515,0.0,0.0,
1760398414.5297728,2025-10-13T18:33:34,21.4,80.6,1711.0,0.0,0.242,0.001,0.001,
1760398415.5668309,2025-10-13T18:33:35,26.9,80.6,1711.0,0.0,0.295,0.0,0.001,
1760398416.5949626,2025-10-13T18:33:36,34.3,80.8,1711.0,0.0,0.156,0.005,0.001,
1760398417.6389928,2025-10-13T18:33:37,30.5,80.8,1711.0,0.0,0.369,0.004,0.006,
1760398418.666429,2025-10-13T18:33:38,24.3,80.8,1711.0,0.0,0.049,0.0,0.0,
1760398419.698663,2025-10-13T18:33:39,25.3,80.8,1711.0,0.066,0.356,0.012,0.006,
1760398420.7271743,2025-10-13T18:33:40,22.9,80.8,1711.0,0.0,0.262,0.001,0.001,
1760398421.765355,2025-10-13T18:33:41,29.9,80.8,1711.0,0.016,0.549,0.001,0.001,
1760398422.8034225,2025-10-13T18:33:42,24.9,80.7,1711.0,0.0,0.184,0.0,0.0,
1760398423.8361971,2025-10-13T18:33:43,24.2,80.7,1711.0,0.066,0.471,0.006,0.007,
1760398424.8675745,2025-10-13T18:33:44,22.2,80.7,1711.0,0.197,0.238,0.001,0.001,
1760398425.9086392,2025-10-13T18:33:45,21.3,80.7,1711.0,0.0,0.487,0.0,0.0,
1760398426.9492424,2025-10-13T18:33:46,18.9,80.7,1711.0,0.0,1.102,0.0,0.0,
1760398427.9811618,2025-10-13T18:33:47,20.1,80.7,1711.0,0.0,0.0,0.0,0.0,
1760398429.0163233,2025-10-13T18:33:49,20.6,80.7,1711.0,0.0,0.242,0.0,0.0,
1760398430.0499651,2025-10-13T18:33:50,19.7,80.6,1711.0,0.0,0.131,0.001,0.0,
1760398431.0860882,2025-10-13T18:33:51,19.9,80.7,1711.0,0.016,0.348,0.0,0.0,
1760398432.1176648,2025-10-13T18:33:52,26.4,80.7,1711.0,7.217,0.193,0.0,0.0,
1760398433.1539154,2025-10-13T18:33:53,20.1,80.7,1711.0,0.033,0.475,0.0,0.0,
1760398434.1947865,2025-10-13T18:33:54,35.7,80.6,1711.0,0.378,0.893,0.001,0.0,
1760398435.3041463,2025-10-13T18:33:55,29.0,80.8,1711.0,0.033,0.582,0.001,0.001,
1760398436.3390641,2025-10-13T18:33:56,34.0,81.1,1711.0,0.0,0.0,0.01,0.007,
1760398437.3735237,2025-10-13T18:33:57,27.4,81.4,1711.0,0.0,0.274,0.001,0.0,
1760398438.4074337,2025-10-13T18:33:58,24.6,80.5,1711.0,0.066,0.373,0.004,0.006,
1760398439.4401536,2025-10-13T18:33:59,30.0,80.5,1711.0,0.0,0.614,0.0,0.004,
1760398440.4761994,2025-10-13T18:34:00,24.0,80.5,1711.0,0.0,0.0,0.01,0.009,
1760398441.5096035,2025-10-13T18:34:01,20.1,80.5,1711.0,0.0,0.406,0.004,0.0,
1760398442.5437589,2025-10-13T18:34:02,17.5,80.5,1711.0,0.016,0.369,0.011,0.011,
1760398443.5763435,2025-10-13T18:34:03,18.4,80.5,1711.0,0.016,0.442,0.001,0.003,
1760398444.6113756,2025-10-13T18:34:04,17.3,80.5,1711.0,0.0,0.0,0.001,0.001,
1760398445.649368,2025-10-13T18:34:05,16.7,80.5,1711.0,0.0,0.467,0.0,0.0,
1760398446.6835048,2025-10-13T18:34:06,17.1,80.5,1711.0,0.016,0.401,0.0,0.0,
1760398447.717399,2025-10-13T18:34:07,19.4,80.5,1711.0,0.0,0.418,0.0,0.0,
1760398448.7488225,2025-10-13T18:34:08,18.0,80.5,1711.0,0.098,0.483,0.004,0.01,
1760398449.7851245,2025-10-13T18:34:09,17.7,80.5,1711.0,0.0,0.315,0.001,0.001,
1760398450.8248045,2025-10-13T18:34:10,18.1,80.5,1711.0,0.0,0.336,0.0,0.0,
1760398451.856097,2025-10-13T18:34:11,17.9,80.5,1711.0,0.0,0.356,0.0,0.0,
1760398452.894539,2025-10-13T18:34:12,17.8,80.5,1711.0,0.0,0.291,0.0,0.0,
1760398453.9334266,2025-10-13T18:34:13,19.5,80.5,1711.0,0.066,0.156,0.0,0.0,
1760398454.9701724,2025-10-13T18:34:14,20.6,80.4,1711.0,0.123,0.238,0.006,0.006,
1760398456.009469,2025-10-13T18:34:16,18.3,80.5,1711.0,0.0,0.623,0.001,0.001,
1760398457.044482,2025-10-13T18:34:17,24.2,80.5,1711.0,0.053,2.49,0.0,0.0,
1760398458.100036,2025-10-13T18:34:18,24.3,80.8,1711.0,0.291,0.217,0.0,0.0,
1760398459.1377425,2025-10-13T18:34:19,20.4,80.8,1711.0,0.049,8.688,0.0,0.0,
1760398460.1796885,2025-10-13T18:34:20,27.0,80.8,1711.0,0.0,0.172,0.001,0.001,
1760398461.2124958,2025-10-13T18:34:21,17.2,80.8,1711.0,0.0,0.25,0.0,0.0,
1760398462.258757,2025-10-13T18:34:22,17.1,80.8,1466.0,0.09,0.0,0.0,0.0,
1760398463.294051,2025-10-13T18:34:23,17.0,80.7,1711.0,0.0,0.287,0.0,0.0,
1760398464.3304896,2025-10-13T18:34:24,17.6,80.7,1711.0,0.0,0.135,0.0,0.0,
1760398465.367406,2025-10-13T18:34:25,17.6,80.6,1711.0,0.0,0.197,0.008,0.008,
1760398466.4047115,2025-10-13T18:34:26,16.5,80.6,1711.0,0.0,0.16,0.0,0.0,
1760398467.4356303,2025-10-13T18:34:27,18.7,80.5,1711.0,0.0,0.164,0.0,0.0,
1760398468.4736564,2025-10-13T18:34:28,31.5,80.7,1711.0,0.0,0.266,0.0,0.0,
1760398469.5052588,2025-10-13T18:34:29,21.2,80.7,1711.0,0.0,0.283,0.0,0.005,
1760398470.540865,2025-10-13T18:34:30,16.5,80.7,1711.0,0.041,0.225,0.001,0.001,
1760398471.5804021,2025-10-13T18:34:31,17.8,80.7,1711.0,0.0,0.004,0.0,0.0,
1760398472.6216621,2025-10-13T18:34:32,16.3,80.7,1711.0,0.0,0.36,0.0,0.0,
1760398473.6617455,2025-10-13T18:34:33,16.6,80.6,1711.0,0.0,0.18,0.0,0.0,
1760398474.698126,2025-10-13T18:34:34,15.5,80.6,1711.0,0.0,0.201,0.0,0.0,
1760398475.7278373,2025-10-13T18:34:35,20.1,80.7,1711.0,0.164,0.033,0.003,0.002,
1760398476.7669535,2025-10-13T18:34:36,19.6,80.7,1711.0,2.134,0.352,0.013,0.018,
1760398477.7998798,2025-10-13T18:34:37,26.8,80.9,1711.0,0.358,0.434,0.004,0.008,
1760398478.8393111,2025-10-13T18:34:38,35.7,80.7,1711.0,0.049,0.958,0.012,0.029,
1760398479.873701,2025-10-13T18:34:39,23.4,80.7,1711.0,8.868,0.0,0.008,0.008,
1760398480.9055324,2025-10-13T18:34:40,26.6,80.6,1711.0,2.694,1.491,0.008,0.009,
1760398481.939837,2025-10-13T18:34:41,36.0,80.7,1711.0,0.053,0.344,0.009,0.013,
1760398482.9743812,2025-10-13T18:34:42,18.4,80.7,1711.0,0.0,0.279,0.0,0.0,
1760398484.0186617,2025-10-13T18:34:44,19.5,80.7,1711.0,0.074,0.119,0.006,0.006,
1760398485.051548,2025-10-13T18:34:45,18.3,80.6,1711.0,0.053,0.451,0.001,0.001,
1760398486.0902572,2025-10-13T18:34:46,19.8,80.6,1711.0,0.0,1.257,0.007,0.009,
1760398487.1248143,2025-10-13T18:34:47,20.9,80.7,1711.0,0.0,0.225,0.001,0.0,
1760398488.1567686,2025-10-13T18:34:48,21.2,80.6,1711.0,0.0,0.053,0.0,0.0,
1760398489.1897776,2025-10-13T18:34:49,25.0,80.7,1711.0,0.741,0.84,0.003,0.003,
1760398490.221073,2025-10-13T18:34:50,29.7,81.2,1711.0,2.519,19.218,0.0,0.007,
1760398491.2327328,2025-10-13T18:34:51,21.0,81.3,1711.0,0.59,2.318,0.001,0.0,
1760398492.2672098,2025-10-13T18:34:52,18.0,81.3,1711.0,0.066,0.0,0.0,0.0,
1760398493.3043015,2025-10-13T18:34:53,23.6,81.3,1711.0,0.426,0.36,0.0,0.0,
1760398494.3446734,2025-10-13T18:34:54,30.2,81.4,1711.0,0.115,0.668,0.001,0.001,
1760398495.383208,2025-10-13T18:34:55,25.6,81.3,1711.0,0.213,0.737,0.001,0.001,
1760398496.4202309,2025-10-13T18:34:56,19.8,81.3,1711.0,0.16,0.188,0.001,0.002,
1760398497.4594176,2025-10-13T18:34:57,17.3,81.3,1466.0,0.033,0.279,0.0,0.001,
1760398498.4765475,2025-10-13T18:34:58,17.2,81.2,1711.0,0.0,0.414,0.0,0.0,
1760398499.5139253,2025-10-13T18:34:59,17.2,81.2,1711.0,0.0,0.242,0.0,0.005,
1760398500.547695,2025-10-13T18:35:00,30.6,80.9,1711.0,0.033,0.348,0.0,0.0,
1760398501.5762727,2025-10-13T18:35:01,20.6,80.9,1711.0,0.0,0.004,0.001,0.001,
1760398502.612658,2025-10-13T18:35:02,22.6,80.9,1711.0,0.0,0.369,0.0,0.0,
1760398503.649516,2025-10-13T18:35:03,24.7,80.9,1711.0,0.131,0.229,0.0,0.0,
1760398504.684778,2025-10-13T18:35:04,21.3,80.7,1711.0,0.016,0.274,0.0,0.0,
1760398505.720112,2025-10-13T18:35:05,17.3,80.7,1711.0,0.0,0.078,0.001,0.001,
1760398506.7611396,2025-10-13T18:35:06,27.4,81.0,1711.0,15.622,0.532,0.0,0.0,
1760398507.811121,2025-10-13T18:35:07,45.2,81.5,1711.0,6.885,3.686,0.011,0.012,
1760398508.85442,2025-10-13T18:35:08,28.8,81.5,1711.0,0.041,0.389,0.0,0.001,
1760398509.8955717,2025-10-13T18:35:09,29.1,81.4,1711.0,0.0,0.143,0.0,0.0,
1760398510.9283805,2025-10-13T18:35:10,26.4,81.3,1711.0,0.0,0.213,0.006,0.003,
1760398511.9605627,2025-10-13T18:35:11,18.7,81.3,1711.0,0.0,0.438,0.0,0.0,
1760398513.0033937,2025-10-13T18:35:13,28.8,81.7,1711.0,1.999,0.389,0.0,0.0,
1760398514.037605,2025-10-13T18:35:14,40.9,81.7,1711.0,1.696,0.77,0.005,0.008,
1760398515.077473,2025-10-13T18:35:15,37.3,81.6,1711.0,4.58,17.191,0.01,0.012,
1760398516.0910225,2025-10-13T18:35:16,26.7,81.4,1711.0,0.687,3.379,0.002,0.002,
1760398517.1194904,2025-10-13T18:35:17,23.5,81.5,1711.0,4.158,0.782,0.008,0.008,
1760398518.1497123,2025-10-13T18:35:18,29.4,82.0,1711.0,0.916,0.115,0.038,0.006,
1760398519.1770465,2025-10-13T18:35:19,29.6,82.0,1711.0,0.078,0.524,0.135,0.019,
1760398520.21143,2025-10-13T18:35:20,24.7,82.1,1711.0,0.0,0.561,0.001,0.001,
1760398521.2431664,2025-10-13T18:35:21,29.0,82.2,1711.0,0.131,0.59,0.008,0.002,
1760398522.2736506,2025-10-13T18:35:22,32.6,82.4,1711.0,0.423,0.053,0.053,0.036,
1760398523.3120809,2025-10-13T18:35:23,34.0,82.4,1711.0,0.571,0.733,0.013,0.124,
1760398524.3389144,2025-10-13T18:35:24,21.4,82.8,1711.0,0.0,0.586,0.0,0.0,
1760398525.371039,2025-10-13T18:35:25,31.6,82.6,1711.0,0.016,0.918,0.0,0.001,
1760398526.4009526,2025-10-13T18:35:26,34.7,83.1,1711.0,0.0,0.143,0.001,0.001,
1760398527.428887,2025-10-13T18:35:27,33.4,82.0,1711.0,0.082,2.798,0.015,0.004,
1760398528.4552438,2025-10-13T18:35:28,19.5,82.0,1711.0,0.004,2.834,0.0,0.001,
1760398529.490202,2025-10-13T18:35:29,17.7,82.0,1711.0,0.0,2.179,0.0,0.005,
1760398530.524175,2025-10-13T18:35:30,18.3,82.0,1711.0,0.016,2.13,0.006,0.006,
1760398531.56736,2025-10-13T18:35:31,18.0,82.0,1711.0,0.0,0.295,0.001,0.005,
1760398532.6056004,2025-10-13T18:35:32,18.0,81.9,1711.0,0.393,2.261,0.002,0.003,
1760398533.6387317,2025-10-13T18:35:33,31.1,82.0,1711.0,1.012,2.855,0.0,0.001,
1760398534.6785755,2025-10-13T18:35:34,22.6,82.0,1711.0,0.0,0.508,0.0,0.001,
1760398535.718173,2025-10-13T18:35:35,21.3,82.0,1711.0,0.0,0.037,0.001,0.002,
1760398536.7562976,2025-10-13T18:35:36,20.3,82.1,1711.0,0.0,0.643,0.001,0.002,
1760398537.7923434,2025-10-13T18:35:37,25.5,82.1,1711.0,0.115,0.971,0.001,0.002,
1760398538.8315287,2025-10-13T18:35:38,31.2,82.2,1711.0,0.098,0.922,0.0,0.002,
1760398539.8706334,2025-10-13T18:35:39,21.6,82.2,1711.0,0.0,0.0,0.001,0.002,
1760398540.900511,2025-10-13T18:35:40,23.2,82.2,1711.0,0.066,1.237,0.001,0.002,
1760398541.931353,2025-10-13T18:35:41,22.5,82.2,1711.0,0.0,1.094,0.001,0.002,
1760398542.9638774,2025-10-13T18:35:42,20.6,82.3,1711.0,0.0,0.983,0.005,0.006,
1760398543.9980128,2025-10-13T18:35:43,31.0,82.3,1711.0,2.22,0.467,0.004,0.005,
1760398545.026923,2025-10-13T18:35:45,28.1,82.4,1711.0,0.016,1.012,0.001,0.002,
1760398546.0672965,2025-10-13T18:35:46,31.2,82.4,1711.0,0.049,1.982,0.001,0.002,
1760398547.1027925,2025-10-13T18:35:47,41.7,82.6,1711.0,0.102,1.454,0.001,0.002,
1760398548.1335921,2025-10-13T18:35:48,26.7,82.4,1711.0,0.033,0.27,0.005,0.006,
1760398549.170613,2025-10-13T18:35:49,26.6,82.3,1711.0,0.049,1.638,0.0,0.001,
1760398550.205739,2025-10-13T18:35:50,27.4,82.4,1711.0,0.049,1.565,0.0,0.003,
1760398551.2361743,2025-10-13T18:35:51,22.1,82.5,1711.0,0.0,1.335,0.001,0.0,
1760398552.268703,2025-10-13T18:35:52,23.5,82.5,1711.0,0.0,0.127,0.053,0.006,
1760398553.3039756,2025-10-13T18:35:53,23.3,82.6,1711.0,0.033,1.352,0.0,0.024,
1760398554.3378282,2025-10-13T18:35:54,24.0,82.6,1711.0,0.049,1.413,0.0,0.0,
1760398555.3801613,2025-10-13T18:35:55,33.9,82.2,1711.0,0.0,0.745,0.0,0.001,
1760398556.4153466,2025-10-13T18:35:56,19.4,82.2,1466.0,0.0,1.077,0.002,0.001,
1760398557.4427376,2025-10-13T18:35:57,21.5,82.2,1711.0,0.0,0.213,0.001,0.001,
1760398558.484664,2025-10-13T18:35:58,20.1,82.2,1711.0,0.033,1.479,0.0,0.0,
1760398559.5338354,2025-10-13T18:35:59,20.7,82.1,1711.0,0.164,1.692,0.0,0.004,
1760398560.5714839,2025-10-13T18:36:00,20.5,82.1,1711.0,0.131,1.503,0.0,0.0,
1760398561.6084666,2025-10-13T18:36:01,20.0,82.1,1711.0,0.0,0.221,0.001,0.001,
1760398562.6469402,2025-10-13T18:36:02,20.7,82.1,1711.0,0.016,1.409,0.009,0.009,
1760398563.6665392,2025-10-13T18:36:03,29.9,81.9,1711.0,0.049,1.561,0.0,0.001,
1760398564.7006035,2025-10-13T18:36:04,27.6,81.8,1711.0,0.066,0.705,0.0,0.0,
1760398565.7121408,2025-10-13T18:36:05,20.3,82.0,1711.0,0.0,0.119,0.0,0.0,
1760398566.7279387,2025-10-13T18:36:06,20.9,81.9,1711.0,0.066,1.651,0.009,0.008,
1760398567.7447734,2025-10-13T18:36:07,20.5,81.9,1711.0,0.004,1.536,0.005,0.003,
1760398568.777948,2025-10-13T18:36:08,19.4,81.9,1466.0,0.016,1.319,0.001,0.001,
1760398569.7919495,2025-10-13T18:36:09,20.3,81.9,1711.0,0.016,0.123,0.006,0.073,
1760398570.8255076,2025-10-13T18:36:10,19.7,81.9,1711.0,0.147,2.011,0.0,0.0,
1760398571.8608544,2025-10-13T18:36:11,22.6,81.9,1711.0,0.033,1.401,0.002,0.001,
1760398572.900703,2025-10-13T18:36:12,21.9,81.9,1711.0,0.066,1.495,0.0,0.0,
1760398573.9339259,2025-10-13T18:36:13,22.7,81.9,1711.0,0.049,0.176,0.014,0.01,
1760398574.9661217,2025-10-13T18:36:14,22.5,82.0,1711.0,0.115,1.688,0.008,0.005,
1760398576.0128176,2025-10-13T18:36:16,18.8,82.0,1711.0,0.213,1.839,0.002,0.001,
1760398577.0455964,2025-10-13T18:36:17,21.0,82.0,1711.0,0.016,1.552,0.001,0.001,
1760398578.08815,2025-10-13T18:36:18,36.7,82.3,1711.0,0.094,0.176,0.006,0.006,
1760398579.116552,2025-10-13T18:36:19,25.4,82.3,1711.0,0.016,0.524,0.028,0.02,
1760398580.154406,2025-10-13T18:36:20,21.4,82.0,1711.0,0.0,0.332,0.0,0.0,
1760398581.1850996,2025-10-13T18:36:21,19.5,82.0,1711.0,0.0,0.365,0.0,0.0,
1760398582.2163045,2025-10-13T18:36:22,31.4,82.3,1711.0,0.016,0.532,0.013,0.01,
1760398583.255952,2025-10-13T18:36:23,20.3,82.3,1711.0,0.033,0.623,0.0,0.001,
1760398584.293215,2025-10-13T18:36:24,21.1,82.3,1711.0,0.045,0.426,0.021,0.013,
1760398585.3292694,2025-10-13T18:36:25,23.2,82.5,1711.0,0.0,0.893,0.005,0.011,
1760398586.3656907,2025-10-13T18:36:26,32.8,82.7,1711.0,0.098,0.176,0.028,0.021,
1760398587.402951,2025-10-13T18:36:27,39.2,82.7,1711.0,0.0,1.065,0.001,0.003,
1760398588.4423592,2025-10-13T18:36:28,20.1,82.7,1711.0,0.0,0.36,0.0,0.0,
1760398589.4893444,2025-10-13T18:36:29,28.8,82.7,1711.0,0.066,0.373,0.015,0.014,
1760398590.5219512,2025-10-13T18:36:30,21.1,82.4,1466.0,0.049,0.303,0.001,0.002,
1760398591.538965,2025-10-13T18:36:31,21.3,82.5,1711.0,0.066,0.025,0.0,0.001,
1760398592.5803773,2025-10-13T18:36:32,18.8,82.5,1711.0,0.074,0.34,0.003,0.002,
1760398593.6164315,2025-10-13T18:36:33,22.5,82.5,1711.0,0.033,0.434,0.0,0.001,
1760398594.6559684,2025-10-13T18:36:34,23.1,82.5,1711.0,0.0,0.242,0.001,0.018,
1760398595.692669,2025-10-13T18:36:35,43.8,82.6,1711.0,0.073,0.123,0.021,0.124,
1760398596.722449,2025-10-13T18:36:36,40.5,82.6,1711.0,0.07,0.442,0.002,0.017,
1760398597.7567165,2025-10-13T18:36:37,40.0,82.6,1711.0,0.37,0.324,0.001,0.001,
1760398598.7885442,2025-10-13T18:36:38,27.3,82.6,1711.0,0.0,0.348,0.0,0.0,
1760398599.8250322,2025-10-13T18:36:39,21.6,82.6,1711.0,0.0,0.074,0.001,0.001,
1760398600.8625133,2025-10-13T18:36:40,23.8,82.5,1711.0,0.0,0.299,0.0,0.0,
1760398601.8991177,2025-10-13T18:36:41,23.7,82.5,1711.0,0.033,0.582,0.011,0.006,
1760398602.9377258,2025-10-13T18:36:42,22.2,82.5,1711.0,0.082,0.426,0.0,0.0,
1760398603.9763272,2025-10-13T18:36:43,30.4,82.1,1711.0,0.0,0.045,0.001,0.002,
1760398605.0113175,2025-10-13T18:36:45,30.4,82.1,1711.0,0.0,0.217,0.0,0.0,
1760398606.0525331,2025-10-13T18:36:46,33.8,81.7,1711.0,0.152,2.118,0.008,0.008,
1760398607.0869262,2025-10-13T18:36:47,45.0,81.1,1711.0,0.049,0.492,0.001,0.001,
1760398608.1251109,2025-10-13T18:36:48,41.1,81.3,1711.0,1.04,0.025,0.007,0.004,
1760398609.1535802,2025-10-13T18:36:49,51.1,81.1,1711.0,0.037,0.7,0.001,0.003,
1760398610.1892726,2025-10-13T18:36:50,41.3,80.7,1711.0,0.0,0.336,0.004,0.006,
1760398611.2224295,2025-10-13T18:36:51,34.1,79.9,1711.0,0.074,0.373,0.0,0.002,
1760398612.2563722,2025-10-13T18:36:52,28.2,80.0,1711.0,0.008,0.061,0.002,0.004,
1760398613.293458,2025-10-13T18:36:53,29.1,80.0,1711.0,0.381,0.578,0.001,0.002,
1760398614.3342009,2025-10-13T18:36:54,27.0,80.1,1711.0,0.0,0.303,0.001,0.003,
1760398615.3716486,2025-10-13T18:36:55,25.6,80.0,1711.0,0.016,0.455,0.067,0.009,
1760398616.406836,2025-10-13T18:36:56,22.3,80.1,1466.0,0.033,0.426,0.001,0.002,
1760398617.4414446,2025-10-13T18:36:57,23.8,80.1,1711.0,0.127,0.602,0.009,0.03,
1760398618.4779956,2025-10-13T18:36:58,22.5,80.1,1711.0,0.0,0.27,0.001,0.001,
1760398619.5228684,2025-10-13T18:36:59,19.7,80.1,1711.0,0.016,0.393,0.0,0.005,
1760398620.558063,2025-10-13T18:37:00,20.9,80.1,1711.0,0.014,0.299,0.0,0.0,
1760398621.594486,2025-10-13T18:37:01,29.5,79.5,1711.0,0.0,0.037,0.0,0.0,
1760398622.6393142,2025-10-13T18:37:02,22.4,79.5,1711.0,0.0,0.307,0.003,0.002,
1760398623.677915,2025-10-13T18:37:03,21.0,79.4,1711.0,0.0,0.299,0.0,0.0,
1760398624.7172613,2025-10-13T18:37:04,21.3,79.4,1711.0,0.0,0.279,0.0,0.0,
1760398625.7539876,2025-10-13T18:37:05,15.7,79.4,1711.0,0.0,0.127,0.0,0.0,
1760398626.7948818,2025-10-13T18:37:06,23.3,79.4,1711.0,0.016,0.295,0.001,0.001,
1760398627.8358274,2025-10-13T18:37:07,22.6,79.6,1711.0,0.016,0.455,0.01,0.009,
1760398628.872475,2025-10-13T18:37:08,25.0,79.5,1711.0,0.0,0.393,0.0,0.0,
1760398629.903579,2025-10-13T18:37:09,33.4,79.5,1711.0,0.0,0.037,0.009,0.001,
1760398630.942807,2025-10-13T18:37:10,24.4,79.5,1711.0,0.016,0.672,0.0,0.0,
1760398631.9755824,2025-10-13T18:37:11,21.7,79.5,1711.0,0.147,0.557,0.001,0.001,
1760398633.0065563,2025-10-13T18:37:13,23.5,79.5,1711.0,0.033,0.352,0.0,0.0,
1760398634.0392914,2025-10-13T18:37:14,19.6,79.5,1711.0,0.0,0.037,0.0,0.0,
1760398635.0779178,2025-10-13T18:37:15,24.4,79.6,1711.0,0.082,0.578,0.001,0.001,
1760398636.1152077,2025-10-13T18:37:16,22.9,79.6,1711.0,0.016,0.614,0.001,0.001,
1760398637.1579006,2025-10-13T18:37:17,22.3,79.6,1711.0,0.049,3.101,0.001,0.001,
1760398638.1949437,2025-10-13T18:37:18,21.8,79.6,1711.0,0.0,1.073,0.001,0.001,
1760398639.2360592,2025-10-13T18:37:19,23.2,79.6,1711.0,0.0,2.593,0.0,0.0,
1760398640.2705057,2025-10-13T18:37:20,23.5,79.6,1711.0,0.049,7.737,0.0,0.0,
1760398641.3029258,2025-10-13T18:37:21,23.1,79.6,1711.0,0.115,1.933,0.004,0.005,
1760398642.3331525,2025-10-13T18:37:22,23.3,79.6,1711.0,0.0,3.015,0.001,0.001,
1760398643.365639,2025-10-13T18:37:23,24.8,79.6,1711.0,0.0,2.757,0.004,0.008,
1760398644.3978605,2025-10-13T18:37:24,21.5,79.7,1711.0,0.066,2.728,0.0,0.0,
1760398645.4244902,2025-10-13T18:37:25,24.1,79.7,1711.0,0.0,1.806,0.012,0.006,
1760398646.4402096,2025-10-13T18:37:26,18.3,79.7,1711.0,0.033,1.573,0.001,0.002,
1760398647.4691584,2025-10-13T18:37:27,18.5,79.7,1711.0,0.0,0.618,0.009,0.009,
1760398648.50482,2025-10-13T18:37:28,21.1,79.7,1711.0,0.0,1.487,0.0,0.0,
1760398649.5432081,2025-10-13T18:37:29,24.9,79.8,1711.0,0.115,1.95,0.0,0.004,
1760398650.5783525,2025-10-13T18:37:30,21.0,79.9,1466.0,0.164,1.556,0.005,0.007,
1760398651.5981972,2025-10-13T18:37:31,25.3,80.1,1711.0,0.0,0.324,0.007,0.008,
1760398652.6248677,2025-10-13T18:37:32,26.2,80.1,1711.0,0.18,1.368,0.002,0.007,
1760398653.6706893,2025-10-13T18:37:33,27.3,80.0,1711.0,0.0,1.495,0.015,0.036,
1760398654.7057865,2025-10-13T18:37:34,22.9,80.0,1711.0,0.016,0.639,0.0,0.0,
1760398655.743455,2025-10-13T18:37:35,22.6,80.0,1711.0,0.131,0.029,0.004,0.006,
1760398656.7795424,2025-10-13T18:37:36,21.9,80.0,1711.0,0.0,0.344,0.0,0.0,
1760398657.819708,2025-10-13T18:37:37,20.5,80.0,1711.0,0.0,0.319,0.001,0.001,
1760398658.850139,2025-10-13T18:37:38,20.8,80.0,1711.0,0.016,0.225,0.0,0.001,
1760398659.8897767,2025-10-13T18:37:39,21.7,80.0,1711.0,0.0,0.0,0.002,0.001,
1760398660.9235177,2025-10-13T18:37:40,18.9,80.1,1711.0,0.0,0.164,0.0,0.0,
1760398661.9591322,2025-10-13T18:37:41,17.3,80.0,1711.0,0.0,0.139,0.001,0.0,
1760398663.0008652,2025-10-13T18:37:43,17.6,80.0,1711.0,0.0,0.049,0.001,0.001,
1760398664.0385845,2025-10-13T18:37:44,23.9,80.0,1711.0,0.0,0.057,0.007,0.006,
1760398665.068049,2025-10-13T18:37:45,21.5,80.0,1711.0,0.016,0.102,0.0,0.0,
1760398666.1002967,2025-10-13T18:37:46,18.0,79.9,1711.0,0.016,0.496,0.0,0.001,
1760398667.138834,2025-10-13T18:37:47,19.0,79.9,1711.0,0.0,0.242,0.0,0.0,
1760398668.180037,2025-10-13T18:37:48,17.5,79.9,1711.0,0.0,0.057,0.001,0.001,
1760398669.2149737,2025-10-13T18:37:49,20.1,79.9,1711.0,0.0,0.07,0.0,0.0,
1760398670.2464647,2025-10-13T18:37:50,17.1,79.9,1711.0,0.033,0.414,0.0,0.0,
1760398671.2849154,2025-10-13T18:37:51,17.4,79.9,1711.0,0.0,0.193,0.0,0.0,
1760398672.314736,2025-10-13T18:37:52,22.0,79.9,1711.0,0.0,0.07,0.005,0.005,
1760398673.3435483,2025-10-13T18:37:53,19.7,79.9,1711.0,0.0,0.0,0.002,0.007,
1760398674.3747447,2025-10-13T18:37:54,26.4,80.1,1711.0,0.623,0.152,0.001,0.002,
1760398675.415373,2025-10-13T18:37:55,35.1,80.2,1711.0,0.09,0.766,0.004,0.01,
1760398676.4481618,2025-10-13T18:37:56,30.7,80.1,1711.0,0.033,0.139,0.001,0.002,
1760398677.4847064,2025-10-13T18:37:57,22.6,80.2,1711.0,0.0,0.115,0.002,0.001,
1760398678.5226417,2025-10-13T18:37:58,20.5,80.1,1711.0,0.041,0.143,0.011,0.006,
1760398679.5645647,2025-10-13T18:37:59,17.9,80.2,1711.0,0.0,0.283,0.001,0.006,
1760398680.5999706,2025-10-13T18:38:00,26.9,80.1,1711.0,0.618,0.07,0.003,0.001,
1760398681.6437204,2025-10-13T18:38:01,39.0,80.8,1711.0,0.037,0.238,0.002,0.006,
1760398682.6769118,2025-10-13T18:38:02,27.6,80.6,1711.0,0.0,0.242,0.009,0.002,
1760398683.7159455,2025-10-13T18:38:03,19.6,80.6,1711.0,0.0,0.139,0.006,0.006,
1760398684.749149,2025-10-13T18:38:04,22.2,80.4,1711.0,0.0,0.606,0.001,0.001,
1760398685.7827141,2025-10-13T18:38:05,17.6,80.3,1711.0,0.0,0.0,0.0,0.0,
1760398686.818981,2025-10-13T18:38:06,19.1,80.3,1711.0,0.0,0.135,0.001,0.002,
1760398687.8577688,2025-10-13T18:38:07,24.2,80.4,1711.0,0.0,0.213,0.026,0.017,
1760398688.887528,2025-10-13T18:38:08,29.2,80.7,1711.0,0.025,0.09,0.009,0.015,
1760398689.9179204,2025-10-13T18:38:09,30.1,80.8,1711.0,0.0,0.168,0.016,0.002,
1760398690.9517517,2025-10-13T18:38:10,24.2,80.8,1711.0,0.0,0.172,0.006,0.027,
1760398691.9846056,2025-10-13T18:38:11,28.3,80.8,1711.0,0.077,0.336,0.016,0.056,
1760398693.0165794,2025-10-13T18:38:13,27.1,80.8,1711.0,0.096,0.18,0.003,0.007,
1760398694.0532272,2025-10-13T18:38:14,33.2,80.8,1711.0,0.057,0.647,0.016,0.009,
1760398695.0843499,2025-10-13T18:38:15,34.7,80.9,1711.0,0.59,0.348,0.002,0.013,
1760398696.1192298,2025-10-13T18:38:16,22.8,80.9,1711.0,0.451,0.713,0.001,0.003,
1760398697.1601202,2025-10-13T18:38:17,22.1,80.9,1711.0,0.0,0.459,0.001,0.002,
1760398698.1990912,2025-10-13T18:38:18,21.8,81.0,1711.0,0.0,0.09,0.01,0.008,
1760398699.2358007,2025-10-13T18:38:19,22.3,80.9,1711.0,0.049,0.033,0.001,0.002,
1760398700.2773995,2025-10-13T18:38:20,26.2,80.9,1711.0,0.082,1.077,0.001,0.002,
1760398701.3175318,2025-10-13T18:38:21,24.6,80.9,1711.0,0.0,0.152,0.0,0.003,
1760398702.3513262,2025-10-13T18:38:22,22.1,80.9,1711.0,0.0,0.254,0.002,0.002,
1760398703.3801513,2025-10-13T18:38:23,22.9,80.9,1711.0,0.0,0.0,0.006,0.008,
1760398704.4122884,2025-10-13T18:38:24,26.1,80.9,1711.0,0.0,0.045,0.0,0.001,
1760398705.4439094,2025-10-13T18:38:25,24.8,80.8,1711.0,0.0,0.18,0.0,0.001,
1760398706.479913,2025-10-13T18:38:26,26.3,80.8,1711.0,0.016,0.184,0.0,0.002,
1760398707.5150006,2025-10-13T18:38:27,26.7,80.9,1711.0,0.0,0.078,0.005,0.006,
1760398708.550278,2025-10-13T18:38:28,27.5,80.9,1711.0,0.0,0.225,0.004,0.006,
1760398709.5904458,2025-10-13T18:38:29,27.2,80.9,1711.0,0.0,0.68,0.001,0.006,
1760398710.6265728,2025-10-13T18:38:30,25.6,81.0,1711.0,0.033,0.344,0.001,0.002,
1760398711.6520731,2025-10-13T18:38:31,28.2,81.0,1711.0,0.0,0.0,0.0,0.002,
1760398712.6825514,2025-10-13T18:38:32,26.5,80.8,1711.0,0.0,0.127,0.001,0.002,
1760398713.7182958,2025-10-13T18:38:33,26.3,80.8,1711.0,0.0,0.094,0.0,0.002,
1760398714.7519107,2025-10-13T18:38:34,26.2,80.9,1711.0,0.0,0.057,0.0,0.002,
1760398715.7909126,2025-10-13T18:38:35,26.4,81.0,1711.0,0.066,0.0,0.0,0.002,
1760398716.829967,2025-10-13T18:38:36,24.6,80.9,1711.0,0.0,0.053,0.001,0.002,
1760398717.8687851,2025-10-13T18:38:37,21.1,81.0,1711.0,0.033,0.336,0.002,0.003,
1760398718.9028087,2025-10-13T18:38:38,25.9,81.0,1711.0,0.0,0.09,0.015,0.01,
1760398719.9371018,2025-10-13T18:38:39,22.1,81.0,1711.0,0.0,0.127,0.045,0.006,
1760398720.966916,2025-10-13T18:38:40,17.7,81.0,1711.0,0.0,0.049,0.001,0.028,
1760398722.0109901,2025-10-13T18:38:42,19.4,81.0,1711.0,0.0,0.152,0.001,0.001,
1760398723.0432775,2025-10-13T18:38:43,21.1,81.0,1711.0,0.0,0.135,0.011,0.003,
1760398724.0789447,2025-10-13T18:38:44,22.8,81.0,1711.0,0.0,0.098,0.001,0.002,
1760398725.1122015,2025-10-13T18:38:45,25.5,80.7,1711.0,0.0,0.004,0.001,0.001,
1760398726.1494284,2025-10-13T18:38:46,20.4,80.5,1711.0,0.197,0.266,0.001,0.005,
1760398727.1828523,2025-10-13T18:38:47,19.0,80.5,1711.0,0.0,0.856,0.008,0.002,
1760398728.2175202,2025-10-13T18:38:48,19.2,80.5,1711.0,0.0,0.131,0.001,0.002,
1760398729.2558298,2025-10-13T18:38:49,21.3,80.5,1711.0,0.0,0.0,0.002,0.002,
1760398730.2885942,2025-10-13T18:38:50,23.8,80.5,1711.0,0.0,0.254,0.001,0.002,
1760398731.314839,2025-10-13T18:38:51,27.9,80.4,1711.0,0.0,0.377,0.001,0.004,
1760398732.3414218,2025-10-13T18:38:52,27.4,80.4,1711.0,0.0,0.229,0.008,0.003,
1760398733.372508,2025-10-13T18:38:53,28.1,80.5,1711.0,0.0,0.0,0.002,0.006,
1760398734.4086177,2025-10-13T18:38:54,21.9,80.5,1711.0,0.0,0.102,0.007,0.009,
1760398735.4481633,2025-10-13T18:38:55,21.9,80.4,1711.0,0.0,0.078,0.002,0.004,
1760398736.484415,2025-10-13T18:38:56,21.0,80.5,1711.0,0.0,0.152,0.016,0.004,
1760398737.5198085,2025-10-13T18:38:57,19.8,80.4,1711.0,0.0,0.0,0.001,0.001,
1760398738.5629797,2025-10-13T18:38:58,18.7,80.4,1711.0,0.0,0.102,0.001,0.001,
1760398739.6013656,2025-10-13T18:38:59,18.2,80.4,1711.0,0.0,0.242,0.0,0.005,
1760398740.6345353,2025-10-13T18:39:00,32.2,80.4,1711.0,0.0,0.041,0.01,0.008,
1760398741.660654,2025-10-13T18:39:01,27.5,80.4,1711.0,0.0,0.033,0.008,0.004,
1760398742.6933699,2025-10-13T18:39:02,27.7,80.3,1711.0,0.0,0.139,0.003,0.003,
1760398743.728423,2025-10-13T18:39:03,21.2,80.3,1711.0,0.0,0.254,0.0,0.002,
1760398744.7575192,2025-10-13T18:39:04,21.4,80.4,1711.0,0.0,0.176,0.002,0.004,
1760398745.8457751,2025-10-13T18:39:05,20.3,80.4,1711.0,0.0,0.004,0.001,0.002,
1760398746.8780634,2025-10-13T18:39:06,20.8,80.4,1711.0,0.0,0.233,0.0,0.001,
1760398747.9208877,2025-10-13T18:39:07,23.6,80.5,1711.0,0.0,0.246,0.009,0.012,
1760398748.9572706,2025-10-13T18:39:08,24.3,80.6,1711.0,0.0,0.131,0.001,0.002,
1760398749.9984548,2025-10-13T18:39:09,19.7,80.5,1711.0,0.0,0.082,0.012,0.007,
1760398751.0369258,2025-10-13T18:39:11,20.0,80.6,1711.0,0.0,0.143,0.001,0.002,
1760398752.0657165,2025-10-13T18:39:12,24.6,80.7,1711.0,0.0,0.098,0.0,0.002,
1760398753.0945184,2025-10-13T18:39:13,25.3,80.7,1711.0,0.0,0.049,0.002,0.003,
1760398754.1336203,2025-10-13T18:39:14,27.1,80.7,1711.0,0.0,0.369,0.0,0.002,
1760398755.1665084,2025-10-13T18:39:15,27.5,80.7,1711.0,0.0,0.111,0.006,0.008,
1760398756.1999805,2025-10-13T18:39:16,28.9,80.8,1711.0,0.0,0.446,0.001,0.002,
1760398757.2353861,2025-10-13T18:39:17,27.0,80.8,1711.0,0.0,0.041,0.001,0.002,
1760398758.268914,2025-10-13T18:39:18,25.3,80.8,1711.0,0.0,0.152,0.002,0.003,
1760398759.3004777,2025-10-13T18:39:19,24.3,80.8,1711.0,0.0,0.0,0.0,0.001,
1760398760.3376105,2025-10-13T18:39:20,23.3,80.9,1711.0,0.0,0.197,0.001,0.002,
1760398761.3638937,2025-10-13T18:39:21,25.4,80.9,1711.0,0.0,0.127,0.001,0.002,
1760398762.4003956,2025-10-13T18:39:22,23.9,81.0,1711.0,0.0,0.266,0.0,0.001,
1760398763.4336352,2025-10-13T18:39:23,22.2,81.0,1711.0,0.0,0.0,0.001,0.002,
1760398764.4747393,2025-10-13T18:39:24,21.7,81.0,1711.0,0.033,0.315,0.001,0.002,
1760398765.5107274,2025-10-13T18:39:25,28.2,81.1,1711.0,0.0,0.082,0.006,0.008,
1760398766.549437,2025-10-13T18:39:26,27.4,81.2,1711.0,0.016,0.131,0.0,0.002,
1760398767.5903347,2025-10-13T18:39:27,26.8,81.2,1711.0,0.0,0.0,0.0,0.002,
1760398768.6313205,2025-10-13T18:39:28,26.8,81.2,1711.0,0.016,0.143,0.001,0.002,
1760398769.659787,2025-10-13T18:39:29,29.1,81.3,1711.0,0.0,0.049,0.0,0.006,
1760398770.6905506,2025-10-13T18:39:30,26.4,81.4,1711.0,0.0,0.492,0.0,0.002,
1760398771.7274158,2025-10-13T18:39:31,21.2,81.4,1711.0,0.0,0.0,0.045,0.028,
1760398772.7662203,2025-10-13T18:39:32,17.9,81.4,1711.0,0.0,0.102,0.002,0.001,
1760398773.8003962,2025-10-13T18:39:33,29.2,81.1,1711.0,0.0,0.598,0.001,0.001,
1760398774.8354163,2025-10-13T18:39:34,28.5,81.4,1711.0,0.049,0.524,0.0,0.001,
1760398775.8683882,2025-10-13T18:39:35,40.9,81.5,1711.0,0.066,0.037,0.006,0.006,
1760398776.9045928,2025-10-13T18:39:36,24.7,81.6,1711.0,0.016,0.43,0.0,0.001,
1760398777.9539666,2025-10-13T18:39:37,22.0,81.5,1711.0,0.0,0.168,0.0,0.0,
1760398778.987608,2025-10-13T18:39:38,30.5,81.3,1711.0,0.102,0.115,0.001,0.001,
1760398780.0268219,2025-10-13T18:39:40,18.3,81.2,1711.0,0.0,0.254,0.0,0.0,
1760398781.0458865,2025-10-13T18:39:41,19.7,81.2,1711.0,0.0,0.127,0.012,0.007,
1760398782.082422,2025-10-13T18:39:42,26.7,81.5,1711.0,0.0,0.205,0.0,0.0,
1760398783.1201403,2025-10-13T18:39:43,21.4,81.5,1711.0,0.045,0.225,0.0,0.0,
1760398784.1590612,2025-10-13T18:39:44,23.9,81.5,1711.0,0.0,0.229,0.001,0.001,
1760398785.1897688,2025-10-13T18:39:45,20.4,81.5,1711.0,0.0,0.508,0.0,0.0,
1760398786.2273083,2025-10-13T18:39:46,18.3,81.4,1711.0,0.033,0.393,0.0,0.0,
1760398787.2627935,2025-10-13T18:39:47,17.7,81.5,1711.0,0.066,0.164,0.0,0.001,
1760398788.303387,2025-10-13T18:39:48,16.2,81.3,1711.0,0.0,0.094,0.001,0.001,
1760398789.3359559,2025-10-13T18:39:49,18.4,81.0,1711.0,0.0,0.0,0.0,0.0,
1760398790.3696837,2025-10-13T18:39:50,17.4,81.0,1711.0,0.0,0.319,0.0,0.0,
1760398791.4061074,2025-10-13T18:39:51,18.0,81.0,1711.0,0.0,0.102,0.007,0.007,
1760398792.439494,2025-10-13T18:39:52,19.7,80.9,1711.0,0.0,0.164,0.0,0.0,
1760398793.47618,2025-10-13T18:39:53,20.8,80.9,1711.0,0.0,0.0,0.001,0.0,
1760398794.5097241,2025-10-13T18:39:54,19.7,81.0,1711.0,0.016,0.16,0.0,0.0,
1760398795.5433073,2025-10-13T18:39:55,22.9,81.0,1711.0,0.0,0.319,0.004,0.005,
1760398796.5714772,2025-10-13T18:39:56,27.2,80.9,1711.0,0.0,0.135,0.0,0.001,
1760398797.6013076,2025-10-13T18:39:57,26.5,80.9,1711.0,0.0,0.0,0.001,0.001,
1760398798.6290758,2025-10-13T18:39:58,22.5,80.9,1711.0,0.016,0.193,0.001,0.001,
1760398799.6637082,2025-10-13T18:39:59,20.9,80.9,1711.0,0.0,0.184,0.0,0.005,
1760398800.703316,2025-10-13T18:40:00,20.7,80.9,1711.0,0.0,0.299,0.0,0.001,
1760398801.7448616,2025-10-13T18:40:01,17.5,80.9,1711.0,0.0,0.037,0.007,0.001,
1760398802.7885334,2025-10-13T18:40:02,16.7,80.9,1711.0,0.0,0.106,0.0,0.0,
1760398803.8240495,2025-10-13T18:40:03,17.0,80.9,1466.0,0.0,0.213,0.001,0.001,
1760398804.8631506,2025-10-13T18:40:04,17.7,80.9,1711.0,0.0,0.197,0.013,0.013,
1760398805.8989456,2025-10-13T18:40:05,16.5,80.9,1711.0,0.0,0.197,0.0,0.0,
1760398806.939358,2025-10-13T18:40:06,18.0,80.9,1711.0,0.02,0.004,0.0,0.0,
1760398807.9780724,2025-10-13T18:40:07,19.1,80.9,1711.0,0.0,0.287,0.009,0.006,
1760398809.0111887,2025-10-13T18:40:09,18.8,81.0,1711.0,0.0,0.262,0.001,0.001,
1760398810.0455568,2025-10-13T18:40:10,22.7,80.9,1711.0,0.016,0.229,0.0,0.0,
1760398811.0841076,2025-10-13T18:40:11,19.9,80.9,1711.0,0.0,0.156,0.0,0.0,
1760398812.1104853,2025-10-13T18:40:12,21.4,80.9,1711.0,0.0,0.287,0.0,0.001,
1760398813.1422248,2025-10-13T18:40:13,21.1,80.9,1711.0,0.0,0.078,0.0,0.0,
1760398814.1843228,2025-10-13T18:40:14,24.1,81.0,1711.0,0.0,0.184,0.001,0.001,
1760398815.2155437,2025-10-13T18:40:15,20.3,80.9,1711.0,0.0,0.0,0.0,0.0,
1760398816.2591598,2025-10-13T18:40:16,21.5,80.9,1711.0,0.0,0.422,0.0,0.0,
1760398817.2922244,2025-10-13T18:40:17,22.8,80.9,1711.0,0.0,0.193,0.007,0.006,
1760398818.334205,2025-10-13T18:40:18,21.0,80.9,1711.0,0.0,0.152,0.002,0.001,
1760398819.3759968,2025-10-13T18:40:19,20.3,80.9,1711.0,0.0,0.102,0.001,0.001,
1760398820.4112992,2025-10-13T18:40:20,20.7,80.9,1711.0,0.0,0.115,0.0,0.0,
1760398821.4470313,2025-10-13T18:40:21,15.4,80.9,1711.0,0.0,0.233,0.0,0.0,
1760398822.4775074,2025-10-13T18:40:22,21.0,81.0,1711.0,0.0,0.238,0.015,0.002,
1760398823.5114322,2025-10-13T18:40:23,20.5,81.0,1711.0,0.0,0.0,0.0,0.0,
1760398824.5495853,2025-10-13T18:40:24,19.0,81.0,1711.0,0.0,0.061,0.001,0.001,
1760398825.5866368,2025-10-13T18:40:25,37.2,81.5,1711.0,0.246,0.467,0.001,0.001,
1760398826.6346464,2025-10-13T18:40:26,30.5,81.5,1711.0,0.0,1.253,0.004,0.006,
1760398827.667652,2025-10-13T18:40:27,22.4,81.5,1711.0,0.0,0.0,0.0,0.0,
1760398828.7008,2025-10-13T18:40:28,24.1,81.5,1711.0,0.0,0.201,0.0,0.0,
1760398829.739293,2025-10-13T18:40:29,26.4,81.5,1711.0,0.0,0.102,0.021,0.023,
1760398830.7745593,2025-10-13T18:40:30,20.4,81.1,1711.0,0.0,0.131,0.0,0.003,
1760398831.8192348,2025-10-13T18:40:31,20.1,81.2,1711.0,0.25,0.401,0.002,0.005,
1760398832.8567114,2025-10-13T18:40:32,18.9,81.2,1711.0,0.0,0.401,0.0,0.004,
1760398833.8870554,2025-10-13T18:40:33,30.1,81.2,1711.0,0.016,0.446,0.001,0.001,
1760398834.913659,2025-10-13T18:40:34,24.3,81.2,1711.0,0.016,0.868,0.004,0.001,
1760398835.9549308,2025-10-13T18:40:35,24.7,81.2,1711.0,0.033,0.475,0.002,0.005,
1760398836.9974334,2025-10-13T18:40:36,25.9,81.4,1711.0,0.098,0.041,0.001,0.001,
1760398838.0350144,2025-10-13T18:40:38,30.3,81.6,1711.0,0.0,0.254,0.001,0.001,
1760398839.0785167,2025-10-13T18:40:39,27.3,81.8,1711.0,0.0,0.36,0.01,0.008,
1760398840.114199,2025-10-13T18:40:40,26.8,82.1,1711.0,0.0,0.213,0.0,0.001,
1760398841.148134,2025-10-13T18:40:41,26.3,81.3,1711.0,0.033,0.188,0.0,0.0,
1760398842.1875274,2025-10-13T18:40:42,18.7,81.2,1711.0,0.0,0.279,0.0,0.001,
1760398843.2247474,2025-10-13T18:40:43,43.2,81.3,1711.0,0.09,0.197,0.01,0.013,
1760398844.2546897,2025-10-13T18:40:44,32.6,81.2,1711.0,0.295,0.258,0.001,0.001,
1760398845.2927744,2025-10-13T18:40:45,26.9,81.1,1711.0,0.0,0.184,0.003,0.001,
1760398846.3271768,2025-10-13T18:40:46,28.4,81.0,1711.0,0.016,0.27,0.001,0.001,
1760398847.3563776,2025-10-13T18:40:47,45.4,81.1,1711.0,0.0,0.385,0.012,0.008,
1760398848.3811963,2025-10-13T18:40:48,21.7,81.4,1711.0,0.049,0.532,0.0,0.0,
1760398849.4175131,2025-10-13T18:40:49,23.2,81.4,1711.0,0.135,0.041,0.001,0.001,
1760398850.4529512,2025-10-13T18:40:50,17.9,81.4,1711.0,0.0,0.528,0.0,0.0,
1760398851.4896994,2025-10-13T18:40:51,24.4,81.2,1711.0,0.0,0.283,0.0,0.0,
1760398852.5323553,2025-10-13T18:40:52,22.0,81.2,1711.0,0.098,0.446,0.0,0.0,
1760398853.5649958,2025-10-13T18:40:53,21.2,81.2,1711.0,0.0,0.0,0.0,0.0,
1760398854.6056669,2025-10-13T18:40:54,21.1,81.2,1711.0,0.0,0.791,0.001,0.003,
1760398855.6384034,2025-10-13T18:40:55,26.5,81.1,1711.0,0.0,0.188,0.0,0.001,
1760398856.671863,2025-10-13T18:40:56,28.4,81.1,1711.0,0.0,0.356,0.006,0.007,
1760398857.701557,2025-10-13T18:40:57,23.9,81.1,1711.0,0.016,0.262,0.005,0.006,
1760398858.73008,2025-10-13T18:40:58,20.4,81.1,1711.0,0.0,0.025,0.0,0.001,
1760398859.7691917,2025-10-13T18:40:59,20.8,81.0,1711.0,0.041,0.25,0.001,0.005,
1760398860.8052924,2025-10-13T18:41:00,22.0,81.0,1711.0,0.0,0.545,0.0,0.0,
1760398861.8358603,2025-10-13T18:41:01,21.9,81.0,1711.0,0.0,0.303,0.006,0.007,
1760398862.8666265,2025-10-13T18:41:02,20.4,81.0,1711.0,0.131,0.0,0.001,0.001,
1760398863.9082465,2025-10-13T18:41:03,18.5,81.0,1711.0,0.0,0.36,0.0,0.001,
1760398864.9319427,2025-10-13T18:41:04,20.1,81.0,1711.0,0.016,0.373,0.001,0.001,
1760398865.9653988,2025-10-13T18:41:05,49.3,81.9,1711.0,0.033,0.168,0.0,0.001,
1760398867.0820186,2025-10-13T18:41:07,28.9,81.8,1711.0,0.106,0.111,0.009,0.007,
1760398868.110255,2025-10-13T18:41:08,28.6,81.8,1711.0,0.0,0.467,0.0,0.0,
1760398869.180827,2025-10-13T18:41:09,33.1,82.0,1711.0,0.0,0.217,0.001,0.002,
1760398870.2170122,2025-10-13T18:41:10,26.6,81.8,1711.0,0.0,0.307,0.006,0.073,
1760398871.2479284,2025-10-13T18:41:11,23.2,81.6,1711.0,0.377,0.0,0.0,0.001,
1760398872.2813377,2025-10-13T18:41:12,41.5,81.1,1711.0,0.0,1.45,0.0,0.001,
1760398873.310306,2025-10-13T18:41:13,39.2,80.6,1711.0,0.0,0.385,0.0,0.0,
1760398874.3428128,2025-10-13T18:41:14,25.6,80.6,1711.0,0.193,0.262,0.001,0.001,
1760398875.3740172,2025-10-13T18:41:15,24.3,80.4,1711.0,0.025,0.209,0.0,0.001,
1760398876.403736,2025-10-13T18:41:16,26.0,80.3,1711.0,0.016,0.434,0.0,0.001,
1760398877.4393227,2025-10-13T18:41:17,18.8,80.4,1711.0,0.0,0.565,0.001,0.002,
1760398878.4743397,2025-10-13T18:41:18,19.4,80.4,1711.0,0.0,0.225,0.001,0.001,
1760398879.510599,2025-10-13T18:41:19,20.0,80.4,1711.0,0.0,0.36,0.007,0.002,
1760398880.5494537,2025-10-13T18:41:20,18.7,80.4,1711.0,0.066,0.0,0.001,0.001,
1760398881.5858376,2025-10-13T18:41:21,17.9,80.4,1711.0,0.016,0.414,0.0,0.0,
1760398882.61835,2025-10-13T18:41:22,19.1,80.4,1711.0,0.082,0.397,0.0,0.001,
1760398883.6515656,2025-10-13T18:41:23,19.0,80.4,1711.0,0.0,0.266,0.001,0.001,
1760398884.6889048,2025-10-13T18:41:24,18.9,80.5,1711.0,0.0,0.086,0.016,0.002,
1760398885.7186291,2025-10-13T18:41:25,21.2,80.6,1711.0,0.0,0.336,0.0,0.001,
1760398886.7577546,2025-10-13T18:41:26,26.8,80.7,1711.0,0.0,0.221,0.001,0.001,
1760398887.7913806,2025-10-13T18:41:27,22.6,80.8,1711.0,0.082,0.348,0.0,0.001,
1760398888.8259974,2025-10-13T18:41:28,24.2,80.8,1711.0,0.004,0.004,0.006,0.005,
1760398889.862804,2025-10-13T18:41:29,23.4,80.8,1711.0,0.016,0.475,0.012,0.01,
1760398890.8993187,2025-10-13T18:41:30,30.0,80.9,1711.0,0.0,0.344,0.0,0.001,
1760398891.937109,2025-10-13T18:41:31,23.2,80.9,1711.0,0.0,0.258,0.011,0.008,
1760398892.9702878,2025-10-13T18:41:32,25.7,80.9,1711.0,0.0,0.057,0.001,0.001,
1760398894.0087032,2025-10-13T18:41:34,21.2,80.7,1711.0,0.016,0.979,0.0,0.0,
1760398895.0419059,2025-10-13T18:41:35,26.3,81.0,1711.0,0.033,0.61,0.001,0.001,
1760398896.0708573,2025-10-13T18:41:36,30.8,81.1,1711.0,0.0,0.311,0.0,0.0,
1760398897.112185,2025-10-13T18:41:37,25.8,81.4,1711.0,0.0,0.0,0.01,0.006,
1760398898.147364,2025-10-13T18:41:38,27.1,81.6,1711.0,0.016,0.549,0.001,0.002,
1760398899.1790974,2025-10-13T18:41:39,22.7,81.8,1711.0,7.22,0.336,0.001,0.001,
1760398900.2181842,2025-10-13T18:41:40,26.1,81.8,1711.0,2.044,0.512,0.001,0.001,
1760398901.2627494,2025-10-13T18:41:41,24.4,81.9,1711.0,1.498,0.111,0.005,0.008,
1760398902.3009658,2025-10-13T18:41:42,21.1,81.7,1711.0,0.033,0.381,0.008,0.008,
1760398903.3346455,2025-10-13T18:41:43,22.6,81.5,1711.0,0.09,0.647,0.0,0.0,
1760398904.3741841,2025-10-13T18:41:44,24.0,81.5,1711.0,0.418,0.442,0.001,0.001,
1760398905.4118476,2025-10-13T18:41:45,19.1,81.6,1711.0,0.025,0.36,0.0,0.0,
1760398906.4537206,2025-10-13T18:41:46,18.1,81.6,1711.0,0.037,0.098,0.009,0.003,
1760398907.4801822,2025-10-13T18:41:47,22.5,81.6,1711.0,0.033,1.311,0.0,0.001,
1760398908.507036,2025-10-13T18:41:48,24.2,81.2,1711.0,0.033,0.377,0.0,0.0,
1760398909.537104,2025-10-13T18:41:49,30.1,80.8,1711.0,0.049,0.569,0.001,0.001,
1760398910.5691621,2025-10-13T18:41:50,20.7,80.6,1711.0,0.016,0.074,0.0,0.0,
1760398911.6069179,2025-10-13T18:41:51,19.3,80.4,1711.0,0.033,0.524,0.0,0.001,
1760398912.636454,2025-10-13T18:41:52,17.0,80.5,1711.0,0.0,0.27,0.0,0.0,
1760398913.6735115,2025-10-13T18:41:53,17.4,80.5,1711.0,0.066,0.766,0.0,0.0,
1760398914.7129393,2025-10-13T18:41:54,19.7,80.5,1711.0,0.0,0.127,0.001,0.001,
1760398915.7497334,2025-10-13T18:41:55,17.0,80.5,1711.0,0.0,0.319,0.001,0.001,
1760398916.7786767,2025-10-13T18:41:56,16.9,80.5,1711.0,0.0,0.193,0.0,0.001,
1760398917.8166115,2025-10-13T18:41:57,19.6,80.5,1711.0,0.016,0.377,0.001,0.001,
1760398918.8456523,2025-10-13T18:41:58,17.7,80.5,1711.0,0.0,0.061,0.001,0.001,
1760398919.883302,2025-10-13T18:41:59,17.4,80.5,1466.0,0.0,0.422,0.007,0.01,
1760398920.923014,2025-10-13T18:42:00,18.4,80.5,1711.0,0.0,0.385,0.0,0.001,
1760398921.9575605,2025-10-13T18:42:01,22.5,80.5,1711.0,0.0,0.225,0.0,0.0,
1760398922.9916017,2025-10-13T18:42:02,24.8,80.6,1711.0,0.0,0.0,0.0,0.0,
1760398924.0265388,2025-10-13T18:42:04,22.8,80.7,1711.0,0.008,0.438,0.012,0.063,
1760398925.0579488,2025-10-13T18:42:05,27.3,80.7,1711.0,0.131,0.369,0.011,0.038,
1760398926.086637,2025-10-13T18:42:06,25.3,80.8,1711.0,0.09,0.434,0.006,0.014,
1760398927.1154094,2025-10-13T18:42:07,22.2,80.7,1711.0,0.0,0.0,0.001,0.036,
1760398928.1555505,2025-10-13T18:42:08,19.3,80.7,1711.0,0.0,0.545,0.007,0.003,
1760398929.202263,2025-10-13T18:42:09,17.1,80.7,1711.0,0.0,0.25,0.001,0.001,
1760398930.241379,2025-10-13T18:42:10,20.0,80.7,1711.0,0.0,0.573,0.021,0.006,
1760398931.2823124,2025-10-13T18:42:11,17.6,80.7,1711.0,0.0,0.283,0.0,0.0,
1760398932.3169656,2025-10-13T18:42:12,18.0,80.7,1711.0,0.0,0.0,0.0,0.001,
1760398933.3644385,2025-10-13T18:42:13,17.5,80.8,1711.0,0.016,0.287,0.0,0.0,
1760398934.4080687,2025-10-13T18:42:14,20.3,80.8,1711.0,0.123,0.5,0.0,0.001,
1760398935.4489472,2025-10-13T18:42:15,18.6,80.8,1711.0,0.004,0.352,0.001,0.001,
1760398936.477634,2025-10-13T18:42:16,16.8,80.7,1711.0,0.016,0.229,0.0,0.0,
1760398937.5134761,2025-10-13T18:42:17,16.8,80.7,1711.0,0.0,1.065,0.0,0.0,
1760398938.5460112,2025-10-13T18:42:18,17.5,80.7,1711.0,0.033,0.344,0.004,0.002,
1760398939.5787947,2025-10-13T18:42:19,17.0,80.7,1711.0,0.0,0.152,0.011,0.005,
1760398940.617273,2025-10-13T18:42:20,17.7,80.8,1711.0,0.0,0.115,0.001,0.002,
1760398941.6505003,2025-10-13T18:42:21,17.0,80.8,1711.0,0.0,0.287,0.01,0.008,
1760398942.6845646,2025-10-13T18:42:22,16.9,80.8,1711.0,0.004,0.25,0.001,0.001,
1760398943.7197917,2025-10-13T18:42:23,20.3,80.8,1711.0,0.0,0.377,0.004,0.008,
1760398944.7551298,2025-10-13T18:42:24,19.0,80.8,1711.0,0.0,0.0,0.005,0.017,
1760398945.7893257,2025-10-13T18:42:25,29.7,80.8,1711.0,0.501,0.303,0.006,0.196,
1760398946.8210254,2025-10-13T18:42:26,24.7,80.9,1711.0,0.484,0.537,0.002,0.001,
1760398947.849486,2025-10-13T18:42:27,21.3,80.8,1711.0,0.016,0.295,0.0,0.001,
1760398948.8852954,2025-10-13T18:42:28,17.9,80.8,1711.0,0.0,0.25,0.0,0.001,
1760398949.921109,2025-10-13T18:42:29,32.4,81.0,1711.0,0.878,0.418,0.006,0.008,
1760398950.9571943,2025-10-13T18:42:30,20.7,81.0,1711.0,4.326,0.385,0.001,0.001,
1760398951.9882283,2025-10-13T18:42:31,27.4,81.3,1466.0,8.582,0.618,0.01,0.006,
1760398953.0163,2025-10-13T18:42:33,36.5,81.7,1711.0,67.6,0.037,0.004,0.001,
1760398954.0519059,2025-10-13T18:42:34,42.6,81.7,1466.0,21.25,0.586,0.0,0.1,
1760398955.0837805,2025-10-13T18:42:35,33.1,81.7,1711.0,0.102,2.494,0.001,0.0,
1760398956.118675,2025-10-13T18:42:36,30.2,81.7,1711.0,42.857,0.467,0.0,0.001,
1760398957.1491785,2025-10-13T18:42:37,29.0,81.7,1711.0,31.354,0.25,0.001,0.001,
1760398958.1792464,2025-10-13T18:42:38,27.3,81.7,1711.0,185.754,0.618,0.0,0.0,
1760398959.211916,2025-10-13T18:42:39,23.9,81.6,1711.0,292.861,0.291,0.0,0.0,
1760398960.2517278,2025-10-13T18:42:40,27.3,81.6,1711.0,158.336,0.954,0.001,0.001,
1760398961.2869394,2025-10-13T18:42:41,24.3,81.6,1711.0,180.372,0.471,0.0,0.0,
1760398962.3136978,2025-10-13T18:42:42,23.1,81.6,1711.0,147.181,0.573,0.0,0.0,
1760398963.3455675,2025-10-13T18:42:43,24.1,81.6,1711.0,106.325,0.242,0.0,0.0,
1760398964.3815732,2025-10-13T18:42:44,27.7,81.5,1711.0,131.535,0.979,0.0,0.0,
1760398965.4135363,2025-10-13T18:42:45,23.6,81.5,1711.0,4.542,0.557,0.001,0.001,
1760398966.445851,2025-10-13T18:42:46,20.3,81.5,1711.0,8.832,0.209,0.0,0.0,
1760398967.462941,2025-10-13T18:42:47,18.1,81.5,1711.0,0.709,0.84,0.0,0.0,
1760398968.5000372,2025-10-13T18:42:48,16.6,81.4,1711.0,0.0,0.25,0.0,0.0,
1760398969.5336041,2025-10-13T18:42:49,17.9,81.4,1711.0,0.0,0.594,0.0,0.0,
1760398970.567446,2025-10-13T18:42:50,17.7,81.5,1711.0,0.356,0.0,0.001,0.001,
1760398971.598567,2025-10-13T18:42:51,17.0,81.5,1711.0,0.016,0.254,0.0,0.0,
1760398972.6316016,2025-10-13T18:42:52,17.3,81.5,1711.0,0.016,0.336,0.0,0.0,
1760398973.6723864,2025-10-13T18:42:53,17.4,81.5,1711.0,0.0,0.348,0.0,0.0,
1760398974.70925,2025-10-13T18:42:54,17.4,81.5,1711.0,0.0,0.176,0.0,0.001,
1760398975.7493138,2025-10-13T18:42:55,17.2,81.5,1711.0,0.0,0.279,0.001,0.001,
1760398976.7835743,2025-10-13T18:42:56,18.7,81.5,1711.0,0.016,0.385,0.001,0.001,
1760398977.8219469,2025-10-13T18:42:57,17.5,81.4,1711.0,0.0,0.795,0.001,0.001,
1760398978.8552895,2025-10-13T18:42:58,17.2,81.5,1711.0,0.0,0.311,0.0,0.001,
1760398979.892336,2025-10-13T18:42:59,17.4,81.5,1711.0,0.311,8.29,0.0,0.004,
1760398980.9293084,2025-10-13T18:43:00,16.6,81.5,1711.0,0.09,5.526,0.009,0.016,
1760398981.9712548,2025-10-13T18:43:01,19.8,81.5,1711.0,0.094,0.098,0.002,0.012,
1760398983.0123818,2025-10-13T18:43:03,26.5,81.7,1711.0,0.0,0.0,0.008,0.007,
1760398984.042331,2025-10-13T18:43:04,24.0,81.8,1711.0,0.0,0.164,0.001,0.001,
1760398985.0742056,2025-10-13T18:43:05,17.2,81.9,1711.0,0.082,0.127,0.001,0.0,
1760398986.1076577,2025-10-13T18:43:06,16.7,81.9,1711.0,0.0,0.16,0.001,0.001,
1760398987.1390066,2025-10-13T18:43:07,18.7,81.9,1711.0,0.0,0.0,0.0,0.0,
1760398988.173772,2025-10-13T18:43:08,19.6,81.8,1711.0,0.0,0.258,0.001,0.001,
1760398989.2186263,2025-10-13T18:43:09,16.6,81.8,1711.0,0.0,0.184,0.0,0.0,
1760398990.2607934,2025-10-13T18:43:10,18.9,81.9,1711.0,0.0,0.319,0.005,0.008,
1760398991.2955484,2025-10-13T18:43:11,17.3,81.9,1711.0,0.0,0.18,0.001,0.002,
1760398992.3351395,2025-10-13T18:43:12,17.0,81.8,1711.0,0.0,0.094,0.005,0.006,
1760398993.3691237,2025-10-13T18:43:13,17.3,81.8,1711.0,0.0,0.209,0.0,0.001,
1760398994.4081538,2025-10-13T18:43:14,21.6,81.8,1711.0,0.156,1.446,0.0,0.001,
1760398995.4394116,2025-10-13T18:43:15,16.7,81.8,1711.0,0.0,0.25,0.006,0.009,
1760398996.471435,2025-10-13T18:43:16,17.7,81.8,1711.0,0.0,0.115,0.001,0.002,
1760398997.502629,2025-10-13T18:43:17,18.0,81.8,1466.0,0.0,1.077,0.001,0.002,
1760398998.5155668,2025-10-13T18:43:18,16.9,81.8,1711.0,0.0,0.221,0.001,0.003,
1760398999.5523164,2025-10-13T18:43:19,20.5,81.5,1711.0,0.0,0.324,0.005,0.008,
1760399000.5828671,2025-10-13T18:43:20,18.0,81.5,1711.0,0.016,0.246,0.001,0.001,
1760399001.6181235,2025-10-13T18:43:21,16.6,81.5,1711.0,0.098,0.34,0.0,0.001,
1760399002.6542292,2025-10-13T18:43:22,17.1,81.5,1711.0,0.0,0.172,0.0,0.002,
1760399003.6845307,2025-10-13T18:43:23,17.2,81.5,1711.0,0.165,0.078,0.0,0.001,
1760399004.7180285,2025-10-13T18:43:24,17.0,81.5,1711.0,0.0,0.0,0.0,0.001,
1760399005.7509317,2025-10-13T18:43:25,17.8,81.5,1711.0,0.0,0.467,0.001,0.001,
1760399006.7855277,2025-10-13T18:43:26,16.9,81.5,1711.0,0.016,0.287,0.007,0.007,
1760399007.8179018,2025-10-13T18:43:27,18.4,81.6,1466.0,0.0,0.172,0.0,0.001,
1760399008.8322818,2025-10-13T18:43:28,16.2,81.5,1711.0,0.0,0.0,0.0,0.001,
1760399009.8688622,2025-10-13T18:43:29,15.7,81.5,1711.0,0.0,0.299,0.0,0.004,
1760399010.9042666,2025-10-13T18:43:30,20.3,81.6,1711.0,0.0,0.75,0.001,0.001,
1760399011.940472,2025-10-13T18:43:31,19.7,81.6,1711.0,0.0,0.279,0.007,0.006,
1760399012.9814312,2025-10-13T18:43:32,16.8,81.6,1711.0,0.029,0.176,0.0,0.0,
1760399014.0195997,2025-10-13T18:43:34,17.3,81.4,1711.0,0.0,0.729,0.0,0.0,
1760399015.0654538,2025-10-13T18:43:35,17.8,81.4,1711.0,0.049,0.791,0.0,0.0,
1760399016.1028733,2025-10-13T18:43:36,16.2,81.4,1711.0,0.0,0.344,0.001,0.001,
1760399017.1441915,2025-10-13T18:43:37,16.3,81.4,1711.0,0.0,0.041,0.0,0.0,
1760399018.1853116,2025-10-13T18:43:38,18.9,81.4,1711.0,0.016,0.233,0.0,0.001,
1760399019.2208967,2025-10-13T18:43:39,17.1,81.4,1711.0,0.197,0.729,0.0,0.0,
1760399020.2557893,2025-10-13T18:43:40,16.7,81.4,1711.0,0.0,0.389,0.0,0.0,
1760399021.2960012,2025-10-13T18:43:41,16.9,81.4,1711.0,0.0,0.217,0.001,0.001,
1760399022.3303452,2025-10-13T18:43:42,17.8,81.3,1711.0,0.0,0.053,0.005,0.003,
1760399023.3648791,2025-10-13T18:43:43,17.5,81.3,1711.0,0.0,0.303,0.003,0.005,
1760399024.4072504,2025-10-13T18:43:44,22.6,81.3,1711.0,0.422,0.242,0.008,0.007,
1760399025.4423835,2025-10-13T18:43:45,17.4,81.3,1711.0,0.0,0.561,0.0,0.001,
1760399026.4795115,2025-10-13T18:43:46,16.4,81.3,1711.0,0.0,0.131,0.001,0.001,
1760399027.5160525,2025-10-13T18:43:47,19.1,81.3,1711.0,0.0,1.016,0.0,0.0,
1760399028.553255,2025-10-13T18:43:48,21.3,81.3,1711.0,0.0,0.25,0.0,0.001,
1760399029.5966463,2025-10-13T18:43:49,17.2,81.3,1711.0,0.0,0.184,0.0,0.0,
1760399030.6307325,2025-10-13T18:43:50,16.6,81.2,1711.0,0.213,0.0,0.0,0.0,
1760399031.663723,2025-10-13T18:43:51,28.3,80.6,1711.0,0.0,0.369,0.001,0.001,
1760399032.6981118,2025-10-13T18:43:52,19.8,80.6,1711.0,0.0,0.438,0.0,0.001,
1760399033.733749,2025-10-13T18:43:53,18.2,80.6,1711.0,0.098,0.602,0.0,0.001,
1760399034.7676878,2025-10-13T18:43:54,16.7,80.6,1711.0,0.0,0.0,0.0,0.001,
1760399035.8039896,2025-10-13T18:43:55,16.8,80.6,1711.0,0.0,0.389,0.001,0.001,
1760399036.8475363,2025-10-13T18:43:56,20.8,80.6,1711.0,0.0,0.623,0.018,0.011,
1760399037.883029,2025-10-13T18:43:57,28.0,80.8,1711.0,0.0,0.291,0.011,0.01,
1760399038.9215212,2025-10-13T18:43:58,20.2,80.6,1711.0,0.0,0.0,0.0,0.002,
1760399039.954933,2025-10-13T18:43:59,22.9,80.6,1466.0,0.0,0.315,0.001,0.003,
1760399040.9916573,2025-10-13T18:44:00,17.9,80.6,1711.0,0.0,0.356,0.001,0.0,
1760399042.029154,2025-10-13T18:44:02,16.3,80.7,1711.0,0.0,1.192,0.0,0.0,
1760399043.0628626,2025-10-13T18:44:03,17.0,80.7,1711.0,0.053,0.057,0.007,0.007,
1760399044.1008546,2025-10-13T18:44:04,16.6,80.7,1711.0,0.016,0.262,0.0,0.0,
1760399045.136382,2025-10-13T18:44:05,16.7,80.7,1711.0,0.0,0.295,0.0,0.0,
1760399046.1732032,2025-10-13T18:44:06,16.1,80.7,1711.0,0.0,0.307,0.001,0.001,
1760399047.2091787,2025-10-13T18:44:07,16.6,80.7,1711.0,0.0,0.307,0.006,0.006,
1760399048.2472541,2025-10-13T18:44:08,18.1,80.7,1711.0,0.0,0.119,0.0,0.0,
1760399049.2845693,2025-10-13T18:44:09,19.2,80.7,1711.0,0.0,0.397,0.0,0.001,
1760399050.3210826,2025-10-13T18:44:10,16.2,80.8,1711.0,0.0,0.319,0.0,0.001,
1760399051.3628333,2025-10-13T18:44:11,17.3,80.8,1711.0,0.0,0.266,0.002,0.001,
1760399052.4009688,2025-10-13T18:44:12,15.6,80.8,1711.0,0.011,0.369,0.0,0.0,
1760399053.4351463,2025-10-13T18:44:13,16.7,80.8,1711.0,0.0,0.377,0.0,0.0,
1760399054.4784968,2025-10-13T18:44:14,20.5,80.8,1711.0,0.287,0.332,0.0,0.0,
1760399055.5134947,2025-10-13T18:44:15,17.9,80.8,1711.0,0.0,0.389,0.0,0.0,
1760399056.6107957,2025-10-13T18:44:16,17.3,80.7,1711.0,0.0,0.0,0.001,0.0,
1760399057.645981,2025-10-13T18:44:17,18.2,80.7,1711.0,0.066,1.249,0.005,0.006,
1760399058.6867275,2025-10-13T18:44:18,16.4,80.7,1711.0,0.0,0.242,0.0,0.0,
1760399059.7268493,2025-10-13T18:44:19,18.0,80.7,1711.0,0.061,0.385,0.0,0.001,
1760399060.7749393,2025-10-13T18:44:20,17.3,80.7,1711.0,0.016,0.0,0.0,0.0,
1760399061.811813,2025-10-13T18:44:21,17.0,80.7,1711.0,0.0,0.279,0.008,0.007,
1760399062.850881,2025-10-13T18:44:22,16.7,80.7,1711.0,0.0,0.397,0.0,0.0,
1760399063.8802211,2025-10-13T18:44:23,17.7,80.7,1711.0,0.016,0.315,0.0,0.0,
1760399064.9181335,2025-10-13T18:44:24,16.9,80.7,1711.0,0.0,0.225,0.001,0.001,
1760399065.957244,2025-10-13T18:44:25,18.5,80.7,1711.0,0.304,0.102,0.0,0.001,
1760399066.9989731,2025-10-13T18:44:26,16.2,80.7,1711.0,0.0,0.373,0.001,0.001,
1760399068.037148,2025-10-13T18:44:28,17.0,80.7,1711.0,0.0,0.254,0.0,0.001,
1760399069.071786,2025-10-13T18:44:29,20.4,80.7,1711.0,0.471,0.319,0.0,0.002,
1760399070.1054342,2025-10-13T18:44:30,18.3,80.7,1466.0,0.0,0.0,0.0,0.003,
1760399071.123693,2025-10-13T18:44:31,14.8,80.7,1711.0,0.0,0.287,0.0,0.0,
1760399072.1589668,2025-10-13T18:44:32,17.1,80.7,1711.0,0.0,0.279,0.001,0.001,
1760399073.2029316,2025-10-13T18:44:33,15.9,80.8,1711.0,0.0,0.442,0.0,0.001,
1760399074.2433352,2025-10-13T18:44:34,16.9,80.8,1711.0,0.0,0.037,0.007,0.007,
1760399075.2850673,2025-10-13T18:44:35,18.0,80.8,1711.0,0.0,0.356,0.0,0.001,
1760399076.3227432,2025-10-13T18:44:36,15.6,80.8,1711.0,0.0,0.438,0.0,0.0,
1760399077.3630579,2025-10-13T18:44:37,17.5,80.8,1711.0,0.0,0.233,0.002,0.001,
1760399078.4073293,2025-10-13T18:44:38,17.6,80.8,1711.0,0.0,0.303,0.0,0.001,
1760399079.4447198,2025-10-13T18:44:39,16.4,80.8,1711.0,0.0,0.336,0.0,0.001,
1760399080.4773352,2025-10-13T18:44:40,17.9,80.8,1711.0,0.0,0.475,0.0,0.0,
1760399081.5086708,2025-10-13T18:44:41,16.0,80.8,1711.0,0.0,0.41,0.001,0.0,
1760399082.5374072,2025-10-13T18:44:42,17.6,80.8,1711.0,0.0,0.061,0.001,0.001,
1760399083.5768,2025-10-13T18:44:43,18.2,80.8,1711.0,0.008,0.639,0.0,0.001,
1760399084.6085248,2025-10-13T18:44:44,20.3,80.8,1711.0,0.168,0.418,0.0,0.001,
1760399085.6405392,2025-10-13T18:44:45,17.4,80.8,1711.0,0.082,0.512,0.0,0.001,
1760399086.6798003,2025-10-13T18:44:46,17.5,80.8,1466.0,0.0,0.0,0.001,0.001,
1760399087.7117636,2025-10-13T18:44:47,16.4,80.8,1711.0,0.0,1.098,0.0,0.001,
1760399088.75468,2025-10-13T18:44:48,17.6,80.8,1711.0,0.049,0.401,0.0,0.0,
1760399089.799732,2025-10-13T18:44:49,17.2,80.8,1711.0,0.016,0.377,0.0,0.0,
1760399090.8417585,2025-10-13T18:44:50,19.0,80.8,1466.0,0.0,0.406,0.0,0.0,
1760399091.8764338,2025-10-13T18:44:51,17.2,80.8,1711.0,0.0,0.184,0.001,0.0,
1760399092.906854,2025-10-13T18:44:52,17.4,80.8,1711.0,0.016,0.496,0.0,0.0,
1760399093.9402757,2025-10-13T18:44:53,18.9,80.8,1466.0,0.016,0.492,0.0,0.001,
1760399094.9730592,2025-10-13T18:44:54,17.1,80.8,1711.0,0.004,0.483,0.001,0.001,
1760399096.0142963,2025-10-13T18:44:56,16.8,80.8,1711.0,0.0,0.143,0.0,0.001,
1760399097.0525446,2025-10-13T18:44:57,17.0,80.8,1466.0,0.041,0.36,0.001,0.001,
1760399098.0918105,2025-10-13T18:44:58,17.8,80.8,1711.0,0.0,0.741,0.001,0.002,
1760399099.127638,2025-10-13T18:44:59,18.5,80.8,1711.0,0.049,0.889,0.006,0.015,
1760399100.160067,2025-10-13T18:45:00,18.7,80.9,1711.0,0.0,0.205,0.0,0.002,
1760399101.1880229,2025-10-13T18:45:01,19.3,80.8,1711.0,0.033,0.61,0.0,0.0,
1760399102.21964,2025-10-13T18:45:02,18.2,80.9,1711.0,0.0,0.643,0.01,0.009,
1760399103.247392,2025-10-13T18:45:03,18.5,80.9,1466.0,0.07,3.576,0.0,0.0,
1760399104.2693837,2025-10-13T18:45:04,18.0,80.9,1711.0,0.09,0.303,0.0,0.001,
1760399105.3138597,2025-10-13T18:45:05,23.4,80.9,1711.0,0.311,2.011,0.005,0.006,
1760399106.3538465,2025-10-13T18:45:06,18.5,80.9,1711.0,0.197,1.642,0.0,0.001,
1760399107.3991156,2025-10-13T18:45:07,17.1,80.9,1711.0,0.213,1.454,0.008,0.008,
1760399108.4381635,2025-10-13T18:45:08,17.2,81.0,1711.0,0.0,0.434,0.0,0.001,
1760399109.4803858,2025-10-13T18:45:09,17.0,81.0,1711.0,0.025,1.151,0.0,0.001,
1760399110.5157206,2025-10-13T18:45:10,16.9,81.0,1711.0,0.217,1.536,0.0,0.0,
1760399111.5588815,2025-10-13T18:45:11,20.7,81.0,1711.0,0.188,1.659,0.0,0.0,
1760399112.5902483,2025-10-13T18:45:12,18.8,81.0,1711.0,0.135,1.761,0.001,0.001,
1760399113.639008,2025-10-13T18:45:13,19.3,81.0,1711.0,0.066,0.172,0.0,0.0,
1760399114.6724644,2025-10-13T18:45:14,22.0,81.0,1711.0,0.102,1.487,0.0,0.0,
1760399115.7096004,2025-10-13T18:45:15,18.7,81.1,1711.0,0.004,1.823,0.0,0.0,
1760399116.749138,2025-10-13T18:45:16,20.2,81.1,1711.0,0.037,1.503,0.0,0.0,
1760399117.764875,2025-10-13T18:45:17,21.5,81.1,1711.0,0.0,0.111,0.001,0.001,
1760399118.787391,2025-10-13T18:45:18,21.2,81.1,1711.0,0.0,1.298,0.0,0.001,
1760399119.8217971,2025-10-13T18:45:19,19.6,81.1,1711.0,0.082,1.454,0.001,0.002,
1760399120.8542004,2025-10-13T18:45:20,21.4,81.1,1711.0,0.0,1.245,0.0,0.0,
1760399121.8927038,2025-10-13T18:45:21,20.5,81.1,1711.0,0.0,0.094,0.001,0.001,
1760399122.929759,2025-10-13T18:45:22,20.9,81.1,1711.0,0.045,1.319,0.0,0.0,
1760399123.9654133,2025-10-13T18:45:23,20.4,81.1,1711.0,0.102,1.376,0.0,0.0,
1760399125.0018432,2025-10-13T18:45:25,20.1,81.2,1711.0,0.02,1.229,0.0,0.001,
1760399126.035258,2025-10-13T18:45:26,16.5,81.2,1711.0,0.0,0.135,0.0,0.001,
1760399127.0734947,2025-10-13T18:45:27,14.0,81.2,1711.0,0.0,1.159,0.001,0.001,
1760399128.112961,2025-10-13T18:45:28,14.3,81.1,1711.0,0.106,1.163,0.001,0.001,
1760399129.1539712,2025-10-13T18:45:29,16.5,81.2,1711.0,0.016,0.688,0.001,0.003,
1760399130.1919463,2025-10-13T18:45:30,15.9,81.2,1711.0,0.0,0.291,0.0,0.002,
1760399131.2316885,2025-10-13T18:45:31,17.0,81.1,1711.0,0.004,0.348,0.0,0.0,
1760399132.2689354,2025-10-13T18:45:32,17.1,81.2,1711.0,0.0,0.41,0.001,0.001,
1760399133.3119333,2025-10-13T18:45:33,19.5,81.2,1711.0,0.004,0.831,0.001,0.001,
1760399134.350785,2025-10-13T18:45:34,16.5,81.2,1711.0,0.0,0.02,0.0,0.0,
1760399135.3904326,2025-10-13T18:45:35,18.8,81.1,1711.0,0.0,0.385,0.0,0.0,
1760399136.4251215,2025-10-13T18:45:36,21.8,81.2,1711.0,0.0,0.295,0.005,0.005,
1760399137.468557,2025-10-13T18:45:37,41.4,81.2,1711.0,0.139,0.34,0.006,0.009,
1760399138.5094185,2025-10-13T18:45:38,36.7,80.3,1711.0,0.203,0.999,0.0,0.001,
1760399139.5457692,2025-10-13T18:45:39,24.2,80.2,1711.0,0.0,0.135,0.004,0.006,
1760399140.5762203,2025-10-13T18:45:40,23.8,80.2,1711.0,0.0,0.422,0.0,0.0,
1760399141.6140537,2025-10-13T18:45:41,21.3,80.2,1711.0,0.053,0.365,0.0,0.016,
1760399142.6492643,2025-10-13T18:45:42,29.5,80.3,1711.0,0.445,0.647,0.027,0.034,
1760399143.6779294,2025-10-13T18:45:43,28.0,80.2,1711.0,0.035,0.033,0.018,0.015,
1760399144.7121792,2025-10-13T18:45:44,28.6,80.3,1711.0,0.272,0.41,0.0,0.001,
1760399145.7457173,2025-10-13T18:45:45,23.2,80.1,1711.0,0.016,0.553,0.0,0.0,
1760399146.782583,2025-10-13T18:45:46,25.9,80.1,1711.0,0.061,0.561,0.001,0.002,
1760399147.8205347,2025-10-13T18:45:47,22.9,80.1,1711.0,0.0,0.09,0.001,0.001,
1760399148.8559222,2025-10-13T18:45:48,17.5,80.1,1711.0,0.0,0.438,0.006,0.002,
1760399149.8934999,2025-10-13T18:45:49,16.7,80.0,1711.0,0.016,0.418,0.0,0.0,
1760399150.9358256,2025-10-13T18:45:50,17.4,80.0,1711.0,0.0,0.229,0.0,0.0,
1760399151.9778826,2025-10-13T18:45:51,16.7,80.0,1711.0,0.0,0.0,0.001,0.001,
1760399153.016174,2025-10-13T18:45:53,16.0,80.0,1711.0,0.0,0.246,0.0,0.001,
1760399154.0594587,2025-10-13T18:45:54,22.1,80.0,1711.0,0.0,0.225,0.0,0.0,
1760399155.0878074,2025-10-13T18:45:55,29.2,80.0,1711.0,0.008,0.836,0.001,0.002,
1760399156.1224773,2025-10-13T18:45:56,29.2,79.9,1711.0,0.0,0.066,0.0,0.001,
1760399157.164288,2025-10-13T18:45:57,15.1,79.9,1711.0,0.0,0.229,0.001,0.001,
1760399158.2026167,2025-10-13T18:45:58,16.5,79.9,1711.0,0.0,0.201,0.0,0.001,
1760399159.2441924,2025-10-13T18:45:59,16.2,79.9,1711.0,0.0,0.303,0.001,0.004,
1760399160.2838883,2025-10-13T18:46:00,16.7,79.9,1711.0,0.0,0.197,0.0,0.002,
1760399161.3226695,2025-10-13T18:46:01,17.6,79.9,1711.0,0.0,0.205,0.0,0.0,
1760399162.3608918,2025-10-13T18:46:02,17.4,79.9,1711.0,0.0,0.442,0.004,0.002,
1760399163.3984122,2025-10-13T18:46:03,18.0,79.9,1711.0,0.766,0.242,0.0,0.001,
1760399164.4366271,2025-10-13T18:46:04,26.0,80.1,1711.0,1.305,0.512,0.005,0.015,
1760399165.4763165,2025-10-13T18:46:05,19.9,80.0,1711.0,0.324,0.193,0.0,0.0,
1760399166.513043,2025-10-13T18:46:06,17.4,80.0,1711.0,0.0,0.406,0.004,0.0,
1760399167.5471394,2025-10-13T18:46:07,24.1,80.2,1711.0,0.016,0.254,0.008,0.009,
1760399168.5946374,2025-10-13T18:46:08,26.8,80.3,1711.0,0.082,0.553,0.006,0.004,
1760399169.6337156,2025-10-13T18:46:09,27.0,80.4,1711.0,0.0,0.0,0.009,0.008,
1760399170.6718042,2025-10-13T18:46:10,30.7,80.5,1711.0,0.016,0.496,0.028,0.092,
1760399171.7099626,2025-10-13T18:46:11,29.2,80.5,1711.0,0.0,0.332,0.0,0.001,
1760399172.746778,2025-10-13T18:46:12,19.8,80.5,1711.0,0.033,0.446,0.001,0.001,
1760399173.775182,2025-10-13T18:46:13,29.7,80.4,1711.0,0.127,0.217,0.0,0.0,
1760399174.811571,2025-10-13T18:46:14,38.5,80.4,1711.0,0.0,0.414,0.0,0.0,
1760399175.851247,2025-10-13T18:46:15,22.4,80.4,1711.0,0.0,0.414,0.0,0.001,
1760399176.8930142,2025-10-13T18:46:16,19.2,80.4,1711.0,0.016,0.479,0.0,0.0,
1760399177.9304965,2025-10-13T18:46:17,24.5,80.4,1711.0,0.0,0.0,0.001,0.001,
1760399178.9688609,2025-10-13T18:46:18,21.6,80.5,1711.0,0.0,0.172,0.0,0.0,
1760399180.0063155,2025-10-13T18:46:20,20.6,80.5,1711.0,0.0,0.242,0.0,0.0,
1760399181.0430126,2025-10-13T18:46:21,23.9,80.5,1711.0,0.0,0.397,0.006,0.008,
1760399182.083152,2025-10-13T18:46:22,17.1,80.5,1711.0,0.0,0.029,0.001,0.001,
1760399183.1175668,2025-10-13T18:46:23,16.4,80.5,1711.0,0.066,0.221,0.0,0.001,
1760399184.1543362,2025-10-13T18:46:24,16.3,80.5,1711.0,0.0,0.274,0.0,0.0,
1760399185.1893394,2025-10-13T18:46:25,18.6,80.5,1711.0,0.0,0.311,0.007,0.007,
1760399186.2263052,2025-10-13T18:46:26,15.8,80.4,1711.0,0.033,0.274,0.0,0.0,
1760399187.2436738,2025-10-13T18:46:27,15.6,80.5,1711.0,0.0,0.041,0.001,0.002,
1760399188.2809715,2025-10-13T18:46:28,15.7,80.5,1711.0,0.0,0.279,0.001,0.001,
1760399189.3211145,2025-10-13T18:46:29,16.5,80.4,1711.0,0.0,0.319,0.0,0.003,
1760399190.3583734,2025-10-13T18:46:30,16.3,80.4,1711.0,0.0,1.401,0.0,0.002,
1760399191.39953,2025-10-13T18:46:31,18.5,80.4,1711.0,0.0,0.93,0.0,0.0,
1760399192.443197,2025-10-13T18:46:32,21.5,80.5,1711.0,0.0,3.813,0.001,0.001,
1760399193.4855447,2025-10-13T18:46:33,26.8,80.8,1711.0,0.0,1.573,0.0,0.0,
1760399194.5249941,2025-10-13T18:46:34,17.9,80.9,1711.0,0.033,4.628,0.007,0.001,
1760399195.5706944,2025-10-13T18:46:35,19.3,80.7,1711.0,0.0,0.655,0.008,0.004,
1760399196.607757,2025-10-13T18:46:36,17.2,80.6,1711.0,0.033,6.525,0.0,0.0,
1760399197.651623,2025-10-13T18:46:37,17.4,80.7,1711.0,0.115,2.732,0.005,0.006,
1760399198.686341,2025-10-13T18:46:38,20.5,80.6,1711.0,0.057,2.216,0.0,0.001,
1760399199.7241042,2025-10-13T18:46:39,17.4,80.7,1711.0,0.111,0.385,0.0,0.001,
1760399200.7585607,2025-10-13T18:46:40,19.1,80.7,1711.0,0.266,2.036,0.0,0.0,
1760399201.7899182,2025-10-13T18:46:41,18.1,80.7,1711.0,0.172,1.913,0.0,0.016,
1760399202.8323739,2025-10-13T18:46:42,28.6,80.7,1711.0,0.455,1.692,0.006,0.007,
1760399203.8610146,2025-10-13T18:46:43,26.7,80.7,1711.0,0.078,0.287,0.02,0.025,
1760399204.8912473,2025-10-13T18:46:44,26.8,80.7,1711.0,0.0,0.418,0.0,0.0,
1760399205.923942,2025-10-13T18:46:45,26.4,80.8,1711.0,0.107,0.352,0.0,0.0,
1760399206.9533093,2025-10-13T18:46:46,18.8,80.7,1711.0,0.016,0.618,0.0,0.001,
1760399207.9868138,2025-10-13T18:46:47,17.9,80.7,1711.0,0.0,0.053,0.008,0.005,
1760399209.0202997,2025-10-13T18:46:49,20.5,80.7,1711.0,0.033,0.455,0.0,0.001,
1760399210.048007,2025-10-13T18:46:50,21.7,80.7,1711.0,0.0,0.188,0.008,0.005,
1760399211.0814133,2025-10-13T18:46:51,17.8,80.7,1711.0,0.0,0.168,0.005,0.003,
1760399212.112857,2025-10-13T18:46:52,18.0,80.7,1711.0,0.0,0.156,0.006,0.007,
1760399213.1476097,2025-10-13T18:46:53,16.8,80.7,1711.0,0.066,0.352,0.001,0.001,
1760399214.1805208,2025-10-13T18:46:54,17.6,80.7,1711.0,0.0,0.193,0.0,0.0,
1760399215.213688,2025-10-13T18:46:55,21.9,80.7,1711.0,0.0,0.393,0.001,0.001,
1760399216.2498834,2025-10-13T18:46:56,23.9,80.6,1711.0,0.016,0.164,0.0,0.001,
1760399217.285722,2025-10-13T18:46:57,18.5,80.6,1711.0,0.0,0.0,0.001,0.001,
1760399218.3262095,2025-10-13T18:46:58,17.1,80.6,1711.0,0.02,0.668,0.0,0.001,
1760399219.3590498,2025-10-13T18:46:59,16.6,80.6,1711.0,0.0,0.184,0.0,0.004,
1760399220.4109557,2025-10-13T18:47:00,17.3,80.6,1711.0,0.0,0.102,0.0,0.001,
1760399221.4425778,2025-10-13T18:47:01,17.2,80.6,1711.0,0.0,0.0,0.0,0.001,
1760399222.4835434,2025-10-13T18:47:02,17.1,80.6,1711.0,0.0,0.111,0.001,0.001,
1760399223.5208757,2025-10-13T18:47:03,16.6,80.6,1711.0,0.0,0.147,0.0,0.001,
1760399224.5559387,2025-10-13T18:47:04,17.8,80.6,1711.0,0.0,0.324,0.0,0.0,
1760399225.5864546,2025-10-13T18:47:05,16.8,80.6,1711.0,0.0,0.012,0.0,0.0,
1760399226.6231296,2025-10-13T18:47:06,18.7,80.5,1711.0,0.0,0.082,0.007,0.007,
1760399227.667627,2025-10-13T18:47:07,18.6,80.4,1711.0,0.016,0.36,0.01,0.007,
1760399228.7016973,2025-10-13T18:47:08,16.7,80.4,1711.0,0.0,0.156,0.006,0.007,
1760399229.7376842,2025-10-13T18:47:09,17.1,80.4,1711.0,0.0,0.0,0.008,0.007,
1760399230.7709203,2025-10-13T18:47:10,17.4,80.4,1711.0,0.0,0.074,0.0,0.0,
1760399231.8075986,2025-10-13T18:47:11,19.5,80.4,1711.0,0.0,0.172,0.0,0.001,
1760399232.8366528,2025-10-13T18:47:12,24.7,80.4,1711.0,0.061,0.229,0.001,0.001,
1760399233.867146,2025-10-13T18:47:13,22.7,80.3,1711.0,0.0,0.033,0.0,0.0,
1760399234.8968663,2025-10-13T18:47:14,19.9,80.4,1711.0,0.0,0.266,0.0,0.002,
1760399235.9331214,2025-10-13T18:47:15,16.9,80.4,1711.0,0.0,0.475,0.004,0.005,
1760399236.96816,2025-10-13T18:47:16,18.5,80.4,1711.0,0.0,0.319,0.001,0.001,
1760399238.0001097,2025-10-13T18:47:18,16.1,80.4,1711.0,0.0,0.078,0.001,0.001,
1760399239.0335922,2025-10-13T18:47:19,17.1,80.4,1711.0,0.0,0.221,0.005,0.002,
1760399240.0750692,2025-10-13T18:47:20,16.7,80.4,1711.0,0.0,0.074,0.001,0.001,
1760399241.1059875,2025-10-13T18:47:21,16.7,80.4,1711.0,0.0,0.049,0.0,0.0,
1760399242.1412642,2025-10-13T18:47:22,16.2,80.4,1711.0,0.0,0.143,0.0,0.0,
1760399243.1788554,2025-10-13T18:47:23,19.1,80.4,1711.0,0.0,0.119,0.001,0.001,
1760399244.2153614,2025-10-13T18:47:24,16.5,80.4,1711.0,0.0,0.242,0.0,0.0,
1760399245.2505176,2025-10-13T18:47:25,17.5,80.4,1711.0,0.0,0.053,0.0,0.0,
1760399246.2880085,2025-10-13T18:47:26,16.6,80.4,1711.0,0.0,0.115,0.0,0.0,
1760399247.3246233,2025-10-13T18:47:27,19.3,80.4,1711.0,0.0,0.082,0.0,0.0,
1760399248.3620422,2025-10-13T18:47:28,17.5,80.4,1711.0,0.0,0.045,0.001,0.001,
1760399249.3998263,2025-10-13T18:47:29,22.3,80.5,1711.0,0.066,0.291,0.0,0.004,
1760399250.4339561,2025-10-13T18:47:30,18.1,80.5,1711.0,0.0,0.139,0.0,0.002,
1760399251.4741254,2025-10-13T18:47:31,21.6,80.6,1711.0,0.008,0.066,0.005,0.0,
1760399252.5101259,2025-10-13T18:47:32,19.7,80.7,1466.0,0.016,0.262,0.001,0.007,
1760399253.5472662,2025-10-13T18:47:33,18.1,80.7,1466.0,0.061,0.569,0.001,0.001,
1760399254.5738926,2025-10-13T18:47:34,17.8,80.7,1711.0,0.016,0.127,0.0,0.001,
1760399255.615651,2025-10-13T18:47:35,16.6,80.8,1711.0,0.004,0.037,0.007,0.001,
1760399256.6490881,2025-10-13T18:47:36,17.1,80.8,1711.0,0.0,0.324,0.0,0.0,
1760399257.6859462,2025-10-13T18:47:37,18.2,80.7,1466.0,0.0,0.164,0.0,0.0,
1760399258.7038534,2025-10-13T18:47:38,16.9,80.7,1711.0,0.0,0.221,0.001,0.001,
1760399259.7401493,2025-10-13T18:47:39,18.3,80.7,1711.0,0.0,0.0,0.005,0.005,
1760399260.780073,2025-10-13T18:47:40,16.4,80.8,1711.0,0.0,0.176,0.0,0.001,
1760399261.8092337,2025-10-13T18:47:41,18.1,80.7,1711.0,0.0,0.086,0.0,0.0,
1760399262.841781,2025-10-13T18:47:42,17.2,80.7,1711.0,0.0,0.143,0.001,0.001,
1760399263.8796325,2025-10-13T18:47:43,19.0,80.7,1466.0,0.0,0.012,0.001,0.001,
1760399264.9127674,2025-10-13T18:47:44,20.7,80.7,1711.0,0.0,0.25,0.0,0.0,
1760399265.9528515,2025-10-13T18:47:45,17.0,80.7,1711.0,0.0,0.573,0.007,0.007,
1760399266.9884217,2025-10-13T18:47:46,17.1,80.7,1711.0,0.0,0.324,0.0,0.0,
1760399268.0210354,2025-10-13T18:47:48,18.5,80.7,1711.0,0.0,0.082,0.001,0.001,
1760399269.0557156,2025-10-13T18:47:49,18.1,80.7,1711.0,0.0,0.094,0.0,0.001,
1760399270.0933475,2025-10-13T18:47:50,18.0,80.7,1711.0,0.0,0.25,0.0,0.0,
1760399271.1317477,2025-10-13T18:47:51,16.4,80.7,1711.0,0.0,0.086,0.0,0.0,
1760399272.170576,2025-10-13T18:47:52,16.4,80.7,1711.0,0.0,0.176,0.0,0.0,
1760399273.207399,2025-10-13T18:47:53,17.5,80.7,1711.0,0.0,0.037,0.001,0.001,
1760399274.241187,2025-10-13T18:47:54,19.6,80.7,1711.0,0.328,0.193,0.007,0.007,
1760399275.2711425,2025-10-13T18:47:55,20.6,80.8,1466.0,0.168,0.324,0.0,0.0,
1760399276.306087,2025-10-13T18:47:56,23.1,80.9,1711.0,1.2,0.201,0.005,0.024,
1760399277.3448899,2025-10-13T18:47:57,25.2,80.9,1711.0,1.065,0.426,0.038,0.052,
1760399278.3733675,2025-10-13T18:47:58,19.9,80.9,1711.0,0.377,0.352,0.003,0.002,
1760399279.404963,2025-10-13T18:47:59,17.7,80.8,1711.0,0.0,0.111,0.001,0.004,
1760399280.437334,2025-10-13T18:48:00,17.6,80.8,1711.0,0.094,0.16,0.0,0.001,
1760399281.4756165,2025-10-13T18:48:01,18.6,80.8,1711.0,0.0,0.037,0.002,0.006,
1760399282.5135028,2025-10-13T18:48:02,21.6,80.8,1711.0,0.0,0.119,0.0,0.001,
1760399283.5548966,2025-10-13T18:48:03,17.8,80.8,1711.0,0.0,0.143,0.001,0.001,
1760399284.6017842,2025-10-13T18:48:04,25.2,81.2,1711.0,0.0,0.27,0.0,0.0,
1760399285.6309083,2025-10-13T18:48:05,18.4,81.1,1711.0,0.0,0.0,0.0,0.0,
1760399286.6716058,2025-10-13T18:48:06,16.6,81.0,1711.0,0.033,0.205,0.0,0.0,
1760399287.710433,2025-10-13T18:48:07,19.7,81.2,1711.0,0.0,0.291,0.009,0.008,
1760399288.7374992,2025-10-13T18:48:08,19.6,81.1,1711.0,0.016,0.172,0.005,0.007,
1760399289.7750547,2025-10-13T18:48:09,17.7,81.1,1711.0,0.197,0.082,0.001,0.001,
1760399290.8143117,2025-10-13T18:48:10,19.3,81.1,1711.0,0.0,0.115,0.01,0.015,
1760399291.8555887,2025-10-13T18:48:11,16.9,81.1,1711.0,0.033,0.373,0.004,0.006,
1760399292.892245,2025-10-13T18:48:12,17.0,81.1,1711.0,0.0,0.451,0.0,0.001,
1760399293.9285748,2025-10-13T18:48:13,19.9,81.1,1711.0,0.004,0.963,0.001,0.002,
1760399294.9587362,2025-10-13T18:48:14,20.0,81.1,1711.0,0.0,0.0,0.0,0.003,
1760399295.9910424,2025-10-13T18:48:15,17.2,81.1,1711.0,0.0,0.434,0.0,0.001,
1760399297.028887,2025-10-13T18:48:17,18.7,81.1,1711.0,0.0,0.209,0.0,0.0,
1760399298.068043,2025-10-13T18:48:18,16.5,81.1,1711.0,0.0,0.295,0.0,0.001,
1760399299.1018734,2025-10-13T18:48:19,19.0,81.1,1711.0,0.0,0.0,0.005,0.002,
1760399300.1449494,2025-10-13T18:48:20,19.1,81.1,1711.0,0.09,0.279,0.01,0.006,
1760399301.1800952,2025-10-13T18:48:21,18.0,81.1,1711.0,0.0,0.094,0.0,0.0,
1760399302.209549,2025-10-13T18:48:22,17.0,81.1,1711.0,0.0,0.09,0.0,0.0,
1760399303.2479732,2025-10-13T18:48:23,16.9,81.1,1711.0,0.03,0.0,0.001,0.001,
1760399304.2842443,2025-10-13T18:48:24,16.0,81.1,1711.0,0.0,0.406,0.0,0.001,
1760399305.3178184,2025-10-13T18:48:25,17.6,81.1,1711.0,0.0,0.098,0.006,0.003,
1760399306.3541203,2025-10-13T18:48:26,17.9,81.1,1711.0,0.0,0.119,0.0,0.0,
1760399307.3929443,2025-10-13T18:48:27,17.7,81.1,1711.0,0.176,0.0,0.012,0.014,
1760399308.4361484,2025-10-13T18:48:28,17.2,81.1,1711.0,0.0,0.045,0.001,0.001,
1760399309.4720778,2025-10-13T18:48:29,21.3,81.2,1711.0,0.0,0.352,0.005,0.01,
1760399310.5093489,2025-10-13T18:48:30,16.9,81.1,1711.0,0.016,0.197,0.0,0.001,
1760399311.5442488,2025-10-13T18:48:31,17.9,81.1,1711.0,0.0,0.0,0.0,0.0,
1760399312.5842957,2025-10-13T18:48:32,17.2,80.9,1711.0,0.016,0.119,0.0,0.0,
1760399313.621654,2025-10-13T18:48:33,16.8,80.9,1711.0,0.0,0.217,0.001,0.001,
1760399314.6589668,2025-10-13T18:48:34,17.4,80.9,1711.0,0.0,0.086,0.0,0.0,
1760399315.686325,2025-10-13T18:48:35,19.2,80.6,1711.0,0.0,0.041,0.0,0.001,
1760399316.7201087,2025-10-13T18:48:36,17.5,80.6,1711.0,0.0,0.094,0.0,0.0,
1760399317.7582326,2025-10-13T18:48:37,16.7,80.5,1711.0,0.0,0.18,0.001,0.001,
1760399318.794596,2025-10-13T18:48:38,19.0,80.5,1711.0,0.0,0.045,0.001,0.001,
1760399319.8238277,2025-10-13T18:48:39,24.0,80.4,1711.0,0.0,0.18,0.0,0.0,
1760399320.859136,2025-10-13T18:48:40,22.4,80.4,1711.0,0.0,0.102,0.0,0.001,
1760399321.8885138,2025-10-13T18:48:41,17.2,80.4,1711.0,0.0,0.049,0.004,0.006,
1760399322.930033,2025-10-13T18:48:42,16.4,80.4,1711.0,0.0,0.213,0.001,0.001,
1760399323.9628,2025-10-13T18:48:43,20.6,80.4,1711.0,0.0,0.217,0.001,0.001,
1760399324.9951336,2025-10-13T18:48:44,20.2,80.5,1711.0,0.0,0.0,0.0,0.0,
1760399326.0267527,2025-10-13T18:48:46,18.4,80.5,1711.0,0.016,0.279,0.0,0.0,
1760399327.0589883,2025-10-13T18:48:47,17.6,80.5,1711.0,0.0,0.479,0.0,0.0,
1760399328.0964053,2025-10-13T18:48:48,16.5,80.5,1711.0,0.0,0.082,0.0,0.001,
1760399329.1279233,2025-10-13T18:48:49,17.4,80.5,1711.0,0.0,0.066,0.001,0.001,
1760399330.163068,2025-10-13T18:48:50,19.2,80.5,1711.0,0.131,0.233,0.0,0.001,
1760399331.2007587,2025-10-13T18:48:51,17.8,80.5,1711.0,0.41,0.193,0.001,0.001,
1760399332.2384286,2025-10-13T18:48:52,18.1,80.4,1711.0,0.0,0.106,0.0,0.0,
1760399333.2693503,2025-10-13T18:48:53,17.0,80.5,1711.0,0.0,0.0,0.0,0.0,
1760399334.3102255,2025-10-13T18:48:54,17.3,80.5,1711.0,0.0,0.229,0.001,0.001,
1760399335.3493056,2025-10-13T18:48:55,17.4,80.5,1711.0,0.0,0.07,0.0,0.001,
1760399336.3879414,2025-10-13T18:48:56,17.7,80.5,1711.0,0.0,0.115,0.0,0.001,
1760399337.4249525,2025-10-13T18:48:57,17.6,80.4,1711.0,0.0,0.0,0.001,0.001,
1760399338.460084,2025-10-13T18:48:58,16.8,80.5,1711.0,0.0,0.074,0.0,0.001,
1760399339.5000422,2025-10-13T18:48:59,17.8,80.5,1711.0,0.0,0.07,0.001,0.005,
1760399340.5387447,2025-10-13T18:49:00,19.6,80.5,1711.0,0.0,0.217,0.0,0.0,
1760399341.5700793,2025-10-13T18:49:01,17.9,80.5,1711.0,0.0,0.0,0.0,0.0,
1760399342.6043975,2025-10-13T18:49:02,16.4,80.5,1711.0,0.016,0.106,0.008,0.008,
1760399343.6395328,2025-10-13T18:49:03,17.5,80.5,1711.0,0.0,0.02,0.0,0.0,
1760399344.67963,2025-10-13T18:49:04,16.6,80.5,1711.0,0.0,0.279,0.001,0.001,
1760399345.7187831,2025-10-13T18:49:05,16.6,80.5,1711.0,0.0,0.07,0.0,0.0,
1760399346.7580109,2025-10-13T18:49:06,16.3,80.5,1711.0,0.0,0.156,0.0,0.0,
1760399347.7937553,2025-10-13T18:49:07,19.9,80.5,1711.0,0.016,1.2,0.015,0.014,
1760399348.8283474,2025-10-13T18:49:08,16.8,80.5,1711.0,0.0,0.147,0.001,0.001,
1760399349.8629494,2025-10-13T18:49:09,16.8,80.5,1711.0,0.0,0.074,0.008,0.006,
1760399350.8940585,2025-10-13T18:49:10,17.6,80.5,1711.0,0.0,0.037,0.001,0.001,
1760399351.9292898,2025-10-13T18:49:11,18.2,80.5,1711.0,0.0,0.238,0.0,0.001,
1760399352.9695697,2025-10-13T18:49:12,17.5,80.5,1711.0,0.0,0.074,0.008,0.01,
1760399354.006173,2025-10-13T18:49:14,21.2,80.5,1711.0,0.016,0.348,0.001,0.001,
1760399355.0348294,2025-10-13T18:49:15,20.0,80.5,1711.0,0.0,0.172,0.0,0.001,
1760399356.0680048,2025-10-13T18:49:16,17.3,80.5,1711.0,0.037,0.311,0.0,0.001,
1760399357.1007597,2025-10-13T18:49:17,17.5,80.5,1711.0,0.0,0.319,0.001,0.001,
1760399358.13305,2025-10-13T18:49:18,17.1,80.5,1711.0,0.0,0.34,0.0,0.0,
1760399359.1677914,2025-10-13T18:49:19,17.5,80.5,1711.0,0.0,0.033,0.002,0.002,
1760399360.2072134,2025-10-13T18:49:20,17.6,80.5,1711.0,0.0,0.299,0.0,0.001,
1760399361.2434993,2025-10-13T18:49:21,16.8,80.5,1711.0,0.016,0.205,0.0,0.0,
1760399362.275668,2025-10-13T18:49:22,20.8,80.5,1711.0,0.049,0.664,0.0,0.0,
1760399363.3096373,2025-10-13T18:49:23,16.8,80.5,1711.0,0.02,0.131,0.0,0.0,
1760399364.3437693,2025-10-13T18:49:24,16.2,80.5,1711.0,0.049,0.229,0.001,0.001,
1760399365.3847673,2025-10-13T18:49:25,18.3,80.5,1711.0,1.119,0.356,0.0,0.0,
1760399366.4225771,2025-10-13T18:49:26,16.0,80.5,1711.0,0.238,0.131,0.0,0.0,
1760399367.5199018,2025-10-13T18:49:27,23.2,80.6,1711.0,0.086,0.762,0.0,0.001,
1760399368.5551157,2025-10-13T18:49:28,21.4,80.6,1711.0,0.0,0.0,0.002,0.001,
1760399369.5908358,2025-10-13T18:49:29,19.6,80.6,1711.0,0.0,0.233,0.001,0.006,
1760399370.6184754,2025-10-13T18:49:30,20.2,80.6,1711.0,0.0,0.164,0.001,0.001,
1760399371.655985,2025-10-13T18:49:31,19.4,80.6,1711.0,0.004,0.287,0.0,0.0,
1760399372.6943445,2025-10-13T18:49:32,20.5,80.5,1711.0,0.066,0.0,0.0,0.0,
1760399373.7310927,2025-10-13T18:49:33,21.3,80.5,1711.0,0.008,0.709,0.0,0.0,
1760399374.7666109,2025-10-13T18:49:34,20.3,80.5,1711.0,0.0,0.18,0.009,0.01,
1760399375.805072,2025-10-13T18:49:35,19.3,80.5,1711.0,0.0,0.381,0.0,0.0,
1760399376.8432431,2025-10-13T18:49:36,20.3,80.7,1711.0,0.0,0.0,0.0,0.0,
1760399377.8788986,2025-10-13T18:49:37,16.9,80.7,1711.0,0.0,0.193,0.0,0.0,
1760399378.9182193,2025-10-13T18:49:38,17.7,80.7,1711.0,0.0,0.131,0.0,0.0,
1760399379.952257,2025-10-13T18:49:39,17.2,80.7,1711.0,0.033,0.422,0.001,0.0,
1760399380.9831326,2025-10-13T18:49:40,20.5,80.7,1711.0,0.066,0.033,0.0,0.0,
1760399382.0176601,2025-10-13T18:49:42,21.8,80.7,1711.0,0.0,0.197,0.0,0.0,
1760399383.0524776,2025-10-13T18:49:43,22.5,80.7,1711.0,0.016,0.303,0.0,0.0,
1760399384.0683246,2025-10-13T18:49:44,21.1,80.7,1711.0,0.016,0.238,0.005,0.006,
1760399385.0965571,2025-10-13T18:49:45,21.3,80.7,1711.0,0.0,0.037,0.001,0.0,
1760399386.1324797,2025-10-13T18:49:46,18.6,80.7,1711.0,0.033,0.512,0.0,0.0,
1760399387.1684992,2025-10-13T18:49:47,19.4,80.7,1711.0,0.0,0.471,0.0,0.0,
1760399388.1996238,2025-10-13T18:49:48,20.8,80.7,1711.0,0.0,0.209,0.0,0.0,
1760399389.235265,2025-10-13T18:49:49,17.7,80.7,1711.0,0.0,0.0,0.015,0.001,
1760399390.2724378,2025-10-13T18:49:50,35.7,80.8,1711.0,0.0,0.279,0.001,0.002,
1760399391.3087237,2025-10-13T18:49:51,31.8,80.9,1711.0,0.091,0.533,0.0,0.0,
1760399392.348448,2025-10-13T18:49:52,29.8,81.0,1711.0,0.0,0.205,0.001,0.001,
1760399393.378321,2025-10-13T18:49:53,21.8,80.9,1711.0,0.0,0.086,0.001,0.001,
1760399394.4208276,2025-10-13T18:49:54,26.2,80.9,1711.0,0.016,0.569,0.016,0.007,
1760399395.4541137,2025-10-13T18:49:55,27.2,80.8,1711.0,0.0,0.143,0.007,0.009,
1760399396.4888155,2025-10-13T18:49:56,29.1,80.9,1711.0,0.0,0.36,0.0,0.001,
1760399397.5194883,2025-10-13T18:49:57,32.1,80.9,1711.0,0.0,0.319,0.001,0.001,
1760399398.5427842,2025-10-13T18:49:58,19.0,80.9,1711.0,0.066,0.0,0.0,0.0,
1760399399.5839462,2025-10-13T18:49:59,18.6,80.9,1711.0,0.152,0.287,0.001,0.005,
1760399400.615245,2025-10-13T18:50:00,20.2,80.9,1711.0,0.004,0.766,0.0,0.0,
1760399401.6532707,2025-10-13T18:50:01,23.2,80.9,1711.0,0.0,0.328,0.0,0.0,
1760399402.6943586,2025-10-13T18:50:02,23.7,80.9,1711.0,0.0,0.0,0.0,0.0,
1760399403.7273338,2025-10-13T18:50:03,18.8,80.9,1711.0,0.0,0.221,0.0,0.0,
1760399404.7583365,2025-10-13T18:50:04,20.1,80.9,1711.0,0.033,0.283,0.004,0.002,
1760399405.7879546,2025-10-13T18:50:05,19.4,80.9,1711.0,0.033,0.508,0.0,0.0,
1760399406.824463,2025-10-13T18:50:06,18.2,80.9,1711.0,0.0,0.0,0.0,0.0,
1760399407.8582563,2025-10-13T18:50:07,20.1,80.9,1711.0,0.029,0.291,0.013,0.008,
1760399408.887727,2025-10-13T18:50:08,28.1,80.9,1711.0,0.668,0.705,0.001,0.001,
1760399409.9209979,2025-10-13T18:50:09,32.0,80.9,1711.0,0.082,0.258,0.006,0.004,
1760399410.9462347,2025-10-13T18:50:10,20.8,80.9,1711.0,0.0,0.004,0.006,0.001,
1760399411.9801362,2025-10-13T18:50:11,20.3,80.9,1711.0,0.016,0.434,0.001,0.001,
1760399413.0170236,2025-10-13T18:50:13,22.1,80.9,1711.0,0.02,0.258,0.0,0.001,
1760399414.053733,2025-10-13T18:50:14,28.0,80.9,1711.0,0.041,0.311,0.0,0.016,
1760399415.0848806,2025-10-13T18:50:15,34.9,81.1,1711.0,0.1,0.207,0.038,0.088,
1760399416.1164134,2025-10-13T18:50:16,27.7,81.1,1711.0,0.025,1.335,0.001,0.002,
1760399417.1455176,2025-10-13T18:50:17,40.2,81.2,1711.0,0.033,0.398,0.002,0.011,
1760399418.180299,2025-10-13T18:50:18,23.7,81.1,1711.0,0.0,0.209,0.004,0.006,
1760399419.2203252,2025-10-13T18:50:19,30.8,81.3,1711.0,0.0,0.0,0.001,0.001,
1760399420.253896,2025-10-13T18:50:20,23.1,81.3,1711.0,0.098,0.406,0.01,0.006,
1760399421.2794936,2025-10-13T18:50:21,22.0,81.3,1711.0,0.197,0.643,0.013,0.005,
1760399422.3203068,2025-10-13T18:50:22,17.0,81.3,1711.0,0.0,0.283,0.0,0.0,
1760399423.3561296,2025-10-13T18:50:23,18.2,81.3,1711.0,0.03,0.0,0.0,0.0,
1760399424.3866136,2025-10-13T18:50:24,19.8,81.1,1711.0,0.0,0.139,0.001,0.001,
1760399425.4226658,2025-10-13T18:50:25,18.5,81.0,1711.0,0.0,0.233,0.0,0.0,
1760399426.4536886,2025-10-13T18:50:26,19.4,81.1,1711.0,0.0,0.336,0.0,0.0,
1760399427.497716,2025-10-13T18:50:27,17.9,81.1,1711.0,0.0,0.201,0.0,0.0,
1760399428.53508,2025-10-13T18:50:28,16.6,81.1,1711.0,0.0,0.0,0.0,0.0,
1760399429.573455,2025-10-13T18:50:29,18.3,81.1,1711.0,0.0,0.274,0.001,0.003,
1760399430.6085384,2025-10-13T18:50:30,17.4,81.1,1711.0,0.066,0.246,0.001,0.002,
1760399431.6448665,2025-10-13T18:50:31,17.8,81.1,1711.0,0.0,0.229,0.008,0.006,
1760399432.6737704,2025-10-13T18:50:32,24.0,84.5,1711.0,0.016,0.033,0.0,0.001,
1760399433.7006564,2025-10-13T18:50:33,23.3,84.5,1711.0,0.0,1.921,0.0,0.0,
1760399434.733312,2025-10-13T18:50:34,25.9,84.5,1711.0,0.0,0.455,0.001,0.001,
1760399435.766794,2025-10-13T18:50:35,23.5,84.5,1711.0,0.07,0.557,0.001,0.001,
1760399436.7979984,2025-10-13T18:50:36,22.9,84.5,1711.0,0.0,0.0,0.001,0.001,
1760399437.8298726,2025-10-13T18:50:37,23.3,84.5,1711.0,0.0,0.315,0.0,0.0,
1760399438.8653004,2025-10-13T18:50:38,23.7,84.5,1711.0,0.0,0.164,0.0,0.0,
1760399439.8991926,2025-10-13T18:50:39,23.4,84.5,1711.0,0.0,0.233,0.001,0.0,
1760399440.9322839,2025-10-13T18:50:40,23.7,84.5,1711.0,0.0,0.004,0.0,0.001,
1760399441.9654396,2025-10-13T18:50:41,25.6,84.4,1711.0,0.0,0.18,0.007,0.008,
1760399442.995529,2025-10-13T18:50:42,24.0,84.4,1711.0,0.033,0.299,0.024,0.03,
1760399444.028985,2025-10-13T18:50:44,25.7,84.4,1711.0,0.102,1.343,0.004,0.003,
1760399445.05718,2025-10-13T18:50:45,27.8,84.5,1711.0,0.066,0.164,0.001,0.0,
1760399446.0900178,2025-10-13T18:50:46,25.8,84.5,1711.0,0.016,0.5,0.006,0.005,
1760399447.1216245,2025-10-13T18:50:47,39.1,84.5,1711.0,0.229,1.479,0.004,0.001,
1760399448.1514509,2025-10-13T18:50:48,38.9,84.7,1711.0,0.019,0.553,0.0,0.0,
1760399449.191016,2025-10-13T18:50:49,24.3,84.7,1711.0,0.016,0.061,0.0,0.0,
1760399450.2266517,2025-10-13T18:50:50,25.6,84.7,1711.0,0.066,0.52,0.001,0.001,
1760399451.2618968,2025-10-13T18:50:51,25.5,84.7,1711.0,0.0,0.262,0.0,0.001,
1760399452.2950642,2025-10-13T18:50:52,25.5,84.7,1711.0,0.0,0.201,0.0,0.0,
1760399453.330163,2025-10-13T18:50:53,37.7,84.7,1711.0,0.0,0.033,0.003,0.002,
1760399454.3663158,2025-10-13T18:50:54,30.1,84.5,1711.0,0.0,0.7,0.0,0.001,
1760399455.4072366,2025-10-13T18:50:55,27.7,84.6,1711.0,0.016,0.213,0.002,0.002,
1760399456.447392,2025-10-13T18:50:56,26.7,84.5,1711.0,0.066,0.336,0.01,0.008,
1760399457.482656,2025-10-13T18:50:57,25.4,84.6,1711.0,0.0,0.143,0.0,0.001,
1760399458.5161746,2025-10-13T18:50:58,25.2,84.6,1711.0,0.0,0.045,0.0,0.001,
1760399459.5584123,2025-10-13T18:50:59,28.0,84.7,1711.0,0.0,0.229,0.0,0.004,
1760399460.6145,2025-10-13T18:51:00,35.0,84.7,1711.0,0.0,0.106,0.001,0.003,
1760399461.6550245,2025-10-13T18:51:01,27.9,84.7,1711.0,0.0,0.115,0.0,0.0,
1760399462.6925235,2025-10-13T18:51:02,28.4,84.6,1711.0,0.0,0.131,0.0,0.001,
1760399463.7304285,2025-10-13T18:51:03,26.4,84.6,1711.0,0.016,0.295,0.0,0.0,
1760399464.775359,2025-10-13T18:51:04,26.4,84.6,1711.0,0.033,0.25,0.0,0.001,
1760399465.817791,2025-10-13T18:51:05,48.4,85.6,1711.0,0.225,0.18,0.001,0.001,System Idle Process cpu=1250.7% mem=0.0% (pid=0); OneDrive.exe cpu=186.7% mem=2.8% (pid=20416); Taskmgr.exe cpu=40.9% mem=0.6% (pid=28296)
1760399469.6305006,2025-10-13T18:51:09,40.0,85.6,1711.0,17.986,3.351,0.006,0.01,System Idle Process cpu=982.5% mem=0.0% (pid=0); OneDrive.exe cpu=194.9% mem=2.8% (pid=20416); python.exe cpu=98.6% mem=3.8% (pid=30624)
1760399473.0968692,2025-10-13T18:51:13,34.5,84.7,1711.0,0.098,20.967,0.006,0.073,
1760399474.1252048,2025-10-13T18:51:14,33.5,84.5,1711.0,0.745,0.705,0.0,0.0,
1760399475.1570086,2025-10-13T18:51:15,35.6,84.3,1711.0,0.127,1.987,0.006,0.007,
1760399476.1865268,2025-10-13T18:51:16,44.4,84.1,1711.0,0.0,5.21,0.001,0.001,
1760399477.2170434,2025-10-13T18:51:17,29.4,83.9,1711.0,0.0,0.254,0.006,0.006,
1760399478.2559273,2025-10-13T18:51:18,25.1,80.3,1711.0,0.012,1.462,0.0,0.001,
1760399479.2898998,2025-10-13T18:51:19,19.5,80.3,1711.0,0.0,0.319,0.0,0.0,
1760399480.3237548,2025-10-13T18:51:20,19.1,80.3,1711.0,0.066,0.07,0.001,0.0,
1760399481.3597636,2025-10-13T18:51:21,19.4,80.3,1711.0,0.0,0.225,0.0,0.001,
1760399482.3967972,2025-10-13T18:51:22,18.6,80.3,1711.0,0.0,0.217,0.0,0.0,
1760399483.4305003,2025-10-13T18:51:23,20.3,80.3,1711.0,0.054,0.258,0.0,0.001,
1760399484.4694228,2025-10-13T18:51:24,24.9,80.2,1711.0,0.0,0.0,0.0,0.0,
1760399485.5033426,2025-10-13T18:51:25,28.7,80.3,1711.0,0.049,0.578,0.001,0.001,
1760399486.531059,2025-10-13T18:51:26,25.2,80.3,1711.0,0.016,0.422,0.001,0.001,
1760399487.560767,2025-10-13T18:51:27,26.1,80.2,1711.0,0.0,0.229,0.0,0.0,
1760399488.5916228,2025-10-13T18:51:28,19.1,80.2,1711.0,0.0,0.033,0.0,0.0,
1760399489.629202,2025-10-13T18:51:29,19.8,80.2,1711.0,0.016,0.34,0.0,0.004,
1760399490.6662366,2025-10-13T18:51:30,18.5,80.2,1711.0,0.033,0.254,0.001,0.001,
1760399491.7042859,2025-10-13T18:51:31,18.0,80.2,1711.0,0.0,0.381,0.0,0.0,
1760399492.7396636,2025-10-13T18:51:32,18.3,80.3,1711.0,0.0,0.0,0.0,0.001,
1760399493.777095,2025-10-13T18:51:33,20.7,80.3,1711.0,0.016,0.803,0.001,0.0,
1760399494.815419,2025-10-13T18:51:34,18.2,80.3,1711.0,0.0,0.504,0.0,0.0,
1760399495.8484437,2025-10-13T18:51:35,19.6,80.3,1711.0,0.025,0.377,0.008,0.007,
1760399496.8843622,2025-10-13T18:51:36,24.5,80.5,1711.0,0.0,0.049,0.0,0.001,
1760399497.921752,2025-10-13T18:51:37,24.4,80.4,1711.0,0.0,0.479,0.0,0.0,
1760399498.9600027,2025-10-13T18:51:38,31.2,80.3,1711.0,0.213,1.925,0.0,0.0,
1760399499.9873781,2025-10-13T18:51:39,31.6,80.4,1711.0,0.328,2.916,0.0,0.0,
1760399501.0213656,2025-10-13T18:51:41,18.6,80.4,1711.0,0.0,6.865,0.001,0.001,
1760399502.0613918,2025-10-13T18:51:42,17.4,80.4,1711.0,0.012,0.131,0.0,0.0,
1760399503.0922024,2025-10-13T18:51:43,30.2,80.3,1711.0,0.216,0.156,0.0,0.0,
1760399504.1313584,2025-10-13T18:51:44,20.4,80.3,1711.0,0.184,0.377,0.0,0.0,
1760399505.1631215,2025-10-13T18:51:45,53.6,81.5,1711.0,0.33,0.061,0.001,0.001,
1760399506.1876822,2025-10-13T18:51:46,100.0,82.9,1711.0,0.164,1.151,0.001,0.001,System Idle Process cpu=1165.8% mem=0.0% (pid=0); OneDrive.exe cpu=184.4% mem=2.9% (pid=20416); Taskmgr.exe cpu=40.4% mem=0.6% (pid=28296)
1760399509.9350932,2025-10-13T18:51:49,95.9,82.9,1711.0,0.201,1.057,0.009,0.01,OneDrive.exe cpu=139.0% mem=2.8% (pid=20416); python.exe cpu=94.1% mem=0.2% (pid=15076); python.exe cpu=91.0% mem=0.3% (pid=27488)
1760399513.053163,2025-10-13T18:51:53,95.8,82.9,1711.0,0.004,0.868,0.001,0.017,OneDrive.exe cpu=167.0% mem=2.8% (pid=20416); python.exe cpu=95.1% mem=0.3% (pid=27488); python.exe cpu=89.0% mem=0.2% (pid=15076)
1760399516.2296057,2025-10-13T18:51:56,98.3,82.9,1711.0,0.162,1.476,0.016,0.226,OneDrive.exe cpu=144.2% mem=2.8% (pid=20416); python.exe cpu=95.4% mem=0.3% (pid=3772); python.exe cpu=94.4% mem=0.3% (pid=3232)
1760399519.6277025,2025-10-13T18:51:59,96.6,83.0,1711.0,0.02,0.803,0.012,0.013,OneDrive.exe cpu=131.0% mem=2.8% (pid=20416); python.exe cpu=95.6% mem=0.3% (pid=3772); python.exe cpu=94.2% mem=0.3% (pid=20980)
1760399523.2074857,2025-10-13T18:52:03,94.4,82.9,1711.0,1.851,0.987,0.001,0.002,OneDrive.exe cpu=157.6% mem=2.8% (pid=20416); python.exe cpu=96.5% mem=0.2% (pid=25912); python.exe cpu=90.6% mem=0.3% (pid=20980)
1760399526.3486035,2025-10-13T18:52:06,96.1,82.8,1711.0,0.016,0.803,0.01,0.007,OneDrive.exe cpu=118.7% mem=2.8% (pid=20416); python.exe cpu=93.5% mem=0.3% (pid=4280); python.exe cpu=93.2% mem=0.2% (pid=25912)
1760399530.26014,2025-10-13T18:52:10,94.2,82.7,1711.0,0.004,0.934,0.011,0.002,OneDrive.exe cpu=113.5% mem=2.8% (pid=20416); System Idle Process cpu=100.8% mem=0.0% (pid=0); python.exe cpu=93.6% mem=0.3% (pid=20980)
1760399534.224961,2025-10-13T18:52:14,93.6,82.5,1711.0,0.004,0.573,0.007,0.008,OneDrive.exe cpu=172.0% mem=2.9% (pid=20416); System Idle Process cpu=99.5% mem=0.0% (pid=0); python.exe cpu=85.4% mem=0.3% (pid=3232)
1760399538.1023638,2025-10-13T18:52:18,46.9,80.2,1711.0,0.037,1.675,0.03,0.031,
1760399539.1368062,2025-10-13T18:52:19,19.8,80.2,1466.0,0.0,0.123,0.0,0.0,
1760399540.1507225,2025-10-13T18:52:20,17.5,80.2,1711.0,0.016,0.279,0.012,0.008,
1760399541.1845112,2025-10-13T18:52:21,16.6,80.1,1711.0,0.0,0.283,0.0,0.0,
1760399542.221341,2025-10-13T18:52:22,17.4,80.2,1711.0,0.004,0.18,0.001,0.001,
1760399543.2840705,2025-10-13T18:52:23,19.4,80.1,1711.0,0.004,0.094,0.004,0.008,
1760399544.3288605,2025-10-13T18:52:24,16.1,80.2,1711.0,0.0,0.27,0.0,0.0,
1760399545.3659775,2025-10-13T18:52:25,16.3,80.2,1711.0,0.0,0.225,0.002,0.002,
1760399546.404129,2025-10-13T18:52:26,18.6,80.2,1711.0,0.0,0.254,0.001,0.001,
1760399547.4434857,2025-10-13T18:52:27,15.8,80.2,1711.0,0.0,0.18,0.001,0.001,
1760399548.4816518,2025-10-13T18:52:28,16.2,80.2,1711.0,0.0,0.049,0.0,0.0,
1760399549.5179272,2025-10-13T18:52:29,23.3,80.3,1711.0,0.0,0.639,0.0,0.004,
1760399550.5580218,2025-10-13T18:52:30,18.8,80.3,1711.0,0.0,0.266,0.0,0.002,
1760399551.5860417,2025-10-13T18:52:31,22.9,80.5,1711.0,0.0,0.25,0.004,0.005,
1760399552.621418,2025-10-13T18:52:32,26.1,80.8,1711.0,0.799,0.307,0.005,0.006,
1760399553.659499,2025-10-13T18:52:33,26.0,80.7,1711.0,0.082,0.295,0.006,0.005,
1760399554.6900148,2025-10-13T18:52:34,20.7,80.7,1711.0,0.053,0.401,0.0,0.0,
1760399555.7304978,2025-10-13T18:52:35,17.4,80.7,1711.0,0.016,0.299,0.0,0.0,
1760399556.7620225,2025-10-13T18:52:36,17.3,80.7,1711.0,0.0,0.0,0.001,0.0,
1760399557.7996716,2025-10-13T18:52:37,16.4,80.7,1711.0,0.098,0.426,0.001,0.001,
1760399558.8432872,2025-10-13T18:52:38,16.0,80.7,1711.0,0.0,0.618,0.0,0.0,
1760399559.8779843,2025-10-13T18:52:39,19.6,80.7,1711.0,0.0,0.84,0.0,0.0,
1760399560.9164686,2025-10-13T18:52:40,17.2,80.7,1711.0,0.0,0.131,0.0,0.001,
1760399561.9507115,2025-10-13T18:52:41,17.0,80.7,1711.0,0.0,0.287,0.001,0.0,
1760399562.9659903,2025-10-13T18:52:42,15.5,80.6,1711.0,0.147,0.279,0.0,0.001,
1760399564.0027108,2025-10-13T18:52:44,26.0,80.8,1711.0,1.066,0.295,0.007,0.003,
1760399565.0407896,2025-10-13T18:52:45,27.8,80.9,1711.0,0.176,0.868,0.007,0.02,
1760399566.077845,2025-10-13T18:52:46,20.6,80.9,1711.0,0.033,0.922,0.007,0.011,
1760399567.1099787,2025-10-13T18:52:47,16.8,80.9,1711.0,0.0,0.377,0.001,0.0,
1760399568.1478271,2025-10-13T18:52:48,17.2,80.9,1711.0,0.008,0.303,0.0,0.0,
1760399569.182336,2025-10-13T18:52:49,17.6,80.9,1711.0,0.0,0.274,0.0,0.0,
1760399570.2180283,2025-10-13T18:52:50,20.4,80.7,1711.0,0.025,0.5,0.0,0.0,
1760399571.2489703,2025-10-13T18:52:51,19.4,80.7,1711.0,0.016,0.258,0.013,0.012,
1760399572.2884493,2025-10-13T18:52:52,16.6,80.7,1711.0,0.0,0.34,0.001,0.001,
1760399573.3306441,2025-10-13T18:52:53,16.6,80.7,1711.0,0.0,0.0,0.001,0.001,
1760399574.3634188,2025-10-13T18:52:54,17.7,80.7,1711.0,0.037,0.266,0.0,0.001,
1760399575.3988097,2025-10-13T18:52:55,18.3,80.7,1711.0,0.0,0.213,0.0,0.001,
1760399576.4329295,2025-10-13T18:52:56,16.5,80.7,1711.0,0.004,0.532,0.001,0.001,
1760399577.473978,2025-10-13T18:52:57,17.7,80.7,1711.0,0.0,0.27,0.001,0.001,
1760399578.512082,2025-10-13T18:52:58,18.6,80.7,1711.0,0.0,0.086,0.0,0.001,
1760399579.547033,2025-10-13T18:52:59,17.7,80.7,1711.0,0.0,0.369,0.0,0.004,
1760399580.5817375,2025-10-13T18:53:00,18.0,80.7,1711.0,0.111,0.266,0.0,0.001,
1760399581.61333,2025-10-13T18:53:01,18.2,80.7,1711.0,0.0,0.254,0.002,0.006,
1760399582.6513298,2025-10-13T18:53:02,22.7,80.7,1711.0,0.0,0.0,0.001,0.001,
1760399583.6879704,2025-10-13T18:53:03,17.0,80.7,1711.0,0.004,0.209,0.0,0.0,
1760399584.7275276,2025-10-13T18:53:04,16.1,80.7,1711.0,0.066,0.459,0.0,0.0,
1760399585.7602596,2025-10-13T18:53:05,26.8,81.2,1711.0,0.0,0.25,0.0,0.0,
1760399586.792607,2025-10-13T18:53:06,21.1,81.0,1711.0,0.0,0.0,0.0,0.0,
1760399587.8276978,2025-10-13T18:53:07,17.6,81.0,1711.0,0.0,0.393,0.001,0.001,
1760399588.868783,2025-10-13T18:53:08,16.6,81.0,1711.0,0.016,0.451,0.0,0.0,
1760399589.9027488,2025-10-13T18:53:09,19.0,81.1,1711.0,0.0,0.238,0.0,0.0,
1760399590.9390726,2025-10-13T18:53:10,19.1,81.1,1711.0,0.0,0.0,0.005,0.009,
1760399591.9738152,2025-10-13T18:53:11,18.4,81.0,1711.0,0.016,0.442,0.005,0.006,
1760399593.010847,2025-10-13T18:53:13,17.4,81.0,1711.0,0.025,0.315,0.001,0.001,
1760399594.0461428,2025-10-13T18:53:14,16.6,81.0,1711.0,0.037,0.328,0.0,0.002,
1760399595.0787654,2025-10-13T18:53:15,20.1,81.0,1711.0,0.123,0.274,0.0,0.002,
1760399596.1130018,2025-10-13T18:53:16,17.8,81.0,1711.0,0.0,0.901,0.0,0.001,
1760399597.1476238,2025-10-13T18:53:17,17.1,81.0,1711.0,0.0,0.422,0.001,0.002,
1760399598.1812036,2025-10-13T18:53:18,15.9,81.0,1711.0,0.0,0.217,0.001,0.002,
1760399599.2171032,2025-10-13T18:53:19,23.8,81.2,1711.0,0.066,0.213,0.0,0.001,
1760399600.2472093,2025-10-13T18:53:20,19.2,81.2,1711.0,0.033,0.602,0.0,0.001,
1760399601.2878454,2025-10-13T18:53:21,18.7,81.2,1711.0,0.016,0.467,0.011,0.008,
1760399602.3265414,2025-10-13T18:53:22,16.6,81.2,1711.0,0.0,0.266,0.006,0.005,
1760399603.3638394,2025-10-13T18:53:23,16.8,81.2,1711.0,0.016,0.303,0.012,0.012,
1760399604.4015062,2025-10-13T18:53:24,16.1,81.2,1711.0,0.012,0.061,0.0,0.0,
1760399605.436506,2025-10-13T18:53:25,16.8,81.2,1711.0,0.0,0.283,0.0,0.0,
1760399606.4810417,2025-10-13T18:53:26,16.2,81.2,1711.0,0.0,0.193,0.0,0.001,
1760399607.5174356,2025-10-13T18:53:27,18.0,81.1,1711.0,0.0,0.34,0.006,0.006,
1760399608.552783,2025-10-13T18:53:28,16.3,81.1,1711.0,0.0,0.131,0.0,0.0,
1760399609.5901043,2025-10-13T18:53:29,17.6,81.1,1711.0,0.0,0.365,0.0,0.004,
1760399610.6183016,2025-10-13T18:53:30,16.7,81.1,1711.0,0.0,0.193,0.0,0.001,
1760399611.6598332,2025-10-13T18:53:31,17.9,81.1,1711.0,0.0,0.565,0.0,0.001,
1760399612.6999822,2025-10-13T18:53:32,17.3,81.1,1711.0,0.0,0.0,0.001,0.001,
1760399613.7407975,2025-10-13T18:53:33,16.7,81.1,1711.0,0.004,0.705,0.0,0.001,
1760399614.781902,2025-10-13T18:53:34,18.4,81.0,1711.0,0.0,0.332,0.0,0.0,
1760399615.8147023,2025-10-13T18:53:35,17.7,81.0,1711.0,0.0,0.389,0.0,0.0,
1760399616.8457627,2025-10-13T18:53:36,21.2,80.8,1711.0,0.098,0.049,0.0,0.0,
1760399617.8746536,2025-10-13T18:53:37,22.1,81.0,1711.0,0.033,0.291,0.001,0.001,
1760399618.9140677,2025-10-13T18:53:38,17.0,81.0,1711.0,0.0,0.451,0.0,0.0,
1760399619.9488912,2025-10-13T18:53:39,16.9,81.0,1711.0,0.0,0.344,0.0,0.0,
1760399620.984783,2025-10-13T18:53:40,17.3,81.0,1711.0,0.0,0.0,0.0,0.001,
1760399622.0163593,2025-10-13T18:53:42,19.8,80.9,1711.0,0.049,0.418,0.0,0.0,
1760399623.0623052,2025-10-13T18:53:43,23.0,81.0,1711.0,0.061,0.451,0.001,0.001,
1760399624.1020887,2025-10-13T18:53:44,21.8,81.0,1711.0,0.225,0.459,0.0,0.0,
1760399625.1389923,2025-10-13T18:53:45,24.1,81.0,1711.0,0.152,0.0,0.0,0.0,
1760399626.172748,2025-10-13T18:53:46,22.5,81.0,1711.0,0.016,1.217,0.0,0.0,
1760399627.207607,2025-10-13T18:53:47,20.8,81.0,1711.0,0.016,0.651,0.0,0.0,
1760399628.2489345,2025-10-13T18:53:48,22.2,81.0,1711.0,0.0,0.492,0.001,0.001,
1760399629.2909977,2025-10-13T18:53:49,21.8,80.9,1711.0,0.0,0.557,0.0,0.0,
1760399630.328571,2025-10-13T18:53:50,22.9,80.9,1711.0,0.0,0.176,0.0,0.0,
1760399631.3664458,2025-10-13T18:53:51,20.9,80.9,1711.0,0.004,0.586,0.0,0.0,
1760399632.407376,2025-10-13T18:53:52,23.9,80.8,1711.0,0.0,0.52,0.0,0.0,
1760399633.447991,2025-10-13T18:53:53,25.6,80.8,1711.0,0.004,0.971,0.005,0.006,
1760399634.479513,2025-10-13T18:53:54,21.9,80.8,1711.0,0.0,0.078,0.0,0.001,
1760399635.5158038,2025-10-13T18:53:55,22.0,80.8,1711.0,0.004,0.668,0.0,0.001,
1760399636.5587802,2025-10-13T18:53:56,21.8,80.8,1711.0,0.0,0.618,0.0,0.0,
1760399637.5929806,2025-10-13T18:53:57,21.6,80.8,1711.0,0.0,0.602,0.001,0.001,
1760399638.6264935,2025-10-13T18:53:58,21.3,80.8,1711.0,0.0,0.0,0.0,0.0,
1760399639.6553736,2025-10-13T18:53:59,23.3,80.8,1711.0,0.004,0.893,0.0,0.004,
1760399640.6907866,2025-10-13T18:54:00,23.4,80.8,1711.0,0.0,0.848,0.0,0.001,
1760399641.7282727,2025-10-13T18:54:01,22.2,80.8,1711.0,0.0,0.967,0.0,0.0,
1760399642.7691662,2025-10-13T18:54:02,22.6,80.8,1711.0,0.0,0.0,0.001,0.001,
1760399643.8005707,2025-10-13T18:54:03,22.9,80.8,1711.0,0.02,1.184,0.0,0.0,
1760399644.8259454,2025-10-13T18:54:04,21.1,80.8,1711.0,0.033,0.819,0.0,0.0,
1760399645.863468,2025-10-13T18:54:05,21.0,80.8,1711.0,0.0,5.497,0.0,0.0,
1760399646.9013853,2025-10-13T18:54:06,20.1,80.8,1711.0,0.004,0.193,0.0,0.001,
1760399647.9428155,2025-10-13T18:54:07,24.5,80.8,1711.0,0.053,0.688,0.014,0.014,
1760399648.9809015,2025-10-13T18:54:08,23.0,80.8,1711.0,0.0,0.819,0.001,0.002,
1760399650.0179212,2025-10-13T18:54:10,21.5,80.9,1711.0,0.016,1.016,0.0,0.0,
1760399651.0359857,2025-10-13T18:54:11,26.5,81.1,1711.0,0.0,0.049,0.001,0.001,
1760399652.0665188,2025-10-13T18:54:12,25.8,81.1,1466.0,0.033,0.938,0.0,0.0,
1760399653.093349,2025-10-13T18:54:13,28.8,81.2,1711.0,0.07,0.893,0.005,0.006,
1760399654.1304011,2025-10-13T18:54:14,25.5,81.1,1711.0,0.16,1.29,0.0,0.0,
1760399655.1641507,2025-10-13T18:54:15,24.8,81.1,1711.0,0.041,1.384,0.008,0.006,
1760399656.1960826,2025-10-13T18:54:16,26.8,81.1,1711.0,0.0,0.238,0.0,0.001,
1760399657.2272756,2025-10-13T18:54:17,23.3,81.1,1711.0,0.0,0.975,0.0,0.0,
1760399658.2556672,2025-10-13T18:54:18,25.3,81.0,1711.0,0.049,1.425,0.001,0.001,
1760399659.2860672,2025-10-13T18:54:19,45.4,81.1,1711.0,0.102,1.38,0.004,0.001,
1760399660.3141983,2025-10-13T18:54:20,43.0,81.4,1711.0,6.253,0.193,0.023,0.018,
1760399661.3464563,2025-10-13T18:54:21,35.8,81.5,1711.0,0.209,1.925,0.014,0.014,
1760399662.3747983,2025-10-13T18:54:22,34.4,81.7,1711.0,0.0,1.217,0.001,0.004,
1760399663.4087636,2025-10-13T18:54:23,29.9,82.0,1466.0,0.066,1.454,0.001,0.004,
1760399664.4449632,2025-10-13T18:54:24,28.4,82.2,1711.0,0.102,0.156,0.005,0.005,
1760399665.4837573,2025-10-13T18:54:25,24.0,82.3,1711.0,1.024,1.225,0.009,0.01,
1760399666.525014,2025-10-13T18:54:26,24.9,82.3,1711.0,0.049,1.114,0.0,0.0,
1760399667.5639472,2025-10-13T18:54:27,24.3,82.3,1711.0,0.0,1.004,0.0,0.0,
1760399668.6029866,2025-10-13T18:54:28,34.0,81.7,1466.0,2.568,0.147,0.018,0.022,
1760399669.630279,2025-10-13T18:54:29,35.4,81.4,1711.0,0.115,2.265,0.006,0.008,
1760399670.6538973,2025-10-13T18:54:30,31.8,81.4,1711.0,0.238,1.782,0.006,0.013,
1760399671.6805692,2025-10-13T18:54:31,23.8,81.4,1711.0,0.053,1.069,0.0,0.001,
1760399672.7197797,2025-10-13T18:54:32,25.7,81.4,1711.0,0.0,0.086,0.008,0.007,
1760399673.761631,2025-10-13T18:54:33,22.7,81.4,1466.0,0.016,1.294,0.001,0.001,
1760399674.7810442,2025-10-13T18:54:34,22.7,81.3,1711.0,0.049,2.318,0.0,0.001,
1760399675.810161,2025-10-13T18:54:35,22.2,81.4,1711.0,0.197,1.667,0.0,0.001,
1760399676.8446436,2025-10-13T18:54:36,26.9,81.4,1711.0,0.008,0.221,0.0,0.0,
1760399677.8806763,2025-10-13T18:54:37,22.3,81.4,1711.0,0.098,1.589,0.001,0.001,
1760399678.914974,2025-10-13T18:54:38,17.9,81.4,1711.0,0.0,1.45,0.007,0.001,
1760399679.9456015,2025-10-13T18:54:39,19.7,81.4,1711.0,0.0,1.335,0.0,0.0,
1760399680.9805987,2025-10-13T18:54:40,32.6,81.4,1711.0,0.0,0.127,0.0,0.0,
1760399682.0172107,2025-10-13T18:54:42,21.7,81.4,1711.0,0.004,1.278,0.0,0.0,
1760399683.052067,2025-10-13T18:54:43,19.5,81.4,1711.0,0.221,1.642,0.001,0.001,
1760399684.0936055,2025-10-13T18:54:44,25.5,81.5,1711.0,0.016,1.204,0.0,0.0,
1760399685.1194847,2025-10-13T18:54:45,30.9,81.4,1466.0,0.045,0.75,0.0,0.0,
1760399686.1427016,2025-10-13T18:54:46,20.8,81.4,1711.0,0.061,0.487,0.0,0.0,
1760399687.1836038,2025-10-13T18:54:47,17.1,81.3,1711.0,0.066,1.683,0.0,0.0,
1760399688.2163115,2025-10-13T18:54:48,22.5,81.4,1711.0,0.0,1.085,0.019,0.017,
1760399689.2417946,2025-10-13T18:54:49,29.2,81.6,1711.0,0.803,1.204,0.0,0.0,
1760399690.27218,2025-10-13T18:54:50,36.5,81.7,1711.0,4.198,0.123,0.0,0.0,
1760399691.3102384,2025-10-13T18:54:51,26.8,81.7,1711.0,0.0,0.635,0.0,0.0,
1760399692.3457036,2025-10-13T18:54:52,26.7,81.7,1711.0,0.0,0.532,0.008,0.007,
1760399693.3780887,2025-10-13T18:54:53,23.2,81.8,1711.0,0.0,0.627,0.001,0.001,
1760399694.4115903,2025-10-13T18:54:54,23.0,81.8,1711.0,0.0,0.119,0.0,0.001,
1760399695.44657,2025-10-13T18:54:55,38.8,81.7,1711.0,0.033,0.782,0.006,0.006,
1760399696.4846582,2025-10-13T18:54:56,20.5,81.7,1711.0,0.0,1.057,0.0,0.001,
1760399697.5198534,2025-10-13T18:54:57,21.3,81.6,1711.0,0.033,1.487,0.0,0.001,
1760399698.549558,2025-10-13T18:54:58,22.7,81.7,1711.0,0.0,0.242,0.001,0.001,
1760399699.5774417,2025-10-13T18:54:59,19.7,81.6,1711.0,0.066,1.724,0.001,0.004,
1760399700.6156251,2025-10-13T18:55:00,21.6,81.7,1711.0,0.115,1.487,0.0,0.001,
1760399701.6402426,2025-10-13T18:55:01,20.1,81.7,1711.0,0.033,1.442,0.0,0.001,
1760399702.6683807,2025-10-13T18:55:02,18.1,81.7,1711.0,0.0,0.139,0.0,0.0,
1760399703.7013857,2025-10-13T18:55:03,20.2,81.7,1711.0,0.037,1.278,0.002,0.002,
1760399704.73934,2025-10-13T18:55:04,23.7,81.6,1711.0,0.0,0.778,0.0,0.001,
1760399705.8568509,2025-10-13T18:55:05,24.2,81.5,1711.0,0.0,0.479,0.0,0.0,
1760399706.8912525,2025-10-13T18:55:06,26.2,81.6,1711.0,0.0,0.037,0.0,0.0,
1760399707.929124,2025-10-13T18:55:07,26.5,81.6,1711.0,0.0,0.352,0.008,0.006,
1760399708.9659467,2025-10-13T18:55:08,19.4,81.6,1711.0,0.0,0.229,0.001,0.0,
1760399709.9985883,2025-10-13T18:55:09,18.7,81.6,1711.0,0.0,0.479,0.0,0.001,
1760399711.0413423,2025-10-13T18:55:11,20.2,81.7,1711.0,0.049,0.463,0.0,0.0,
1760399712.0754385,2025-10-13T18:55:12,22.1,81.6,1711.0,0.0,0.143,0.0,0.0,
1760399713.1079273,2025-10-13T18:55:13,17.8,81.6,1711.0,0.066,0.389,0.001,0.001,
1760399714.145988,2025-10-13T18:55:14,22.7,81.7,1711.0,0.0,0.279,0.0,0.0,
1760399715.180139,2025-10-13T18:55:15,21.8,81.6,1711.0,0.0,0.381,0.0,0.0,
1760399716.219798,2025-10-13T18:55:16,24.5,81.6,1711.0,0.0,0.098,0.0,0.0,
1760399717.250167,2025-10-13T18:55:17,18.5,81.6,1711.0,0.016,0.393,0.0,0.0,
1760399718.2897363,2025-10-13T18:55:18,22.6,81.6,1711.0,0.0,0.188,0.001,0.001,
1760399719.3282888,2025-10-13T18:55:19,21.7,81.6,1711.0,0.0,0.168,0.0,0.0,
1760399720.3634553,2025-10-13T18:55:20,33.2,81.6,1711.0,0.0,0.156,0.0,0.0,
1760399721.3968096,2025-10-13T18:55:21,23.2,81.6,1711.0,0.0,0.221,0.0,0.0,
1760399722.440191,2025-10-13T18:55:22,23.4,81.7,1711.0,0.0,0.389,0.0,0.0,
1760399723.475368,2025-10-13T18:55:23,23.1,81.7,1711.0,0.0,0.254,0.001,0.0,
1760399724.5072153,2025-10-13T18:55:24,27.3,81.7,1711.0,0.0,0.004,0.001,0.001,
1760399725.5450528,2025-10-13T18:55:25,19.7,81.7,1711.0,0.041,0.451,0.006,0.005,
1760399726.5857341,2025-10-13T18:55:26,25.8,81.6,1711.0,0.0,0.254,0.0,0.001,
1760399727.6142485,2025-10-13T18:55:27,23.4,81.6,1711.0,0.0,0.172,0.0,0.0,
1760399728.6445944,2025-10-13T18:55:28,28.6,81.6,1711.0,0.0,0.045,0.001,0.001,
1760399729.6746275,2025-10-13T18:55:29,27.6,81.5,1711.0,0.016,0.442,0.008,0.011,
1760399730.7079198,2025-10-13T18:55:30,26.7,81.5,1711.0,0.0,0.205,0.0,0.0,
1760399731.7458947,2025-10-13T18:55:31,26.3,81.5,1711.0,0.0,0.324,0.0,0.0,
1760399732.780308,2025-10-13T18:55:32,23.7,81.6,1711.0,0.066,0.0,0.0,0.0,
1760399733.8163207,2025-10-13T18:55:33,25.6,81.6,1711.0,0.0,0.889,0.001,0.001,
1760399734.8524294,2025-10-13T18:55:34,18.3,81.6,1711.0,0.0,0.274,0.0,0.0,
1760399735.8828907,2025-10-13T18:55:35,18.8,81.6,1711.0,0.0,0.467,0.0,0.0,
1760399736.9249506,2025-10-13T18:55:36,18.8,81.5,1711.0,0.0,0.0,0.0,0.0,
1760399737.9667466,2025-10-13T18:55:37,20.2,81.5,1711.0,0.016,0.246,0.0,0.001,
1760399739.005034,2025-10-13T18:55:39,17.3,81.5,1711.0,0.016,0.279,0.001,0.001,
1760399740.0414014,2025-10-13T18:55:40,16.5,81.5,1711.0,0.0,0.332,0.0,0.0,
1760399741.0771384,2025-10-13T18:55:41,16.6,81.5,1711.0,0.0,0.225,0.0,0.0,
1760399742.1123247,2025-10-13T18:55:42,17.0,81.5,1711.0,0.0,0.0,0.0,0.0,
1760399743.1523192,2025-10-13T18:55:43,35.2,81.7,1711.0,6.741,0.582,0.044,0.042,
1760399744.1864228,2025-10-13T18:55:44,32.0,81.8,1711.0,13.187,0.811,0.051,0.075,
1760399745.242191,2025-10-13T18:55:45,57.2,82.0,1711.0,12.531,0.672,0.005,0.013,
1760399746.2811704,2025-10-13T18:55:46,30.4,82.0,1711.0,0.664,0.164,0.0,0.0,
1760399747.3119287,2025-10-13T18:55:47,44.1,82.0,1711.0,0.243,0.569,0.019,0.014,
1760399748.345721,2025-10-13T18:55:48,34.3,81.5,1711.0,0.872,2.912,0.001,0.001,
1760399749.3744402,2025-10-13T18:55:49,34.0,80.9,1711.0,0.0,9.462,0.001,0.001,
1760399750.4107974,2025-10-13T18:55:50,27.3,80.6,1711.0,0.0,0.795,0.009,0.007,
1760399751.4411569,2025-10-13T18:55:51,26.0,80.5,1711.0,0.049,1.696,0.0,0.0,
1760399752.473613,2025-10-13T18:55:52,32.1,79.8,1711.0,8.238,34.845,0.0,0.0,
1760399753.5064883,2025-10-13T18:55:53,38.7,79.2,1711.0,0.416,22.735,0.009,0.006,
1760399754.5468795,2025-10-13T18:55:54,29.2,79.1,1711.0,0.209,3.69,0.001,0.001,
1760399755.5895972,2025-10-13T18:55:55,23.4,79.1,1711.0,0.033,0.786,0.004,0.006,
1760399756.6238635,2025-10-13T18:55:56,24.4,79.1,1711.0,0.098,0.786,0.02,0.008,
1760399757.655578,2025-10-13T18:55:57,38.9,79.5,1711.0,0.106,0.877,0.007,0.008,
1760399758.678613,2025-10-13T18:55:58,24.0,79.3,1711.0,0.033,0.127,0.001,0.001,
1760399759.7138612,2025-10-13T18:55:59,26.7,79.3,1711.0,0.017,0.819,0.004,0.011,
1760399760.747566,2025-10-13T18:56:00,21.1,79.3,1711.0,0.016,0.598,0.0,0.0,
1760399761.779375,2025-10-13T18:56:01,23.6,79.3,1711.0,0.229,0.512,0.008,0.007,
1760399762.8080156,2025-10-13T18:56:02,23.3,79.4,1711.0,0.0,0.283,0.004,0.002,
1760399763.8390152,2025-10-13T18:56:03,24.5,79.4,1711.0,0.004,0.483,0.005,0.015,
1760399764.878576,2025-10-13T18:56:04,23.9,79.4,1711.0,0.75,0.401,0.003,0.002,
1760399765.9212291,2025-10-13T18:56:05,27.6,79.4,1711.0,1.606,1.221,0.006,0.191,
1760399766.9560292,2025-10-13T18:56:06,21.3,79.3,1711.0,0.0,1.761,0.0,0.0,
1760399767.9973474,2025-10-13T18:56:07,24.8,79.4,1711.0,0.066,0.868,0.007,0.01,
1760399769.0388515,2025-10-13T18:56:09,26.5,79.3,1711.0,0.0,3.658,0.001,0.001,
1760399770.0827305,2025-10-13T18:56:10,27.4,79.5,1711.0,0.066,3.854,0.001,0.001,
1760399771.1235566,2025-10-13T18:56:11,21.7,79.5,1711.0,0.0,7.512,0.021,0.083,
1760399772.153567,2025-10-13T18:56:12,24.0,79.5,1711.0,0.0,0.692,0.001,0.006,
1760399773.1758375,2025-10-13T18:56:13,24.7,79.6,1711.0,0.119,2.036,0.102,0.032,
1760399774.2163382,2025-10-13T18:56:14,36.9,79.6,1711.0,0.07,4.231,0.007,0.009,
1760399775.2445014,2025-10-13T18:56:15,27.4,79.6,1711.0,0.188,1.81,0.002,0.003,
1760399776.2807264,2025-10-13T18:56:16,25.9,79.7,1711.0,0.041,0.266,0.016,0.009,
1760399777.3171842,2025-10-13T18:56:17,26.9,79.8,1711.0,0.81,2.073,0.015,0.027,
1760399778.3525705,2025-10-13T18:56:18,20.8,79.8,1711.0,0.0,0.438,0.0,0.0,
1760399779.3900032,2025-10-13T18:56:19,20.9,79.8,1711.0,0.0,0.225,0.0,0.0,
1760399780.4303734,2025-10-13T18:56:20,22.8,79.8,1711.0,0.0,0.287,0.016,0.009,
1760399781.4662347,2025-10-13T18:56:21,20.0,79.9,1711.0,0.358,0.152,0.0,0.002,
1760399782.4996576,2025-10-13T18:56:22,26.0,80.0,1711.0,0.0,0.365,0.003,0.003,
1760399783.5519912,2025-10-13T18:56:23,24.1,80.0,1711.0,0.0,0.135,0.001,0.002,
1760399784.5881581,2025-10-13T18:56:24,22.4,80.0,1711.0,0.0,0.0,0.001,0.002,
1760399785.6265075,2025-10-13T18:56:25,29.7,80.0,1711.0,0.0,0.086,0.001,0.003,
1760399786.6647918,2025-10-13T18:56:26,33.1,80.5,1711.0,0.0,0.233,0.001,0.002,
1760399787.697615,2025-10-13T18:56:27,28.2,80.2,1711.0,0.0,0.139,0.005,0.007,
1760399788.7328856,2025-10-13T18:56:28,20.2,80.2,1711.0,0.0,0.106,0.0,0.001,
1760399789.7734556,2025-10-13T18:56:29,35.2,80.4,1711.0,0.066,0.217,0.001,0.023,
1760399790.8080568,2025-10-13T18:56:30,51.2,80.5,1711.0,0.21,0.233,0.022,0.015,
1760399791.839072,2025-10-13T18:56:31,46.8,80.5,1711.0,0.773,0.205,0.047,0.043,
1760399792.8715458,2025-10-13T18:56:32,40.3,80.4,1711.0,0.096,0.467,0.01,0.122,
1760399793.901424,2025-10-13T18:56:33,29.7,80.3,1711.0,0.0,0.074,0.0,0.0,
1760399794.933749,2025-10-13T18:56:34,22.5,80.3,1711.0,0.0,0.524,0.001,0.001,
1760399795.9692407,2025-10-13T18:56:35,23.9,80.3,1711.0,0.0,0.938,0.008,0.02,
1760399797.003234,2025-10-13T18:56:37,24.1,80.2,1711.0,0.0,0.164,0.009,0.001,
1760399798.039395,2025-10-13T18:56:38,32.1,80.2,1711.0,0.0,0.18,0.0,0.0,
1760399799.0756052,2025-10-13T18:56:39,20.0,80.2,1711.0,0.0,0.164,0.0,0.0,
1760399800.1166964,2025-10-13T18:56:40,20.6,80.2,1711.0,0.0,0.201,0.001,0.001,
1760399801.1511137,2025-10-13T18:56:41,18.4,80.2,1711.0,0.0,0.09,0.0,0.0,
1760399802.185649,2025-10-13T18:56:42,23.7,80.1,1711.0,0.0,0.061,0.0,0.0,
1760399803.2117984,2025-10-13T18:56:43,21.6,80.1,1711.0,0.0,0.27,0.005,0.005,
1760399804.2417047,2025-10-13T18:56:44,21.5,80.1,1711.0,0.0,0.25,0.0,0.0,
1760399805.274091,2025-10-13T18:56:45,24.7,80.0,1711.0,0.0,0.279,0.001,0.001,
1760399806.308306,2025-10-13T18:56:46,20.9,80.0,1711.0,0.0,0.135,0.001,0.002,
1760399807.3449624,2025-10-13T18:56:47,19.6,79.9,1711.0,0.0,0.369,0.015,0.009,
1760399808.3795183,2025-10-13T18:56:48,26.4,79.9,1711.0,0.0,0.541,0.0,0.0,
1760399809.4149141,2025-10-13T18:56:49,25.9,79.9,1711.0,0.057,0.967,0.0,0.0,
1760399810.4509304,2025-10-13T18:56:50,25.1,79.8,1711.0,0.008,0.512,0.001,0.001,
1760399811.482059,2025-10-13T18:56:51,26.2,79.7,1711.0,0.0,0.971,0.0,0.0,
1760399812.5196846,2025-10-13T18:56:52,27.0,79.7,1711.0,0.0,0.905,0.0,0.0,
1760399813.5490491,2025-10-13T18:56:53,27.8,79.7,1711.0,0.045,1.266,0.0,0.0,
1760399814.5869138,2025-10-13T18:56:54,24.8,79.7,1711.0,0.0,0.115,0.0,0.001,
1760399815.616229,2025-10-13T18:56:55,28.6,79.7,1711.0,0.0,0.422,0.001,0.002,
1760399816.6504197,2025-10-13T18:56:56,30.0,79.4,1711.0,0.07,0.274,0.009,0.005,
1760399817.6826231,2025-10-13T18:56:57,22.8,79.4,1711.0,0.0,0.475,0.001,0.003,
1760399818.7119277,2025-10-13T18:56:58,37.4,79.4,1711.0,0.0,0.193,0.007,0.007,
1760399819.742235,2025-10-13T18:56:59,22.0,79.4,1711.0,0.0,0.209,0.0,0.005,
1760399820.7779715,2025-10-13T18:57:00,22.8,79.4,1711.0,0.0,0.164,0.006,0.006,
1760399821.8126874,2025-10-13T18:57:01,22.3,79.4,1711.0,0.0,0.373,0.0,0.001,
1760399822.8469133,2025-10-13T18:57:02,19.1,79.4,1711.0,0.0,0.16,0.0,0.0,
1760399823.8839045,2025-10-13T18:57:03,18.5,79.4,1711.0,1.241,0.041,0.0,0.0,
1760399824.920445,2025-10-13T18:57:04,24.1,79.4,1711.0,0.0,0.09,0.0,0.001,
1760399825.9539602,2025-10-13T18:57:05,27.0,79.4,1711.0,0.0,0.217,0.001,0.001,
1760399826.9913292,2025-10-13T18:57:06,19.5,79.4,1711.0,0.0,0.037,0.0,0.001,
1760399828.0278628,2025-10-13T18:57:08,31.4,79.4,1711.0,0.0,0.34,0.0,0.0,
1760399829.067404,2025-10-13T18:57:09,29.2,79.4,1711.0,0.465,0.102,0.019,0.014,
1760399830.0996618,2025-10-13T18:57:10,27.3,79.5,1711.0,0.716,0.078,0.001,0.0,
1760399831.1374574,2025-10-13T18:57:11,19.0,79.4,1711.0,0.0,0.156,0.001,0.002,
1760399832.1720655,2025-10-13T18:57:12,18.7,79.4,1711.0,0.0,0.0,0.01,0.007,
1760399833.2084863,2025-10-13T18:57:13,23.5,79.4,1711.0,0.008,0.471,0.001,0.003,
1760399834.2441838,2025-10-13T18:57:14,31.8,79.4,1711.0,0.0,0.307,0.0,0.0,
1760399835.2807393,2025-10-13T18:57:15,23.5,79.4,1711.0,0.0,0.377,0.001,0.001,
1760399836.3165345,2025-10-13T18:57:16,19.0,79.4,1711.0,0.0,0.074,0.0,0.0,
1760399837.3572662,2025-10-13T18:57:17,18.4,79.4,1711.0,0.0,0.352,0.001,0.001,
1760399838.3894193,2025-10-13T18:57:18,21.1,79.4,1711.0,0.0,0.258,0.0,0.0,
1760399839.4211879,2025-10-13T18:57:19,17.1,79.4,1711.0,0.0,0.131,0.0,0.0,
1760399840.4563868,2025-10-13T18:57:20,18.0,79.3,1711.0,0.0,0.0,0.001,0.001,
1760399841.495715,2025-10-13T18:57:21,18.8,79.3,1711.0,0.0,0.037,0.0,0.0,
1760399842.5285573,2025-10-13T18:57:22,16.9,79.3,1711.0,0.0,0.164,0.008,0.007,
1760399843.5569518,2025-10-13T18:57:23,18.5,79.2,1711.0,0.066,0.676,0.0,0.0,
1760399844.5958006,2025-10-13T18:57:24,18.6,79.2,1711.0,0.0,0.0,0.0,0.0,
1760399845.634398,2025-10-13T18:57:25,17.4,79.2,1711.0,0.0,0.033,0.001,0.001,
1760399846.6727328,2025-10-13T18:57:26,16.5,79.2,1711.0,0.0,0.152,0.0,0.0,
1760399847.7096965,2025-10-13T18:57:27,16.7,79.2,1711.0,0.0,0.258,0.001,0.001,
1760399848.7446117,2025-10-13T18:57:28,16.9,79.2,1711.0,0.0,0.262,0.0,0.0,
1760399849.781261,2025-10-13T18:57:29,21.8,79.3,1711.0,0.0,0.025,0.005,0.01,
1760399850.8181522,2025-10-13T18:57:30,18.4,79.3,1711.0,0.0,0.233,0.001,0.0,
1760399851.8529823,2025-10-13T18:57:31,24.7,79.7,1711.0,0.0,0.225,0.007,0.006,
1760399852.8930402,2025-10-13T18:57:32,20.7,79.6,1711.0,0.0,0.119,0.0,0.0,
1760399853.9273283,2025-10-13T18:57:33,17.6,79.6,1711.0,0.0,0.537,0.0,0.0,
1760399854.9618087,2025-10-13T18:57:34,18.1,79.6,1711.0,0.0,0.098,0.0,0.001,
1760399855.9975722,2025-10-13T18:57:35,16.9,79.7,1466.0,0.0,0.246,0.001,0.001,
1760399857.0319188,2025-10-13T18:57:37,16.9,79.6,1711.0,0.0,0.106,0.0,0.0,
1760399858.0739229,2025-10-13T18:57:38,17.2,79.6,1711.0,0.0,0.266,0.0,0.0,
1760399859.1108859,2025-10-13T18:57:39,17.8,79.6,1711.0,0.0,0.217,0.0,0.0,
1760399860.1462593,2025-10-13T18:57:40,24.7,79.6,1711.0,0.0,0.369,0.001,0.0,
1760399861.1800783,2025-10-13T18:57:41,18.0,79.6,1711.0,0.0,0.209,0.001,0.001,
1760399862.2146413,2025-10-13T18:57:42,21.1,79.6,1711.0,0.733,0.0,0.0,0.0,
1760399863.25572,2025-10-13T18:57:43,23.0,79.6,1711.0,0.0,0.188,0.004,0.001,
1760399864.2962291,2025-10-13T18:57:44,21.3,79.6,1711.0,0.074,0.102,0.001,0.106,
1760399865.3274827,2025-10-13T18:57:45,22.0,79.6,1711.0,0.0,1.47,0.0,0.0,
1760399866.3659253,2025-10-13T18:57:46,17.0,79.6,1711.0,0.0,0.131,0.001,0.001,
1760399867.4021387,2025-10-13T18:57:47,17.0,79.6,1711.0,0.0,0.111,0.001,0.001,
1760399868.43589,2025-10-13T18:57:48,21.2,79.6,1711.0,0.016,0.229,0.0,0.001,
1760399869.4718826,2025-10-13T18:57:49,18.4,79.6,1711.0,0.0,0.479,0.0,0.0,
1760399870.5061195,2025-10-13T18:57:50,17.4,79.5,1711.0,0.029,0.074,0.001,0.001,
1760399871.5362446,2025-10-13T18:57:51,17.5,79.5,1711.0,0.0,0.102,0.0,0.0,
1760399872.5712621,2025-10-13T18:57:52,18.9,79.5,1711.0,0.0,0.074,0.0,0.0,
1760399873.6089962,2025-10-13T18:57:53,16.7,79.6,1711.0,0.197,1.159,0.001,0.0,
1760399874.6444154,2025-10-13T18:57:54,15.9,79.6,1711.0,0.0,0.188,0.0,0.0,
1760399875.6842408,2025-10-13T18:57:55,16.2,79.6,1711.0,0.0,0.0,0.001,0.001,
1760399876.7261252,2025-10-13T18:57:56,18.1,79.5,1711.0,0.0,0.102,0.001,0.0,
1760399877.768714,2025-10-13T18:57:57,18.4,79.5,1711.0,0.0,0.045,0.001,0.001,
1760399878.8051653,2025-10-13T18:57:58,17.4,79.6,1711.0,0.0,0.25,0.0,0.0,
1760399879.8364139,2025-10-13T18:57:59,18.7,79.4,1711.0,0.0,0.061,0.0,0.005,
1760399880.8722658,2025-10-13T18:58:00,27.5,79.4,1711.0,12.243,2.146,0.005,0.007,
1760399881.9068813,2025-10-13T18:58:01,35.4,79.4,1711.0,3.609,5.321,0.002,0.006,
1760399882.938719,2025-10-13T18:58:02,35.5,79.4,1711.0,1.524,6.234,0.0,0.001,
1760399883.9798791,2025-10-13T18:58:03,25.9,79.4,1711.0,2.392,6.529,0.0,0.0,
1760399885.0124393,2025-10-13T18:58:05,20.1,79.4,1711.0,0.147,1.413,0.0,0.0,
1760399886.0452147,2025-10-13T18:58:06,19.1,79.5,1711.0,0.0,0.229,0.009,0.008,
1760399887.072969,2025-10-13T18:58:07,27.4,79.9,1711.0,0.0,0.303,0.001,0.001,
1760399888.1031697,2025-10-13T18:58:08,30.4,80.3,1711.0,2.605,0.172,0.027,0.024,
1760399889.1329625,2025-10-13T18:58:09,30.5,81.2,1711.0,0.0,0.369,0.0,0.0,
1760399890.1602135,2025-10-13T18:58:10,29.0,81.4,1711.0,0.0,0.254,0.005,0.008,
1760399891.1923122,2025-10-13T18:58:11,20.2,81.3,1711.0,0.0,0.336,0.001,0.002,
1760399892.224164,2025-10-13T18:58:12,18.3,81.1,1711.0,0.0,0.102,0.004,0.006,
1760399893.2561717,2025-10-13T18:58:13,19.3,80.9,1711.0,0.0,0.213,0.0,0.0,
1760399894.2863452,2025-10-13T18:58:14,21.4,80.8,1711.0,0.016,0.274,0.0,0.001,
1760399895.3144853,2025-10-13T18:58:15,23.8,80.8,1711.0,0.0,0.541,0.005,0.007,
1760399896.3462439,2025-10-13T18:58:16,16.8,80.8,1711.0,0.0,0.086,0.001,0.001,
1760399897.3812037,2025-10-13T18:58:17,17.3,80.8,1711.0,0.0,0.225,0.0,0.0,
1760399898.4144948,2025-10-13T18:58:18,17.5,80.8,1711.0,0.0,0.262,0.0,0.001,
1760399899.45016,2025-10-13T18:58:19,18.2,80.7,1711.0,0.0,0.193,0.0,0.0,
1760399900.4854934,2025-10-13T18:58:20,17.6,80.8,1711.0,0.0,0.152,0.009,0.008,
1760399901.5207648,2025-10-13T18:58:21,16.9,80.8,1711.0,0.0,0.209,0.001,0.002,
1760399902.5587573,2025-10-13T18:58:22,16.4,80.8,1711.0,0.0,0.168,0.0,0.001,
1760399903.597413,2025-10-13T18:58:23,37.6,80.8,1711.0,0.008,0.274,0.006,0.084,
1760399904.6371233,2025-10-13T18:58:24,32.7,80.8,1711.0,0.051,0.632,0.012,0.122,
1760399905.670607,2025-10-13T18:58:25,23.9,80.8,1711.0,0.016,0.07,0.005,0.058,
1760399906.6992948,2025-10-13T18:58:26,20.5,80.8,1711.0,0.016,0.778,0.003,0.009,
1760399907.7278214,2025-10-13T18:58:27,19.5,80.7,1711.0,0.0,0.819,0.006,0.006,
1760399908.765635,2025-10-13T18:58:28,17.4,80.7,1711.0,0.0,0.25,0.0,0.0,
1760399909.807849,2025-10-13T18:58:29,20.0,80.8,1711.0,0.119,0.307,0.011,0.007,
1760399910.843926,2025-10-13T18:58:30,16.8,80.8,1711.0,0.016,0.807,0.001,0.002,
1760399911.8813357,2025-10-13T18:58:31,17.5,80.8,1711.0,0.0,0.205,0.005,0.005,
1760399912.918357,2025-10-13T18:58:32,19.2,80.7,1711.0,0.0,0.225,0.0,0.001,
1760399913.9572291,2025-10-13T18:58:33,17.8,80.7,1711.0,0.0,0.0,0.0,0.0,
1760399914.9932978,2025-10-13T18:58:34,17.4,80.7,1711.0,0.0,0.258,0.0,0.0,
1760399916.0268643,2025-10-13T18:58:36,16.7,80.7,1711.0,0.0,0.487,0.001,0.0,
1760399917.0625658,2025-10-13T18:58:37,18.0,80.7,1711.0,0.0,0.168,0.0,0.0,
1760399918.0983953,2025-10-13T18:58:38,18.4,80.5,1711.0,0.0,0.115,0.009,0.008,
1760399919.1273758,2025-10-13T18:58:39,17.6,80.4,1711.0,0.0,0.188,0.0,0.0,
1760399920.1630826,2025-10-13T18:58:40,15.5,80.5,1711.0,0.029,0.205,0.0,0.001,
1760399921.2004213,2025-10-13T18:58:41,16.8,80.5,1711.0,0.0,0.34,0.001,0.001,
1760399922.235531,2025-10-13T18:58:42,16.2,80.4,1466.0,0.0,0.0,0.0,0.0,
1760399923.268067,2025-10-13T18:58:43,17.1,80.4,1711.0,0.02,0.197,0.004,0.005,
1760399924.3052554,2025-10-13T18:58:44,24.3,80.5,1711.0,0.087,0.36,0.008,0.022,
1760399925.3363652,2025-10-13T18:58:45,29.8,80.5,1711.0,0.0,0.52,0.001,0.085,
1760399926.3653111,2025-10-13T18:58:46,27.0,80.5,1711.0,0.227,0.229,0.003,0.116,
1760399927.3962867,2025-10-13T18:58:47,30.5,80.7,1711.0,0.037,0.61,0.003,0.184,
1760399928.4342139,2025-10-13T18:58:48,29.0,80.8,1711.0,0.191,0.651,0.004,0.048,
1760399929.4666111,2025-10-13T18:58:49,31.5,80.7,1711.0,0.035,0.506,0.002,0.134,
1760399930.498433,2025-10-13T18:58:50,27.9,80.7,1711.0,0.162,0.729,0.003,0.102,
1760399931.5307422,2025-10-13T18:58:51,27.4,80.9,1711.0,0.0,0.037,0.001,0.033,
1760399932.560603,2025-10-13T18:58:52,29.0,81.0,1711.0,0.035,0.522,0.006,0.23,
1760399933.594099,2025-10-13T18:58:53,29.8,80.7,1711.0,0.044,0.632,0.017,0.133,
1760399934.6240916,2025-10-13T18:58:54,29.5,80.7,1711.0,0.005,0.554,0.001,0.006,
1760399935.6550255,2025-10-13T18:58:55,30.2,80.9,1711.0,0.0,0.004,0.001,0.001,
1760399936.685994,2025-10-13T18:58:56,28.0,80.9,1711.0,0.0,0.176,0.001,0.001,
1760399937.7196653,2025-10-13T18:58:57,23.8,80.7,1711.0,0.5,0.467,0.003,0.001,
1760399938.748813,2025-10-13T18:58:58,23.3,80.6,1711.0,0.025,0.422,0.006,0.008,
1760399939.7818985,2025-10-13T18:58:59,24.6,80.6,1711.0,0.102,0.115,0.005,0.005,
1760399940.8192968,2025-10-13T18:59:00,19.8,80.6,1711.0,0.0,0.365,0.0,0.0,
1760399941.8530896,2025-10-13T18:59:01,24.7,80.7,1711.0,2.843,0.27,0.017,0.023,
1760399942.882112,2025-10-13T18:59:02,26.6,80.7,1711.0,5.358,0.434,0.007,0.006,
1760399943.9117062,2025-10-13T18:59:03,20.9,80.7,1711.0,0.012,0.033,0.011,0.011,
1760399944.9489665,2025-10-13T18:59:04,23.4,80.5,1711.0,0.0,0.283,0.0,0.0,
1760399945.9831843,2025-10-13T18:59:05,23.5,80.3,1711.0,0.188,0.25,0.0,0.0,
1760399947.014328,2025-10-13T18:59:07,21.6,80.2,1711.0,0.0,0.672,0.001,0.001,
1760399948.0483265,2025-10-13T18:59:08,20.7,80.2,1711.0,0.004,0.434,0.033,0.021,
1760399949.0796857,2025-10-13T18:59:09,17.6,80.2,1711.0,0.033,0.483,0.0,0.001,
1760399950.1146715,2025-10-13T18:59:10,18.1,80.2,1711.0,0.0,0.242,0.008,0.007,
1760399951.1467938,2025-10-13T18:59:11,16.8,80.2,1711.0,0.0,0.512,0.001,0.001,
1760399952.1819055,2025-10-13T18:59:12,17.6,80.2,1711.0,0.0,0.0,0.0,0.0,
1760399953.2189558,2025-10-13T18:59:13,17.6,80.2,1711.0,0.008,0.242,0.007,0.005,
1760399954.2494018,2025-10-13T18:59:14,19.3,80.2,1711.0,0.0,0.156,0.0,0.002,
1760399955.2837446,2025-10-13T18:59:15,19.9,80.2,1711.0,0.0,0.414,0.0,0.0,
1760399956.3156435,2025-10-13T18:59:16,20.7,80.2,1711.0,0.0,0.193,0.001,0.001,
1760399957.3509881,2025-10-13T18:59:17,17.9,80.2,1711.0,0.0,0.18,0.001,0.0,
1760399958.3903375,2025-10-13T18:59:18,16.9,80.2,1711.0,0.0,0.262,0.0,0.0,
1760399959.4257956,2025-10-13T18:59:19,18.6,80.2,1711.0,0.0,0.16,0.0,0.0,
1760399960.4592786,2025-10-13T18:59:20,17.0,80.2,1711.0,0.0,0.193,0.0,0.0,
1760399961.4944196,2025-10-13T18:59:21,19.6,80.2,1711.0,0.0,0.225,0.001,0.001,
1760399962.521311,2025-10-13T18:59:22,16.1,80.2,1711.0,0.0,0.18,0.0,0.0,
1760399963.5551603,2025-10-13T18:59:23,16.9,80.2,1711.0,0.0,0.205,0.0,0.0,
1760399964.585425,2025-10-13T18:59:24,18.0,80.2,1711.0,0.0,0.315,0.004,0.007,
1760399965.6216683,2025-10-13T18:59:25,17.8,80.2,1711.0,0.0,0.004,0.0,0.0,
1760399966.6544535,2025-10-13T18:59:26,17.9,80.2,1711.0,0.0,0.131,0.001,0.0,
1760399967.6899474,2025-10-13T18:59:27,17.5,80.2,1711.0,0.0,0.41,0.0,0.0,
1760399968.727494,2025-10-13T18:59:28,18.3,80.2,1711.0,0.0,0.434,0.002,0.001,
1760399969.7610276,2025-10-13T18:59:29,17.2,80.2,1711.0,0.0,0.0,0.0,0.0,
1760399970.796917,2025-10-13T18:59:30,16.0,80.2,1711.0,0.0,0.393,0.0,0.002,
1760399971.8375719,2025-10-13T18:59:31,16.7,80.2,1711.0,0.0,0.168,0.001,0.003,
1760399972.8725858,2025-10-13T18:59:32,17.8,80.2,1711.0,0.0,0.197,0.0,0.001,
1760399973.912922,2025-10-13T18:59:33,17.9,80.2,1711.0,0.0,0.725,0.007,0.007,
1760399974.9484692,2025-10-13T18:59:34,16.8,80.2,1711.0,0.0,0.291,0.0,0.0,
1760399975.9863813,2025-10-13T18:59:35,16.4,80.2,1711.0,0.016,0.623,0.0,0.0,
1760399977.025013,2025-10-13T18:59:37,19.6,80.2,1711.0,0.0,0.25,0.001,0.001,
1760399978.065786,2025-10-13T18:59:38,18.4,80.1,1711.0,0.0,0.213,0.0,0.0,
1760399979.1022477,2025-10-13T18:59:39,16.6,80.1,1711.0,0.016,0.225,0.0,0.0,
1760399980.139911,2025-10-13T18:59:40,16.8,80.1,1711.0,0.0,0.254,0.0,0.0,
1760399981.1788783,2025-10-13T18:59:41,16.7,80.1,1466.0,0.0,0.418,0.0,0.0,
1760399982.2095888,2025-10-13T18:59:42,17.4,80.1,1711.0,0.0,0.033,0.001,0.001,
1760399983.2418318,2025-10-13T18:59:43,18.0,80.1,1711.0,0.008,0.201,0.0,0.0,
1760399984.276455,2025-10-13T18:59:44,20.4,80.1,1711.0,0.0,0.328,0.008,0.007,
1760399985.3063529,2025-10-13T18:59:45,21.2,80.1,1711.0,0.446,0.209,0.0,0.0,
1760399986.3402987,2025-10-13T18:59:46,18.8,80.1,1711.0,0.0,0.127,0.001,0.001,
1760399987.3739269,2025-10-13T18:59:47,19.6,80.1,1711.0,0.0,0.492,0.0,0.0,
1760399988.4072928,2025-10-13T18:59:48,16.4,80.1,1711.0,0.0,0.315,0.014,0.012,
1760399989.4440203,2025-10-13T18:59:49,16.4,80.1,1711.0,0.0,0.184,0.001,0.001,
1760399990.481433,2025-10-13T18:59:50,16.2,80.1,1711.0,0.0,0.418,0.0,0.0,
1760399991.5173297,2025-10-13T18:59:51,17.6,80.1,1711.0,0.0,0.02,0.001,0.001,
1760399992.549802,2025-10-13T18:59:52,16.9,80.1,1711.0,0.0,0.217,0.0,0.0,
1760399993.5838716,2025-10-13T18:59:53,18.0,80.1,1711.0,0.016,0.172,0.013,0.013,
1760399994.6179328,2025-10-13T18:59:54,16.8,80.1,1711.0,0.0,0.287,0.0,0.0,
1760399995.6560104,2025-10-13T18:59:55,17.1,80.1,1711.0,0.0,0.029,0.0,0.001,
1760399996.692685,2025-10-13T18:59:56,17.3,80.1,1711.0,0.049,0.279,0.001,0.001,
1760399997.727378,2025-10-13T18:59:57,18.1,80.1,1711.0,0.033,0.246,0.0,0.0,
1760399998.765222,2025-10-13T18:59:58,16.9,80.1,1711.0,0.033,0.315,0.0,0.0,
1760399999.797572,2025-10-13T18:59:59,17.3,80.1,1711.0,0.0,0.033,0.0,0.0,
1760400000.836135,2025-10-13T19:00:00,18.7,80.1,1711.0,0.0,0.352,0.0,0.003,
1760400001.8711653,2025-10-13T19:00:01,15.9,80.1,1711.0,0.0,0.193,0.001,0.003,
1760400002.904857,2025-10-13T19:00:02,17.7,80.1,1711.0,0.0,0.197,0.0,0.001,
1760400003.9370265,2025-10-13T19:00:03,17.3,80.1,1711.0,0.0,0.061,0.0,0.0,
1760400004.9738894,2025-10-13T19:00:04,24.6,80.1,1711.0,0.594,3.797,0.005,0.005,
1760400006.0093143,2025-10-13T19:00:06,23.4,80.1,1711.0,0.098,4.051,0.0,0.0,
1760400007.0468066,2025-10-13T19:00:07,18.1,80.1,1711.0,0.0,0.246,0.001,0.001,
1760400008.0838661,2025-10-13T19:00:08,24.0,80.1,1711.0,0.0,0.111,0.039,0.035,
1760400009.1172755,2025-10-13T19:00:09,17.5,80.1,1711.0,0.344,0.41,0.0,0.0,
1760400010.1523805,2025-10-13T19:00:10,17.0,80.1,1711.0,0.0,0.319,0.0,0.001,
1760400011.1838727,2025-10-13T19:00:11,16.9,80.1,1711.0,0.0,0.389,0.001,0.001,
1760400012.2151878,2025-10-13T19:00:12,17.5,80.1,1711.0,0.0,0.037,0.001,0.001,
1760400013.251152,2025-10-13T19:00:13,17.4,80.1,1711.0,0.01,0.352,0.0,0.0,
1760400014.285589,2025-10-13T19:00:14,20.0,80.1,1711.0,0.131,0.438,0.0,0.0,
1760400015.3202498,2025-10-13T19:00:15,19.0,80.1,1711.0,0.082,1.552,0.0,0.001,
1760400016.433013,2025-10-13T19:00:16,18.8,80.1,1711.0,0.082,1.139,0.006,0.005,
1760400017.46962,2025-10-13T19:00:17,26.1,80.2,1711.0,0.0,0.0,0.001,0.001,
1760400018.5031295,2025-10-13T19:00:18,20.8,80.3,1711.0,0.0,0.401,0.0,0.0,
1760400019.534983,2025-10-13T19:00:19,16.8,80.3,1711.0,0.0,0.266,0.005,0.002,
1760400020.5637195,2025-10-13T19:00:20,16.8,80.3,1711.0,0.0,0.389,0.0,0.0,
1760400021.6023767,2025-10-13T19:00:21,28.7,80.2,1711.0,0.0,0.041,0.0,0.0,
1760400022.6382837,2025-10-13T19:00:22,23.8,80.2,1711.0,0.0,0.705,0.001,0.001,
1760400023.6839476,2025-10-13T19:00:23,17.9,80.3,1711.0,0.033,2.712,0.001,0.001,
1760400024.7206697,2025-10-13T19:00:24,16.1,80.3,1711.0,0.0,6.935,0.004,0.001,
1760400025.7600644,2025-10-13T19:00:25,14.0,80.3,1711.0,0.0,0.004,0.0,0.0,
1760400026.8033137,2025-10-13T19:00:26,17.4,80.3,1711.0,0.0,0.143,0.001,0.0,
1760400027.8428502,2025-10-13T19:00:27,18.3,80.3,1711.0,0.0,0.16,0.0,0.0,
1760400028.8761606,2025-10-13T19:00:28,18.5,80.3,1711.0,0.0,0.115,0.0,0.0,
1760400029.914437,2025-10-13T19:00:29,17.0,80.3,1711.0,0.0,0.0,0.001,0.0,
1760400030.9558346,2025-10-13T19:00:30,18.0,80.3,1711.0,0.0,0.233,0.001,0.004,
1760400031.9930077,2025-10-13T19:00:31,17.8,80.2,1711.0,0.0,0.156,0.009,0.005,
1760400033.0299046,2025-10-13T19:00:33,18.4,80.3,1711.0,0.008,0.205,0.001,0.003,
1760400034.0743678,2025-10-13T19:00:34,16.7,80.2,1711.0,0.0,0.0,0.0,0.0,
1760400035.107594,2025-10-13T19:00:35,17.2,80.2,1711.0,0.0,0.238,0.0,0.0,
1760400036.1442275,2025-10-13T19:00:36,18.2,80.3,1711.0,0.0,0.258,0.007,0.006,
1760400037.1858895,2025-10-13T19:00:37,17.7,80.3,1711.0,0.0,0.131,0.001,0.001,
1760400038.2249238,2025-10-13T19:00:38,17.3,80.3,1711.0,0.0,0.279,0.001,0.001,
1760400039.2640831,2025-10-13T19:00:39,18.8,80.2,1711.0,0.0,0.193,0.0,0.0,
1760400040.304825,2025-10-13T19:00:40,16.8,80.2,1711.0,0.016,0.229,0.0,0.0,
1760400041.3423846,2025-10-13T19:00:41,17.6,80.3,1711.0,0.0,0.279,0.0,0.0,
1760400042.3823917,2025-10-13T19:00:42,18.2,80.3,1711.0,0.016,0.487,0.005,0.008,
1760400043.424549,2025-10-13T19:00:43,17.7,80.3,1711.0,0.004,0.152,0.009,0.008,
1760400044.461329,2025-10-13T19:00:44,18.5,80.3,1711.0,0.393,0.27,0.0,0.0,
1760400045.4947572,2025-10-13T19:00:45,18.9,80.3,1711.0,0.209,0.336,0.0,0.0,
1760400046.5261073,2025-10-13T19:00:46,19.5,80.3,1711.0,0.0,0.795,0.0,0.001,
1760400047.559264,2025-10-13T19:00:47,30.6,80.3,1711.0,0.025,0.033,0.001,0.019,
1760400048.6014638,2025-10-13T19:00:48,18.4,80.3,1711.0,0.0,0.561,0.004,0.002,
1760400049.635641,2025-10-13T19:00:49,18.8,80.3,1711.0,0.016,0.258,0.0,0.001,
1760400050.6731696,2025-10-13T19:00:50,17.7,80.3,1711.0,0.0,0.41,0.0,0.0,
1760400051.7147572,2025-10-13T19:00:51,18.3,80.3,1711.0,0.0,0.0,0.0,0.002,
1760400052.7600982,2025-10-13T19:00:52,15.9,80.3,1711.0,0.016,0.143,0.001,0.002,
1760400053.795314,2025-10-13T19:00:53,16.6,80.3,1711.0,0.0,0.213,0.0,0.001,
1760400054.830297,2025-10-13T19:00:54,17.7,80.3,1711.0,0.0,0.786,0.0,0.001,
1760400055.8696864,2025-10-13T19:00:55,17.6,80.3,1711.0,0.0,0.004,0.0,0.001,
1760400056.907256,2025-10-13T19:00:56,16.5,80.3,1711.0,0.0,0.168,0.009,0.009,
1760400057.945495,2025-10-13T19:00:57,16.8,80.3,1711.0,0.0,0.193,0.001,0.001,
1760400058.9831834,2025-10-13T19:00:58,17.3,80.3,1711.0,0.0,0.221,0.0,0.001,
1760400060.02784,2025-10-13T19:01:00,19.5,80.3,1711.0,0.029,0.221,0.0,0.0,
1760400061.0686133,2025-10-13T19:01:01,18.2,80.2,1711.0,0.0,0.172,0.0,0.003,
1760400062.1057918,2025-10-13T19:01:02,16.8,80.3,1711.0,0.016,0.205,0.001,0.002,
1760400063.1450448,2025-10-13T19:01:03,17.9,80.2,1711.0,0.016,0.238,0.0,0.001,
1760400064.1792915,2025-10-13T19:01:04,18.9,80.2,1711.0,0.0,0.43,0.0,0.017,
1760400065.2211487,2025-10-13T19:01:05,19.2,80.5,1711.0,0.0,0.0,0.0,0.001,
1760400066.2618947,2025-10-13T19:01:06,45.7,81.1,1711.0,0.066,0.266,0.0,0.001,
1760400067.2886677,2025-10-13T19:01:07,20.6,81.0,1711.0,0.0,0.242,0.006,0.006,
1760400068.3183372,2025-10-13T19:01:08,30.8,81.4,1711.0,0.0,0.287,0.012,0.007,
1760400069.3473063,2025-10-13T19:01:09,16.2,81.2,1711.0,0.0,0.115,0.0,0.0,
1760400070.3765917,2025-10-13T19:01:10,20.5,80.9,1711.0,0.233,0.229,0.0,0.001,
1760400071.4090369,2025-10-13T19:01:11,18.2,80.8,1711.0,0.0,0.303,0.006,0.073,
1760400072.4445028,2025-10-13T19:01:12,19.1,80.7,1711.0,0.0,0.143,0.001,0.001,
1760400073.474573,2025-10-13T19:01:13,20.6,80.5,1711.0,0.008,2.327,0.005,0.004,
1760400074.5025096,2025-10-13T19:01:14,23.3,80.3,1711.0,0.082,0.119,0.005,0.01,
1760400075.5335534,2025-10-13T19:01:15,22.0,80.2,1711.0,0.057,0.27,0.0,0.0,
1760400076.5659523,2025-10-13T19:01:16,18.7,80.2,1711.0,0.0,1.27,0.0,0.0,
1760400077.5957544,2025-10-13T19:01:17,19.8,80.1,1711.0,0.0,0.0,0.008,0.008,
1760400078.6248782,2025-10-13T19:01:18,18.6,80.0,1711.0,0.016,0.414,0.0,0.0,
1760400079.6576362,2025-10-13T19:01:19,19.7,79.8,1711.0,0.016,0.34,0.0,0.0,
1760400080.6928964,2025-10-13T19:01:20,22.5,79.8,1711.0,0.0,0.266,0.0,0.0,
1760400081.7255957,2025-10-13T19:01:21,18.4,79.7,1711.0,0.0,0.238,0.0,0.0,
1760400082.7579188,2025-10-13T19:01:22,17.0,79.6,1711.0,0.0,0.176,0.001,0.001,
1760400083.7911904,2025-10-13T19:01:23,15.9,79.6,1711.0,0.0,0.156,0.0,0.0,
1760400084.828956,2025-10-13T19:01:24,22.5,79.5,1711.0,0.0,0.274,0.0,0.001,
1760400085.8574188,2025-10-13T19:01:25,22.2,79.6,1466.0,0.0,0.0,0.0,0.0,
1760400086.8940504,2025-10-13T19:01:26,23.0,79.6,1711.0,0.0,0.221,0.0,0.001,
1760400087.9304504,2025-10-13T19:01:27,22.6,79.6,1466.0,0.0,0.164,0.001,0.0,
1760400088.9648724,2025-10-13T19:01:28,18.6,79.6,1711.0,0.0,0.184,0.0,0.0,
1760400089.9999611,2025-10-13T19:01:29,16.8,79.6,1711.0,0.0,0.295,0.002,0.002,
1760400091.0428772,2025-10-13T19:01:31,18.6,79.6,1711.0,0.0,0.0,0.001,0.005,
1760400092.082071,2025-10-13T19:01:32,16.5,79.6,1711.0,0.0,0.348,0.001,0.001,
1760400093.1228251,2025-10-13T19:01:33,15.4,79.6,1711.0,0.0,0.68,0.001,0.001,
1760400094.161558,2025-10-13T19:01:34,17.4,79.6,1711.0,0.0,0.332,0.0,0.001,
1760400095.1967328,2025-10-13T19:01:35,18.3,79.6,1711.0,0.0,0.135,0.008,0.008,
1760400096.2316377,2025-10-13T19:01:36,15.5,79.6,1711.0,0.0,0.176,0.0,0.0,
1760400097.2692592,2025-10-13T19:01:37,17.3,79.6,1711.0,0.0,0.229,0.0,0.001,
1760400098.3074791,2025-10-13T19:01:38,17.5,79.6,1711.0,0.0,0.201,0.006,0.006,
1760400099.343016,2025-10-13T19:01:39,17.9,79.6,1711.0,0.0,0.094,0.0,0.0,
1760400100.3848655,2025-10-13T19:01:40,15.6,79.6,1711.0,0.0,0.332,0.0,0.0,
1760400101.4170783,2025-10-13T19:01:41,18.1,79.6,1711.0,0.0,0.43,0.0,0.0,
1760400102.4481106,2025-10-13T19:01:42,19.2,79.5,1711.0,0.0,0.09,0.0,0.0,
1760400103.478866,2025-10-13T19:01:43,19.7,79.4,1711.0,0.008,0.02,0.001,0.001,
1760400104.5120924,2025-10-13T19:01:44,20.9,79.3,1711.0,0.066,0.541,0.007,0.006,
1760400105.5444074,2025-10-13T19:01:45,18.8,79.4,1711.0,0.053,0.393,0.0,0.0,
1760400106.5808377,2025-10-13T19:01:46,15.4,79.4,1711.0,0.0,1.118,0.0,0.0,
1760400107.6100972,2025-10-13T19:01:47,20.4,79.4,1711.0,0.098,0.307,0.0,0.0,
1760400108.6504939,2025-10-13T19:01:48,17.1,79.4,1711.0,0.0,0.143,0.001,0.001,
1760400109.6861763,2025-10-13T19:01:49,16.1,79.4,1711.0,0.0,0.188,0.0,0.0,
1760400110.7176964,2025-10-13T19:01:50,15.7,79.4,1711.0,0.016,0.315,0.0,0.0,
1760400111.7566478,2025-10-13T19:01:51,18.8,79.4,1711.0,0.0,0.221,0.001,0.001,
1760400112.79137,2025-10-13T19:01:52,17.2,79.4,1711.0,0.0,0.115,0.001,0.001,
1760400113.829901,2025-10-13T19:01:53,16.9,79.4,1711.0,0.016,0.209,0.001,0.001,
1760400114.8631828,2025-10-13T19:01:54,15.9,79.4,1466.0,0.0,0.209,0.001,0.001,
1760400115.8995073,2025-10-13T19:01:55,17.2,79.4,1711.0,0.0,0.258,0.0,0.0,
1760400116.9356399,2025-10-13T19:01:56,20.1,79.4,1711.0,0.086,0.004,0.001,0.0,
1760400117.9645073,2025-10-13T19:01:57,32.0,79.2,1711.0,26.772,0.258,0.0,0.0,
1760400118.9910884,2025-10-13T19:01:58,36.6,79.4,1711.0,20.76,0.549,0.001,0.001,
1760400120.021892,2025-10-13T19:02:00,23.0,79.3,1711.0,0.25,0.381,0.002,0.005,
1760400121.0588212,2025-10-13T19:02:01,23.0,79.0,1711.0,0.714,0.152,0.0,0.004,
1760400122.0912504,2025-10-13T19:02:02,33.6,79.1,1711.0,3.097,1.47,0.0,0.001,
1760400123.1255774,2025-10-13T19:02:03,49.8,79.8,1711.0,60.185,0.618,0.006,0.008,
1760400124.1598794,2025-10-13T19:02:04,51.5,81.4,1711.0,51.021,2.855,0.004,0.003,
1760400125.1872494,2025-10-13T19:02:05,28.1,81.3,1711.0,8.72,0.184,0.023,0.044,
1760400126.2260084,2025-10-13T19:02:06,23.2,81.2,1711.0,2.277,1.262,0.004,0.002,
1760400127.255219,2025-10-13T19:02:07,17.7,81.1,1711.0,0.103,1.405,0.0,0.107,
1760400128.2851422,2025-10-13T19:02:08,15.8,81.0,1711.0,0.033,1.507,0.0,0.0,
1760401652.1698556,2025-10-13T19:27:32,0.1,80.8,1711.0,38.982,12.339,0.002,0.002,
1760401653.4104896,2025-10-13T19:27:33,66.7,81.2,1711.0,52.988,16.867,0.001,0.002,
1760401654.4541068,2025-10-13T19:27:34,55.8,81.9,1711.0,16.753,5.935,0.001,0.001,
1760401655.5233254,2025-10-13T19:27:35,77.0,82.9,1711.0,348.631,3.547,0.0,0.0,
1760401656.571432,2025-10-13T19:27:36,59.2,83.0,1711.0,25.929,1.565,0.001,0.003,
1760401657.6236787,2025-10-13T19:27:37,55.1,83.6,1711.0,11.514,1.72,0.0,0.002,
1760401658.6585093,2025-10-13T19:27:38,44.3,83.5,1711.0,0.787,5.341,0.0,0.0,
1760401659.687995,2025-10-13T19:27:39,30.8,83.0,1466.0,2.348,0.348,0.0,0.0,
1760401660.7213323,2025-10-13T19:27:40,17.0,82.9,1711.0,4.576,0.532,0.0,0.0,
1760401661.7561924,2025-10-13T19:27:41,16.1,82.8,1711.0,0.862,0.18,0.0,0.0,
1760408000.9989219,2025-10-13T21:13:20,0.0,83.1,1711.0,33.224,25.395,0.0,0.0,
1760408002.245497,2025-10-13T21:13:22,56.5,84.3,1711.0,19.131,26.112,0.0,0.0,
1760408003.27488,2025-10-13T21:13:23,79.6,84.4,1711.0,39.668,7.5,0.0,0.0,
1760408004.6012042,2025-10-13T21:13:24,69.5,84.8,1711.0,15.483,17.207,0.0,0.0,
1760408005.626485,2025-10-13T21:13:25,67.5,85.5,1711.0,12.513,21.602,0.0,0.0,System Idle Process cpu=1574.0% mem=0.0% (pid=0); OneDrive.exe cpu=13.3% mem=3.1% (pid=20416); Taskmgr.exe cpu=2.9% mem=0.6% (pid=28296)
1760408010.000317,2025-10-13T21:13:30,46.4,84.7,1711.0,18.757,49.258,0.001,0.002,
1760408011.01548,2025-10-13T21:13:31,16.0,84.7,1711.0,0.0,3.326,0.0,0.0,
1760408012.0373688,2025-10-13T21:13:32,29.4,84.7,1711.0,1.251,3.191,0.001,0.0,
1760408013.046487,2025-10-13T21:13:33,22.8,84.4,1711.0,1.626,17.355,0.001,0.0,
1760408014.0561078,2025-10-13T21:13:34,23.4,84.1,1711.0,2.744,16.404,0.0,0.001,
1760408015.068766,2025-10-13T21:13:35,53.2,84.6,1711.0,1.343,4.166,0.009,0.012,
1760408016.0843773,2025-10-13T21:13:36,63.6,85.0,1711.0,9.283,23.491,0.036,0.085,System Idle Process cpu=984.5% mem=0.0% (pid=0); OneDrive.exe cpu=174.6% mem=3.1% (pid=20416); svchost.exe cpu=45.2% mem=0.2% (pid=5968)
1760408019.16452,2025-10-13T21:13:39,37.9,84.7,1711.0,8.66,18.19,0.005,0.083,
1760408020.1747339,2025-10-13T21:13:40,9.5,84.6,1711.0,0.066,0.864,0.0,0.0,
1760408021.1793735,2025-10-13T21:13:41,8.5,84.6,1711.0,0.84,2.253,0.0,0.0,
1760408022.183991,2025-10-13T21:13:42,9.9,84.5,1711.0,0.0,0.528,0.0,0.0,
1760408023.1991873,2025-10-13T21:13:43,8.9,84.5,1711.0,0.0,2.421,0.0,0.0,
1760408024.2093925,2025-10-13T21:13:44,7.6,84.5,1711.0,0.016,1.45,0.0,0.0,
1760408025.223271,2025-10-13T21:13:45,12.9,84.5,1711.0,0.393,0.442,0.0,0.0,
1760408026.2555218,2025-10-13T21:13:46,9.7,84.5,1711.0,0.09,0.029,0.0,0.0,
1760408027.2653065,2025-10-13T21:13:47,13.8,84.5,1711.0,0.0,0.471,0.0,0.0,
1760408028.2834985,2025-10-13T21:13:48,23.0,84.6,1711.0,0.221,0.655,0.0,0.0,
1760415744.316469,2025-10-13T23:22:24,93.0,84.0,1711.0,0.0,0.0,0.0,0.0,System Idle Process cpu=2.2% mem=0.0% (pid=0); OneDrive.exe cpu=0.3% mem=3.1% (pid=20416); System cpu=0.1% mem=0.0% (pid=4)
1760415752.512751,2025-10-13T23:22:32,78.3,85.1,1711.0,227.285,54.027,0.093,0.187,System Idle Process cpu=362.3% mem=0.0% (pid=0); System cpu=159.3% mem=0.0% (pid=4); OneDrive.exe cpu=139.9% mem=3.1% (pid=20416)
1760415758.778694,2025-10-13T23:22:38,68.8,87.1,1711.0,168.187,51.096,0.51,1.18,System Idle Process cpu=518.7% mem=0.0% (pid=0); OneDrive.exe cpu=164.8% mem=3.1% (pid=20416); System cpu=66.3% mem=0.0% (pid=4)
1760415763.5551832,2025-10-13T23:22:43,60.4,88.3,1711.0,60.717,64.137,3.811,3.182,System Idle Process cpu=649.6% mem=0.0% (pid=0); OneDrive.exe cpu=201.5% mem=3.1% (pid=20416); msedgewebview2.exe cpu=102.4% mem=0.6% (pid=25048)
1760415767.4226182,2025-10-13T23:22:47,57.8,89.4,1711.0,24.282,101.95,0.282,1.399,System Idle Process cpu=691.0% mem=0.0% (pid=0); OneDrive.exe cpu=163.3% mem=3.1% (pid=20416); python.exe cpu=71.1% mem=0.2% (pid=29004)
1760415771.369571,2025-10-13T23:22:51,66.3,88.2,1711.0,30.838,19.38,0.119,0.234,System Idle Process cpu=556.7% mem=0.0% (pid=0); OneDrive.exe cpu=159.7% mem=3.1% (pid=20416); Spotify.exe cpu=99.7% mem=2.0% (pid=28280)
1760415774.8899875,2025-10-13T23:22:54,50.3,88.2,1711.0,3.958,7.284,0.038,0.148,System Idle Process cpu=820.1% mem=0.0% (pid=0); OneDrive.exe cpu=169.6% mem=3.1% (pid=20416); svchost.exe cpu=91.0% mem=0.2% (pid=5968)
1760415778.287726,2025-10-13T23:22:58,36.2,87.3,1711.0,2.085,2.22,0.011,0.005,System Idle Process cpu=1044.7% mem=0.0% (pid=0); OneDrive.exe cpu=162.7% mem=3.1% (pid=20416); svchost.exe cpu=79.1% mem=0.2% (pid=5968)
1760415781.7946882,2025-10-13T23:23:01,39.2,86.3,1711.0,3.656,2.22,0.018,0.02,System Idle Process cpu=990.8% mem=0.0% (pid=0); OneDrive.exe cpu=165.6% mem=3.1% (pid=20416); svchost.exe cpu=95.4% mem=0.2% (pid=5968)
1760415785.101372,2025-10-13T23:23:05,39.8,85.6,1711.0,1.081,2.699,0.013,0.005,System Idle Process cpu=986.3% mem=0.0% (pid=0); OneDrive.exe cpu=154.9% mem=3.2% (pid=20416); svchost.exe cpu=81.1% mem=0.2% (pid=5968)
1760415788.2065363,2025-10-13T23:23:08,28.6,85.8,1711.0,0.362,5.743,0.011,0.009,System Idle Process cpu=1162.1% mem=0.0% (pid=0); OneDrive.exe cpu=153.9% mem=3.2% (pid=20416); svchost.exe cpu=89.0% mem=0.2% (pid=5968)
1760415791.3453865,2025-10-13T23:23:11,30.9,85.5,1711.0,0.791,6.865,0.002,0.002,System Idle Process cpu=1116.4% mem=0.0% (pid=0); OneDrive.exe cpu=154.6% mem=3.2% (pid=20416); svchost.exe cpu=73.0% mem=0.2% (pid=5968)
1760415794.5832548,2025-10-13T23:23:14,29.8,85.5,1711.0,15.923,14.619,0.006,0.003,System Idle Process cpu=1140.1% mem=0.0% (pid=0); OneDrive.exe cpu=167.2% mem=3.2% (pid=20416); python.exe cpu=53.1% mem=0.2% (pid=29004)
1760415797.2114496,2025-10-13T23:23:17,16.9,85.5,1711.0,1.384,2.277,0.024,0.019,System Idle Process cpu=1332.5% mem=0.0% (pid=0); OneDrive.exe cpu=177.4% mem=3.2% (pid=20416); python.exe cpu=56.3% mem=0.2% (pid=29004)
1760415799.8499699,2025-10-13T23:23:19,25.5,85.3,1711.0,0.413,3.846,0.001,0.001,System Idle Process cpu=1207.3% mem=0.0% (pid=0); OneDrive.exe cpu=177.0% mem=3.2% (pid=20416); python.exe cpu=51.5% mem=0.2% (pid=29004)
1760415802.4883482,2025-10-13T23:23:22,17.2,85.1,1711.0,1.049,2.683,0.017,0.007,System Idle Process cpu=1326.9% mem=0.0% (pid=0); OneDrive.exe cpu=171.2% mem=3.3% (pid=20416); python.exe cpu=55.4% mem=0.2% (pid=29004)
1760415805.1630738,2025-10-13T23:23:25,19.1,85.1,1711.0,1.697,5.534,0.014,0.018,System Idle Process cpu=1297.9% mem=0.0% (pid=0); OneDrive.exe cpu=178.2% mem=3.3% (pid=20416); python.exe cpu=57.2% mem=0.2% (pid=29004)
1760415807.7936614,2025-10-13T23:23:27,17.9,85.0,1711.0,0.342,3.752,0.005,0.003,System Idle Process cpu=1315.8% mem=0.0% (pid=0); OneDrive.exe cpu=170.4% mem=3.3% (pid=20416); python.exe cpu=52.0% mem=0.2% (pid=29004)
1760415810.342791,2025-10-13T23:23:30,19.6,84.9,1711.0,0.897,3.729,0.017,0.016,
1760415811.349917,2025-10-13T23:23:31,15.5,84.9,1711.0,0.063,2.437,0.0,0.0,
1760415812.3644242,2025-10-13T23:23:32,11.7,84.8,1711.0,0.07,1.511,0.006,0.005,
1760415813.3770025,2025-10-13T23:23:33,17.1,84.9,1711.0,0.698,3.51,0.0,0.0,
1760415814.3935635,2025-10-13T23:23:34,13.6,84.9,1711.0,0.061,5.431,0.001,0.0,
1760415815.404475,2025-10-13T23:23:35,14.0,84.9,1711.0,0.375,16.971,0.003,0.006,
1760415816.4105234,2025-10-13T23:23:36,17.3,84.9,1711.0,0.311,1.343,0.0,0.004,
1760415817.4169185,2025-10-13T23:23:37,18.8,85.2,1711.0,0.0,0.0,0.0,0.0,System Idle Process cpu=1342.9% mem=0.0% (pid=0); OneDrive.exe cpu=174.7% mem=3.3% (pid=20416); Taskmgr.exe cpu=17.0% mem=0.7% (pid=28296)
1760415819.9154274,2025-10-13T23:23:39,22.4,85.1,1711.0,0.528,2.851,0.0,0.0,System Idle Process cpu=1250.9% mem=0.0% (pid=0); OneDrive.exe cpu=194.9% mem=3.3% (pid=20416); python.exe cpu=58.1% mem=0.2% (pid=29004)
1760415822.443406,2025-10-13T23:23:42,24.7,85.0,1711.0,9.999,3.379,0.007,0.041,System Idle Process cpu=1219.6% mem=0.0% (pid=0); OneDrive.exe cpu=195.3% mem=3.3% (pid=20416); python.exe cpu=59.2% mem=0.2% (pid=29004)
1760415825.0061052,2025-10-13T23:23:45,24.4,85.1,1711.0,0.897,3.015,0.015,0.026,System Idle Process cpu=1224.6% mem=0.0% (pid=0); OneDrive.exe cpu=198.9% mem=3.3% (pid=20416); python.exe cpu=55.5% mem=0.2% (pid=29004)
1760415827.3440201,2025-10-13T23:23:47,20.7,85.4,1711.0,3.838,2.2,0.014,0.013,System Idle Process cpu=1275.2% mem=0.0% (pid=0); OneDrive.exe cpu=192.3% mem=3.3% (pid=20416); python.exe cpu=57.8% mem=0.2% (pid=29004)
1760415829.9391224,2025-10-13T23:23:49,23.1,85.4,1711.0,10.085,2.589,0.006,0.007,System Idle Process cpu=1235.3% mem=0.0% (pid=0); OneDrive.exe cpu=195.2% mem=3.3% (pid=20416); python.exe cpu=57.6% mem=0.2% (pid=29004)
1760415832.4333067,2025-10-13T23:23:52,19.7,85.3,1711.0,4.366,1.102,0.0,0.001,System Idle Process cpu=1289.4% mem=0.0% (pid=0); OneDrive.exe cpu=198.2% mem=3.3% (pid=20416); python.exe cpu=53.0% mem=0.2% (pid=29004)
1760415834.6994283,2025-10-13T23:23:54,19.3,85.0,1711.0,1.051,1.987,0.0,0.0,System Idle Process cpu=1298.1% mem=0.0% (pid=0); OneDrive.exe cpu=190.4% mem=3.3% (pid=20416); python.exe cpu=52.6% mem=0.2% (pid=29004)
1760415836.9432569,2025-10-13T23:23:56,20.2,85.0,1711.0,0.313,2.433,0.0,0.003,System Idle Process cpu=1272.8% mem=0.0% (pid=0); OneDrive.exe cpu=194.1% mem=3.3% (pid=20416); python.exe cpu=70.9% mem=0.2% (pid=29004)
1760415841.0491903,2025-10-13T23:24:01,23.7,85.0,1711.0,0.492,8.827,0.019,0.031,System Idle Process cpu=1235.4% mem=0.0% (pid=0); OneDrive.exe cpu=195.5% mem=3.3% (pid=20416); python.exe cpu=73.4% mem=0.2% (pid=29004)
1760415845.0863793,2025-10-13T23:24:05,23.9,85.0,1711.0,1.14,1.548,0.005,0.011,System Idle Process cpu=1219.9% mem=0.0% (pid=0); OneDrive.exe cpu=195.0% mem=3.3% (pid=20416); python.exe cpu=72.1% mem=0.2% (pid=29004)
1760415849.2068183,2025-10-13T23:24:09,21.8,85.0,1711.0,0.164,2.306,0.001,0.005,System Idle Process cpu=1256.6% mem=0.0% (pid=0); OneDrive.exe cpu=193.5% mem=3.3% (pid=20416); python.exe cpu=72.1% mem=0.2% (pid=29004)
1760415853.4067822,2025-10-13T23:24:13,24.6,84.9,1711.0,0.632,1.881,0.004,0.007,
1760415854.4461005,2025-10-13T23:24:14,18.0,84.9,1711.0,0.082,0.643,0.0,0.0,
1760415855.4851766,2025-10-13T23:24:15,18.7,84.9,1711.0,0.0,0.115,0.0,0.0,
1760415856.5209363,2025-10-13T23:24:16,22.4,84.9,1711.0,2.15,7.705,0.0,0.0,
1760415857.556618,2025-10-13T23:24:17,54.6,85.2,1711.0,47.92,4.112,0.001,0.001,System Idle Process cpu=1181.7% mem=0.0% (pid=0); OneDrive.exe cpu=187.6% mem=3.3% (pid=20416); Taskmgr.exe cpu=47.5% mem=0.7% (pid=28296)
1760415862.6730442,2025-10-13T23:24:22,61.7,86.5,1711.0,312.946,14.368,0.073,0.288,System Idle Process cpu=627.1% mem=0.0% (pid=0); OneDrive.exe cpu=194.9% mem=3.3% (pid=20416); python.exe cpu=69.2% mem=0.2% (pid=29004)
1760415866.451135,2025-10-13T23:24:26,36.4,85.9,1711.0,643.259,1.741,0.021,0.029,System Idle Process cpu=1025.3% mem=0.0% (pid=0); OneDrive.exe cpu=198.2% mem=3.3% (pid=20416); RuntimeBroker.exe cpu=82.5% mem=0.3% (pid=27756)
1760415870.297781,2025-10-13T23:24:30,38.0,85.9,1711.0,484.984,1.659,0.002,0.002,System Idle Process cpu=1005.5% mem=0.0% (pid=0); OneDrive.exe cpu=195.6% mem=3.3% (pid=20416); System cpu=99.2% mem=0.0% (pid=4)
1760415874.0853164,2025-10-13T23:24:34,27.9,85.9,1711.0,208.505,1.368,0.001,0.001,System Idle Process cpu=1164.5% mem=0.0% (pid=0); OneDrive.exe cpu=191.9% mem=3.3% (pid=20416); python.exe cpu=73.4% mem=0.2% (pid=29004)
1760415878.3594027,2025-10-13T23:24:38,28.7,86.3,1711.0,3.417,1.487,0.043,0.027,System Idle Process cpu=1156.0% mem=0.0% (pid=0); OneDrive.exe cpu=191.8% mem=3.3% (pid=20416); python.exe cpu=72.9% mem=0.2% (pid=29004)
1760415882.866248,2025-10-13T23:24:42,37.3,86.9,1711.0,13.169,1.065,0.113,0.092,System Idle Process cpu=1013.1% mem=0.0% (pid=0); OneDrive.exe cpu=197.1% mem=3.3% (pid=20416); python.exe cpu=74.4% mem=0.2% (pid=29004)
1760415887.208088,2025-10-13T23:24:47,33.8,86.9,1711.0,0.438,1.679,0.052,0.012,System Idle Process cpu=1072.8% mem=0.0% (pid=0); OneDrive.exe cpu=195.0% mem=3.3% (pid=20416); python.exe cpu=73.0% mem=0.2% (pid=29004)
1760415891.3619149,2025-10-13T23:24:51,35.2,87.1,1711.0,2.126,1.729,0.072,0.023,System Idle Process cpu=1052.5% mem=0.0% (pid=0); OneDrive.exe cpu=195.8% mem=3.3% (pid=20416); python.exe cpu=71.7% mem=0.2% (pid=29004)
1760415895.5626907,2025-10-13T23:24:55,24.5,87.1,1711.0,0.025,1.204,0.015,0.01,System Idle Process cpu=1215.0% mem=0.0% (pid=0); OneDrive.exe cpu=193.5% mem=3.3% (pid=20416); python.exe cpu=76.1% mem=0.2% (pid=29004)
1760415900.0237594,2025-10-13T23:25:00,44.0,87.8,1711.0,12.612,1.106,0.063,0.061,System Idle Process cpu=909.2% mem=0.0% (pid=0); OneDrive.exe cpu=199.9% mem=3.3% (pid=20416); python.exe cpu=73.8% mem=0.2% (pid=29004)
1760415904.2774575,2025-10-13T23:25:04,33.0,87.9,1711.0,1.184,1.303,0.005,0.005,System Idle Process cpu=1093.5% mem=0.0% (pid=0); OneDrive.exe cpu=192.4% mem=3.3% (pid=20416); python.exe cpu=72.1% mem=0.2% (pid=29004)
1760415908.2581902,2025-10-13T23:25:08,23.5,87.1,1711.0,0.0,1.196,0.006,0.007,System Idle Process cpu=1232.0% mem=0.0% (pid=0); OneDrive.exe cpu=193.6% mem=3.3% (pid=20416); python.exe cpu=71.9% mem=0.2% (pid=29004)
1760415912.2837417,2025-10-13T23:25:12,26.3,87.2,1711.0,1.954,0.713,0.017,0.01,System Idle Process cpu=1190.8% mem=0.0% (pid=0); OneDrive.exe cpu=196.0% mem=3.3% (pid=20416); python.exe cpu=71.8% mem=0.2% (pid=29004)
1760415916.271932,2025-10-13T23:25:16,27.1,87.2,1711.0,0.002,1.165,0.006,0.008,System Idle Process cpu=1174.6% mem=0.0% (pid=0); OneDrive.exe cpu=193.7% mem=3.3% (pid=20416); python.exe cpu=69.8% mem=0.2% (pid=29004)
1760415920.3139443,2025-10-13T23:25:20,25.0,86.7,1711.0,9.703,0.971,0.003,0.002,System Idle Process cpu=1206.0% mem=0.0% (pid=0); OneDrive.exe cpu=196.4% mem=3.3% (pid=20416); python.exe cpu=71.0% mem=0.2% (pid=29004)
1760415924.2973185,2025-10-13T23:25:24,23.8,86.4,1711.0,1.376,2.814,0.002,0.003,System Idle Process cpu=1226.2% mem=0.0% (pid=0); OneDrive.exe cpu=194.7% mem=3.3% (pid=20416); python.exe cpu=69.6% mem=0.2% (pid=29004)
1760415928.2471936,2025-10-13T23:25:28,22.8,86.4,1711.0,0.291,1.151,0.003,0.003,System Idle Process cpu=1239.0% mem=0.0% (pid=0); OneDrive.exe cpu=192.3% mem=3.3% (pid=20416); python.exe cpu=72.5% mem=0.2% (pid=29004)
1760415932.5808537,2025-10-13T23:25:32,27.3,86.6,1711.0,38.043,0.893,0.002,0.003,System Idle Process cpu=1172.3% mem=0.0% (pid=0); OneDrive.exe cpu=192.7% mem=3.3% (pid=20416); python.exe cpu=72.6% mem=0.2% (pid=29004)
1760415936.6307812,2025-10-13T23:25:36,23.8,86.4,1711.0,0.033,1.008,0.001,0.005,System Idle Process cpu=1229.1% mem=0.0% (pid=0); OneDrive.exe cpu=192.3% mem=3.3% (pid=20416); python.exe cpu=70.7% mem=0.2% (pid=29004)
1760415940.6045027,2025-10-13T23:25:40,23.4,86.5,1466.0,0.094,1.626,0.001,0.001,System Idle Process cpu=1228.6% mem=0.0% (pid=0); OneDrive.exe cpu=197.2% mem=3.3% (pid=20416); python.exe cpu=71.2% mem=0.2% (pid=29004)
1760415944.5979412,2025-10-13T23:25:44,24.0,86.5,1711.0,2.474,3.346,0.006,0.007,System Idle Process cpu=1224.9% mem=0.0% (pid=0); OneDrive.exe cpu=150.8% mem=3.3% (pid=20416); python.exe cpu=69.8% mem=0.2% (pid=29004)
1760415949.0395443,2025-10-13T23:25:49,20.2,86.2,1711.0,10.525,9.606,0.014,0.032,System Idle Process cpu=1282.3% mem=0.0% (pid=0); OneDrive.exe cpu=95.6% mem=3.3% (pid=20416); python.exe cpu=69.0% mem=0.2% (pid=29004)
1760415952.816523,2025-10-13T23:25:52,17.4,86.1,1711.0,0.0,0.336,0.01,0.01,System Idle Process cpu=1333.6% mem=0.0% (pid=0); OneDrive.exe cpu=97.2% mem=3.3% (pid=20416); python.exe cpu=69.8% mem=0.2% (pid=29004)
1760415956.8141696,2025-10-13T23:25:56,21.8,86.4,1711.0,6.795,0.492,0.001,0.001,System Idle Process cpu=1265.1% mem=0.0% (pid=0); OneDrive.exe cpu=95.3% mem=3.3% (pid=20416); python.exe cpu=70.7% mem=0.2% (pid=29004)
1760415961.1821182,2025-10-13T23:26:01,31.1,86.2,1711.0,34.576,9.708,0.01,0.017,System Idle Process cpu=1117.4% mem=0.0% (pid=0); OneDrive.exe cpu=96.0% mem=3.3% (pid=20416); python.exe cpu=70.1% mem=0.2% (pid=29004)
1760415965.4263103,2025-10-13T23:26:05,22.7,86.2,1711.0,0.852,1.102,0.014,0.015,System Idle Process cpu=1255.3% mem=0.0% (pid=0); OneDrive.exe cpu=97.7% mem=3.3% (pid=20416); python.exe cpu=71.2% mem=0.2% (pid=29004)
1760415969.373098,2025-10-13T23:26:09,19.4,85.9,1711.0,0.0,0.221,0.001,0.005,System Idle Process cpu=1299.5% mem=0.0% (pid=0); OneDrive.exe cpu=97.3% mem=3.3% (pid=20416); python.exe cpu=69.6% mem=0.2% (pid=29004)
1760415973.3489206,2025-10-13T23:26:13,17.5,85.5,1711.0,0.0,0.217,0.008,0.007,System Idle Process cpu=1324.8% mem=0.0% (pid=0); OneDrive.exe cpu=96.5% mem=3.3% (pid=20416); python.exe cpu=69.3% mem=0.2% (pid=29004)
1760415977.180203,2025-10-13T23:26:17,16.7,85.4,1711.0,0.0,0.975,0.007,0.006,System Idle Process cpu=1339.1% mem=0.0% (pid=0); OneDrive.exe cpu=97.2% mem=3.3% (pid=20416); python.exe cpu=72.1% mem=0.2% (pid=29004)
1760415981.0598483,2025-10-13T23:26:21,20.7,85.3,1466.0,0.053,0.582,0.002,0.002,System Idle Process cpu=1273.0% mem=0.0% (pid=0); OneDrive.exe cpu=99.7% mem=3.3% (pid=20416); python.exe cpu=70.4% mem=0.2% (pid=29004)
1760415984.7194648,2025-10-13T23:26:24,16.5,85.3,1711.0,0.016,0.934,0.001,0.001,System Idle Process cpu=1340.8% mem=0.0% (pid=0); OneDrive.exe cpu=98.0% mem=3.3% (pid=20416); python.exe cpu=70.7% mem=0.2% (pid=29004)
1760415988.5641992,2025-10-13T23:26:28,17.8,85.2,1711.0,0.59,0.516,0.002,0.002,System Idle Process cpu=1324.3% mem=0.0% (pid=0); OneDrive.exe cpu=95.3% mem=3.3% (pid=20416); python.exe cpu=73.0% mem=0.2% (pid=29004)
1760415992.80211,2025-10-13T23:26:32,29.6,85.7,1711.0,8.507,22.934,0.011,0.016,System Idle Process cpu=1137.4% mem=0.0% (pid=0); OneDrive.exe cpu=94.2% mem=3.3% (pid=20416); python.exe cpu=69.9% mem=0.2% (pid=29004)
1760415996.898845,2025-10-13T23:26:36,18.5,85.7,1711.0,2.468,3.437,0.01,0.012,System Idle Process cpu=1310.8% mem=0.0% (pid=0); OneDrive.exe cpu=97.3% mem=3.3% (pid=20416); python.exe cpu=68.9% mem=0.2% (pid=29004)
1760416000.8866763,2025-10-13T23:26:40,17.6,85.8,1711.0,0.094,0.594,0.002,0.001,System Idle Process cpu=1322.7% mem=0.0% (pid=0); OneDrive.exe cpu=96.7% mem=3.3% (pid=20416); python.exe cpu=66.7% mem=0.2% (pid=29004)
1760416004.7028368,2025-10-13T23:26:44,21.5,86.1,1711.0,0.082,0.373,0.004,0.004,System Idle Process cpu=1272.1% mem=0.0% (pid=0); OneDrive.exe cpu=100.7% mem=3.3% (pid=20416); python.exe cpu=72.9% mem=0.2% (pid=29004)
1760416008.8593528,2025-10-13T23:26:48,28.5,85.9,1711.0,0.258,0.524,0.008,0.008,System Idle Process cpu=1163.8% mem=0.0% (pid=0); OneDrive.exe cpu=98.8% mem=3.3% (pid=20416); python.exe cpu=71.4% mem=0.2% (pid=29004)
1760416012.9120646,2025-10-13T23:26:52,24.4,85.8,1711.0,0.487,0.459,0.006,0.007,System Idle Process cpu=1223.6% mem=0.0% (pid=0); OneDrive.exe cpu=95.4% mem=3.3% (pid=20416); python.exe cpu=70.1% mem=0.2% (pid=29004)
1760416016.8552985,2025-10-13T23:26:56,18.3,85.8,1711.0,0.078,0.446,0.009,0.006,System Idle Process cpu=1317.7% mem=0.0% (pid=0); OneDrive.exe cpu=96.3% mem=3.3% (pid=20416); python.exe cpu=68.5% mem=0.2% (pid=29004)
1760416020.8536777,2025-10-13T23:27:00,17.5,85.8,1711.0,0.033,0.823,0.007,0.007,System Idle Process cpu=1325.8% mem=0.0% (pid=0); OneDrive.exe cpu=95.6% mem=3.3% (pid=20416); python.exe cpu=68.6% mem=0.2% (pid=29004)
1760416024.8872223,2025-10-13T23:27:04,18.2,85.8,1711.0,0.086,0.569,0.007,0.008,System Idle Process cpu=1316.0% mem=0.0% (pid=0); OneDrive.exe cpu=95.5% mem=3.3% (pid=20416); python.exe cpu=69.0% mem=0.2% (pid=29004)
1760416028.7751117,2025-10-13T23:27:08,17.4,85.6,1711.0,0.0,0.496,0.004,0.008,System Idle Process cpu=1327.6% mem=0.0% (pid=0); OneDrive.exe cpu=96.2% mem=3.3% (pid=20416); python.exe cpu=70.7% mem=0.2% (pid=29004)
1760416032.754819,2025-10-13T23:27:12,16.3,85.6,1711.0,0.164,0.393,0.002,0.002,System Idle Process cpu=1340.6% mem=0.0% (pid=0); OneDrive.exe cpu=94.7% mem=3.3% (pid=20416); python.exe cpu=69.5% mem=0.2% (pid=29004)
1760416036.6769605,2025-10-13T23:27:16,16.8,85.5,1711.0,0.033,0.315,0.002,0.003,System Idle Process cpu=1341.2% mem=0.0% (pid=0); OneDrive.exe cpu=93.9% mem=3.3% (pid=20416); python.exe cpu=68.1% mem=0.2% (pid=29004)
1760416040.3820996,2025-10-13T23:27:20,16.7,85.4,1711.0,0.0,0.401,0.016,0.014,System Idle Process cpu=1343.0% mem=0.0% (pid=0); OneDrive.exe cpu=95.5% mem=3.3% (pid=20416); python.exe cpu=69.6% mem=0.2% (pid=29004)
1760416044.387119,2025-10-13T23:27:24,17.5,85.4,1711.0,0.058,0.659,0.009,0.012,System Idle Process cpu=1323.3% mem=0.0% (pid=0); OneDrive.exe cpu=88.3% mem=3.3% (pid=20416); python.exe cpu=71.8% mem=0.2% (pid=29004)
1760416048.4873123,2025-10-13T23:27:28,24.4,85.3,1466.0,0.672,0.455,0.021,0.083,System Idle Process cpu=1227.0% mem=0.0% (pid=0); OneDrive.exe cpu=97.0% mem=3.3% (pid=20416); python.exe cpu=71.2% mem=0.2% (pid=29004)
1760416052.3925376,2025-10-13T23:27:32,22.5,85.7,1711.0,9.11,2.011,0.072,0.038,System Idle Process cpu=1238.8% mem=0.0% (pid=0); OneDrive.exe cpu=98.7% mem=3.3% (pid=20416); python.exe cpu=72.9% mem=0.2% (pid=29004)
1760416056.346601,2025-10-13T23:27:36,29.1,86.0,1711.0,13.175,3.813,0.01,0.035,System Idle Process cpu=1143.8% mem=0.0% (pid=0); OneDrive.exe cpu=98.0% mem=3.3% (pid=20416); chrome.exe cpu=92.2% mem=1.7% (pid=26428)
1760416060.5178926,2025-10-13T23:27:40,30.7,86.1,1711.0,8.367,37.208,0.006,0.108,System Idle Process cpu=1132.2% mem=0.0% (pid=0); OneDrive.exe cpu=100.1% mem=3.3% (pid=20416); python.exe cpu=70.2% mem=0.2% (pid=29004)
1760416064.3127463,2025-10-13T23:27:44,19.6,86.2,1711.0,26.57,0.754,0.001,0.002,System Idle Process cpu=1294.1% mem=0.0% (pid=0); OneDrive.exe cpu=99.1% mem=3.3% (pid=20416); python.exe cpu=74.4% mem=0.2% (pid=29004)
1760416068.6862473,2025-10-13T23:27:48,33.7,86.5,1711.0,44.25,2.18,0.003,0.009,System Idle Process cpu=1071.1% mem=0.0% (pid=0); OneDrive.exe cpu=97.4% mem=3.3% (pid=20416); python.exe cpu=72.8% mem=0.2% (pid=29004)
1760416072.6688657,2025-10-13T23:27:52,26.8,87.0,1711.0,12.762,1.614,0.005,0.01,System Idle Process cpu=1182.5% mem=0.0% (pid=0); OneDrive.exe cpu=98.4% mem=3.3% (pid=20416); python.exe cpu=71.4% mem=0.2% (pid=29004)
1760416076.7455907,2025-10-13T23:27:56,16.7,87.0,1711.0,0.487,1.237,0.008,0.006,System Idle Process cpu=1337.0% mem=0.0% (pid=0); OneDrive.exe cpu=97.2% mem=3.3% (pid=20416); python.exe cpu=70.4% mem=0.2% (pid=29004)
1760416080.8398504,2025-10-13T23:28:00,22.7,86.4,1711.0,0.778,1.462,0.192,0.059,System Idle Process cpu=1241.0% mem=0.0% (pid=0); OneDrive.exe cpu=98.9% mem=3.3% (pid=20416); python.exe cpu=73.4% mem=0.2% (pid=29004)
1760416085.1689897,2025-10-13T23:28:05,25.0,86.5,1711.0,2.471,4.829,0.071,0.431,System Idle Process cpu=1215.3% mem=0.0% (pid=0); OneDrive.exe cpu=98.4% mem=3.3% (pid=20416); python.exe cpu=68.8% mem=0.2% (pid=29004)
1760416089.2129738,2025-10-13T23:28:09,17.6,86.2,1711.0,0.016,0.745,0.002,0.006,System Idle Process cpu=1325.8% mem=0.0% (pid=0); OneDrive.exe cpu=97.3% mem=3.3% (pid=20416); python.exe cpu=70.6% mem=0.2% (pid=29004)
1760416093.3116033,2025-10-13T23:28:13,21.6,86.2,1711.0,2.075,2.863,0.021,0.045,System Idle Process cpu=1263.5% mem=0.0% (pid=0); chrome.exe cpu=107.4% mem=1.0% (pid=28048); OneDrive.exe cpu=92.9% mem=3.3% (pid=20416)
1760416097.5276628,2025-10-13T23:28:17,24.6,86.3,1711.0,0.944,4.948,0.033,0.02,System Idle Process cpu=1217.5% mem=0.0% (pid=0); OneDrive.exe cpu=99.3% mem=3.3% (pid=20416); python.exe cpu=69.2% mem=0.2% (pid=29004)
1760416101.4254313,2025-10-13T23:28:21,20.2,86.4,1711.0,2.06,2.863,0.014,0.023,System Idle Process cpu=1280.7% mem=0.0% (pid=0); OneDrive.exe cpu=98.9% mem=3.3% (pid=20416); python.exe cpu=75.7% mem=0.2% (pid=29004)
1760416105.750218,2025-10-13T23:28:25,27.9,86.2,1711.0,11.58,1.683,0.008,0.009,System Idle Process cpu=1165.0% mem=0.0% (pid=0); OneDrive.exe cpu=99.1% mem=3.3% (pid=20416); python.exe cpu=73.3% mem=0.2% (pid=29004)
1760416109.8231378,2025-10-13T23:28:29,24.9,86.1,1711.0,3.389,1.712,0.009,0.019,System Idle Process cpu=1211.7% mem=0.0% (pid=0); OneDrive.exe cpu=98.5% mem=3.3% (pid=20416); python.exe cpu=73.0% mem=0.2% (pid=29004)
1760416113.9249713,2025-10-13T23:28:33,25.4,85.9,1711.0,1.278,0.93,0.001,0.001,System Idle Process cpu=1205.8% mem=0.0% (pid=0); OneDrive.exe cpu=97.6% mem=3.3% (pid=20416); chrome.exe cpu=85.4% mem=2.3% (pid=4008)
1760416117.8890288,2025-10-13T23:28:37,19.0,85.7,1711.0,0.082,1.057,0.007,0.01,System Idle Process cpu=1304.6% mem=0.0% (pid=0); OneDrive.exe cpu=101.3% mem=3.3% (pid=20416); python.exe cpu=69.9% mem=0.2% (pid=29004)
1760416121.8465588,2025-10-13T23:28:41,17.3,85.8,1711.0,0.193,0.496,0.002,0.004,System Idle Process cpu=1332.9% mem=0.0% (pid=0); OneDrive.exe cpu=97.3% mem=3.3% (pid=20416); python.exe cpu=71.4% mem=0.2% (pid=29004)
1760416125.8016984,2025-10-13T23:28:45,25.3,86.4,1711.0,1.405,0.508,0.002,0.001,System Idle Process cpu=1203.5% mem=0.0% (pid=0); OneDrive.exe cpu=98.5% mem=3.3% (pid=20416); python.exe cpu=71.6% mem=0.2% (pid=29004)
1760416129.6972039,2025-10-13T23:28:49,18.3,86.3,1711.0,0.735,0.555,0.005,0.007,System Idle Process cpu=1317.3% mem=0.0% (pid=0); OneDrive.exe cpu=94.7% mem=3.3% (pid=20416); python.exe cpu=65.7% mem=0.2% (pid=29004)
1760416133.3080437,2025-10-13T23:28:53,15.7,86.3,1711.0,0.053,0.782,0.012,0.012,System Idle Process cpu=1361.6% mem=0.0% (pid=0); OneDrive.exe cpu=94.9% mem=3.3% (pid=20416); python.exe cpu=70.2% mem=0.2% (pid=29004)
1760416137.2408895,2025-10-13T23:28:57,18.2,86.3,1711.0,0.008,0.643,0.011,0.007,System Idle Process cpu=1318.3% mem=0.0% (pid=0); OneDrive.exe cpu=98.0% mem=3.3% (pid=20416); python.exe cpu=68.0% mem=0.2% (pid=29004)
1760416141.2286992,2025-10-13T23:29:01,20.3,86.3,1711.0,0.033,0.762,0.008,0.011,System Idle Process cpu=1286.4% mem=0.0% (pid=0); OneDrive.exe cpu=93.7% mem=3.3% (pid=20416); python.exe cpu=73.2% mem=0.2% (pid=29004)
1760416145.4399698,2025-10-13T23:29:05,25.6,86.6,1711.0,1.734,3.379,0.029,0.035,System Idle Process cpu=1210.2% mem=0.0% (pid=0); OneDrive.exe cpu=95.7% mem=3.3% (pid=20416); python.exe cpu=70.4% mem=0.2% (pid=29004)
1760416149.5081766,2025-10-13T23:29:09,24.0,86.4,1711.0,0.0,0.627,0.001,0.005,System Idle Process cpu=1233.1% mem=0.0% (pid=0); OneDrive.exe cpu=97.5% mem=3.3% (pid=20416); python.exe cpu=66.5% mem=0.2% (pid=29004)
1760416153.1431715,2025-10-13T23:29:13,20.4,86.3,1711.0,0.016,0.913,0.001,0.002,System Idle Process cpu=1292.9% mem=0.0% (pid=0); OneDrive.exe cpu=97.7% mem=3.3% (pid=20416); python.exe cpu=70.7% mem=0.2% (pid=29004)
1760416157.079357,2025-10-13T23:29:17,21.2,86.3,1711.0,0.066,0.393,0.011,0.007,System Idle Process cpu=1282.5% mem=0.0% (pid=0); OneDrive.exe cpu=95.8% mem=3.3% (pid=20416); python.exe cpu=69.6% mem=0.2% (pid=29004)
1760416160.941629,2025-10-13T23:29:20,22.5,86.2,1466.0,0.209,0.311,0.002,0.003,System Idle Process cpu=1262.2% mem=0.0% (pid=0); OneDrive.exe cpu=91.4% mem=3.3% (pid=20416); python.exe cpu=73.1% mem=0.2% (pid=29004)
1760416164.9973881,2025-10-13T23:29:24,26.6,86.4,1466.0,0.18,0.877,0.007,0.009,System Idle Process cpu=1197.3% mem=0.0% (pid=0); OneDrive.exe cpu=97.9% mem=3.3% (pid=20416); python.exe cpu=70.0% mem=0.2% (pid=29004)
1760416168.947907,2025-10-13T23:29:28,23.1,86.2,1711.0,0.0,2.609,0.003,0.003,System Idle Process cpu=1255.1% mem=0.0% (pid=0); OneDrive.exe cpu=97.2% mem=3.3% (pid=20416); python.exe cpu=69.6% mem=0.2% (pid=29004)
1760416172.7112617,2025-10-13T23:29:32,20.8,86.0,1711.0,0.639,1.212,0.001,0.001,System Idle Process cpu=1280.1% mem=0.0% (pid=0); OneDrive.exe cpu=94.8% mem=3.3% (pid=20416); python.exe cpu=69.7% mem=0.2% (pid=29004)
1760416176.7116117,2025-10-13T23:29:36,24.4,86.3,1711.0,0.295,1.106,0.009,0.008,System Idle Process cpu=1227.8% mem=0.0% (pid=0); OneDrive.exe cpu=96.6% mem=3.3% (pid=20416); python.exe cpu=73.7% mem=0.2% (pid=29004)
1760416180.7547028,2025-10-13T23:29:40,32.9,86.4,1711.0,0.131,2.613,0.002,0.003,System Idle Process cpu=1098.7% mem=0.0% (pid=0); OneDrive.exe cpu=97.3% mem=3.3% (pid=20416); python.exe cpu=69.2% mem=0.2% (pid=29004)
1760416184.698691,2025-10-13T23:29:44,19.5,86.4,1711.0,0.106,1.278,0.015,0.004,System Idle Process cpu=1303.0% mem=0.0% (pid=0); OneDrive.exe cpu=96.5% mem=3.3% (pid=20416); python.exe cpu=70.5% mem=0.2% (pid=29004)
1760416188.6518614,2025-10-13T23:29:48,20.3,86.4,1711.0,0.201,0.729,0.023,0.031,System Idle Process cpu=1272.9% mem=0.0% (pid=0); OneDrive.exe cpu=99.5% mem=3.3% (pid=20416); python.exe cpu=69.7% mem=0.2% (pid=29004)
1760416192.603538,2025-10-13T23:29:52,22.8,86.3,1711.0,0.0,0.811,0.019,0.015,System Idle Process cpu=1254.1% mem=0.0% (pid=0); OneDrive.exe cpu=96.1% mem=3.3% (pid=20416); python.exe cpu=70.4% mem=0.2% (pid=29004)
1760416196.6642282,2025-10-13T23:29:56,23.0,86.2,1711.0,0.057,0.774,0.018,0.023,System Idle Process cpu=1246.0% mem=0.0% (pid=0); OneDrive.exe cpu=98.0% mem=3.3% (pid=20416); python.exe cpu=70.7% mem=0.2% (pid=29004)
1760416200.5266058,2025-10-13T23:30:00,22.8,86.5,1711.0,0.762,0.52,0.046,0.039,System Idle Process cpu=1244.3% mem=0.0% (pid=0); OneDrive.exe cpu=96.0% mem=3.3% (pid=20416); python.exe cpu=71.0% mem=0.2% (pid=29004)
1760416204.4448779,2025-10-13T23:30:04,25.3,86.7,1711.0,0.479,1.626,0.012,0.017,System Idle Process cpu=1211.3% mem=0.0% (pid=0); OneDrive.exe cpu=96.2% mem=3.3% (pid=20416); chrome.exe cpu=76.7% mem=3.4% (pid=16776)
1760416208.3974838,2025-10-13T23:30:08,29.3,86.6,1711.0,0.664,1.552,0.004,0.012,System Idle Process cpu=1141.4% mem=0.0% (pid=0); chrome.exe cpu=118.6% mem=3.4% (pid=16776); OneDrive.exe cpu=98.5% mem=3.3% (pid=20416)
1760416212.346362,2025-10-13T23:30:12,27.3,86.6,1711.0,0.737,1.79,0.002,0.007,System Idle Process cpu=1178.2% mem=0.0% (pid=0); chrome.exe cpu=132.4% mem=3.5% (pid=16776); OneDrive.exe cpu=96.1% mem=3.3% (pid=20416)
1760416216.4102972,2025-10-13T23:30:16,31.5,86.5,1466.0,0.229,2.077,0.004,0.008,System Idle Process cpu=1113.8% mem=0.0% (pid=0); chrome.exe cpu=126.0% mem=3.5% (pid=16776); OneDrive.exe cpu=73.4% mem=3.3% (pid=20416)
1760416220.3035858,2025-10-13T23:30:20,31.8,86.7,1466.0,0.594,3.408,0.003,0.006,System Idle Process cpu=1111.2% mem=0.0% (pid=0); chrome.exe cpu=142.1% mem=3.5% (pid=16776); python.exe cpu=68.1% mem=0.2% (pid=29004)
1760416224.3031492,2025-10-13T23:30:24,31.6,86.7,1711.0,0.344,2.945,0.074,0.028,System Idle Process cpu=1115.1% mem=0.0% (pid=0); python.exe cpu=66.7% mem=0.2% (pid=29004); chrome.exe cpu=51.1% mem=1.6% (pid=26428)
1760416228.7182777,2025-10-13T23:30:28,22.2,86.7,1466.0,0.446,1.524,0.011,0.029,System Idle Process cpu=1269.3% mem=0.0% (pid=0); python.exe cpu=63.9% mem=0.2% (pid=29004); explorer.exe cpu=54.0% mem=1.7% (pid=12236)
1760416233.1733463,2025-10-13T23:30:33,25.4,86.8,1466.0,0.423,2.118,0.001,0.001,System Idle Process cpu=1209.5% mem=0.0% (pid=0); OneDrive.exe cpu=65.0% mem=3.4% (pid=20416); python.exe cpu=61.5% mem=0.2% (pid=29004)
1760416237.754626,2025-10-13T23:30:37,23.2,86.7,1711.0,0.119,3.146,0.002,0.005,System Idle Process cpu=1253.7% mem=0.0% (pid=0); OneDrive.exe cpu=74.3% mem=3.4% (pid=20416); explorer.exe cpu=69.3% mem=1.6% (pid=12236)
1760416242.3038948,2025-10-13T23:30:42,22.2,86.7,1466.0,0.246,3.178,0.01,0.003,System Idle Process cpu=1264.6% mem=0.0% (pid=0); explorer.exe cpu=67.4% mem=1.7% (pid=12236); python.exe cpu=65.1% mem=0.2% (pid=29004)
1760416247.174802,2025-10-13T23:30:47,36.5,87.7,1711.0,2.997,3.4,0.017,0.01,System Idle Process cpu=1035.4% mem=0.0% (pid=0); explorer.exe cpu=87.4% mem=1.7% (pid=12236); python.exe cpu=69.2% mem=0.2% (pid=29004)
1760416251.7065084,2025-10-13T23:30:51,35.1,87.5,1466.0,0.971,2.019,0.002,0.002,System Idle Process cpu=1063.7% mem=0.0% (pid=0); explorer.exe cpu=88.3% mem=1.7% (pid=12236); python.exe cpu=68.2% mem=0.2% (pid=29004)
1760416256.2192273,2025-10-13T23:30:56,39.4,87.5,1711.0,24.179,2.609,0.153,0.039,System Idle Process cpu=1001.7% mem=0.0% (pid=0); explorer.exe cpu=64.5% mem=1.7% (pid=12236); python.exe cpu=62.2% mem=0.2% (pid=29004)
1760416260.5153897,2025-10-13T23:31:00,23.8,87.5,1711.0,4.264,2.408,0.001,0.001,System Idle Process cpu=1245.4% mem=0.0% (pid=0); OneDrive.exe cpu=70.6% mem=3.4% (pid=20416); python.exe cpu=69.7% mem=0.2% (pid=29004)
1760416265.473557,2025-10-13T23:31:05,34.3,87.6,1711.0,13.481,4.116,0.034,0.022,System Idle Process cpu=1070.2% mem=0.0% (pid=0); explorer.exe cpu=77.9% mem=1.7% (pid=12236); OneDrive.exe cpu=69.4% mem=3.4% (pid=20416)
1760416270.546605,2025-10-13T23:31:10,27.6,87.7,1711.0,2.408,4.805,0.007,0.009,System Idle Process cpu=1174.1% mem=0.0% (pid=0); explorer.exe cpu=76.7% mem=1.7% (pid=12236); python.exe cpu=66.8% mem=0.2% (pid=29004)
1760416274.9692562,2025-10-13T23:31:14,39.6,87.9,1466.0,7.439,21.565,0.064,0.02,System Idle Process cpu=988.7% mem=0.0% (pid=0); OneDrive.exe cpu=73.6% mem=3.4% (pid=20416); explorer.exe cpu=68.7% mem=1.7% (pid=12236)
1760416279.7574825,2025-10-13T23:31:19,27.2,88.0,1711.0,0.745,5.427,0.042,0.038,System Idle Process cpu=1182.0% mem=0.0% (pid=0); OneDrive.exe cpu=84.8% mem=3.4% (pid=20416); python.exe cpu=70.0% mem=0.2% (pid=29004)
1760416284.236265,2025-10-13T23:31:24,29.4,88.1,1711.0,0.726,4.289,0.023,0.015,System Idle Process cpu=1148.5% mem=0.0% (pid=0); OneDrive.exe cpu=85.2% mem=3.4% (pid=20416); python.exe cpu=65.5% mem=0.2% (pid=29004)
1760416288.6767647,2025-10-13T23:31:28,25.8,88.2,1711.0,5.165,3.33,0.203,0.135,System Idle Process cpu=1200.8% mem=0.0% (pid=0); python.exe cpu=65.8% mem=0.2% (pid=29004); OneDrive.exe cpu=56.1% mem=3.4% (pid=20416)
1760416293.3921354,2025-10-13T23:31:33,27.9,88.2,1711.0,1.097,3.219,0.05,0.06,System Idle Process cpu=1182.1% mem=0.0% (pid=0); chrome.exe cpu=64.3% mem=2.9% (pid=22424); python.exe cpu=64.1% mem=0.2% (pid=29004)
1760416297.444422,2025-10-13T23:31:37,25.9,88.4,1711.0,1.098,3.834,0.003,0.014,System Idle Process cpu=1203.8% mem=0.0% (pid=0); chrome.exe cpu=88.3% mem=2.9% (pid=22424); python.exe cpu=67.4% mem=0.2% (pid=29004)
1760416301.611236,2025-10-13T23:31:41,28.8,88.4,1711.0,0.909,1.794,0.006,0.01,System Idle Process cpu=1161.0% mem=0.0% (pid=0); chrome.exe cpu=100.3% mem=3.0% (pid=22424); python.exe cpu=64.3% mem=0.2% (pid=29004)
1760416305.7976315,2025-10-13T23:31:45,29.7,88.3,1711.0,0.369,1.81,0.009,0.011,System Idle Process cpu=1142.5% mem=0.0% (pid=0); chrome.exe cpu=89.1% mem=3.0% (pid=22424); python.exe cpu=63.2% mem=0.2% (pid=29004)
1760416309.802801,2025-10-13T23:31:49,28.9,88.3,1466.0,0.426,2.38,0.002,0.007,System Idle Process cpu=1156.8% mem=0.0% (pid=0); chrome.exe cpu=103.0% mem=3.0% (pid=22424); python.exe cpu=64.0% mem=0.2% (pid=29004)
1760416314.0327535,2025-10-13T23:31:54,31.8,88.5,1711.0,1.18,1.974,0.056,0.046,System Idle Process cpu=1110.1% mem=0.0% (pid=0); OneDrive.exe cpu=93.3% mem=3.4% (pid=20416); python.exe cpu=70.8% mem=0.2% (pid=29004)
1760416318.2614746,2025-10-13T23:31:58,22.5,88.4,1711.0,0.558,0.627,0.019,0.007,System Idle Process cpu=1256.3% mem=0.0% (pid=0); OneDrive.exe cpu=95.0% mem=3.4% (pid=20416); python.exe cpu=73.8% mem=0.2% (pid=29004)
1760416322.5891738,2025-10-13T23:32:02,24.7,88.4,1711.0,11.364,0.668,0.013,0.013,System Idle Process cpu=1215.5% mem=0.0% (pid=0); OneDrive.exe cpu=94.8% mem=3.4% (pid=20416); python.exe cpu=70.1% mem=0.2% (pid=29004)
1760416326.6746159,2025-10-13T23:32:06,23.7,88.3,1711.0,0.14,0.754,0.039,0.027,System Idle Process cpu=1232.1% mem=0.0% (pid=0); chrome.exe cpu=114.9% mem=3.2% (pid=22424); OneDrive.exe cpu=95.9% mem=3.2% (pid=20416)
1760416330.6898532,2025-10-13T23:32:10,32.9,87.0,1711.0,0.766,2.163,0.003,0.008,System Idle Process cpu=1090.7% mem=0.0% (pid=0); chrome.exe cpu=104.9% mem=3.2% (pid=22424); OneDrive.exe cpu=93.7% mem=3.2% (pid=20416)
1760416334.8032565,2025-10-13T23:32:14,28.5,86.9,1466.0,0.185,0.799,0.001,0.006,System Idle Process cpu=1158.9% mem=0.0% (pid=0); chrome.exe cpu=112.2% mem=3.2% (pid=22424); OneDrive.exe cpu=92.8% mem=3.2% (pid=20416)
1760416338.7232428,2025-10-13T23:32:18,29.6,86.9,1711.0,0.296,0.7,0.002,0.007,System Idle Process cpu=1147.1% mem=0.0% (pid=0); chrome.exe cpu=115.9% mem=3.2% (pid=22424); OneDrive.exe cpu=95.5% mem=3.2% (pid=20416)
1760416342.9487917,2025-10-13T23:32:22,26.9,86.9,1711.0,0.124,1.286,0.004,0.014,System Idle Process cpu=1177.8% mem=0.0% (pid=0); OneDrive.exe cpu=131.9% mem=3.2% (pid=20416); chrome.exe cpu=123.2% mem=3.2% (pid=22424)
1760416348.6288095,2025-10-13T23:32:28,54.6,87.2,1711.0,50.761,1.372,0.051,0.135,System Idle Process cpu=740.4% mem=0.0% (pid=0); OneDrive.exe cpu=185.3% mem=3.2% (pid=20416); chrome.exe cpu=125.4% mem=3.2% (pid=22424)
1760416353.4006534,2025-10-13T23:32:33,49.3,85.8,1711.0,5.505,26.776,0.042,0.039,System Idle Process cpu=831.0% mem=0.0% (pid=0); OneDrive.exe cpu=180.7% mem=3.2% (pid=20416); chrome.exe cpu=137.8% mem=3.2% (pid=22424)
1760416357.5015218,2025-10-13T23:32:37,38.8,85.7,1711.0,2.276,2.376,0.041,0.018,System Idle Process cpu=998.2% mem=0.0% (pid=0); OneDrive.exe cpu=182.0% mem=3.2% (pid=20416); python.exe cpu=73.3% mem=0.2% (pid=29004)
1760416361.92033,2025-10-13T23:32:41,37.1,86.5,1711.0,1.861,1.544,0.049,0.05,System Idle Process cpu=1020.5% mem=0.0% (pid=0); OneDrive.exe cpu=175.1% mem=3.2% (pid=20416); python.exe cpu=71.3% mem=0.2% (pid=29004)
1760416366.3512022,2025-10-13T23:32:46,25.2,86.6,1711.0,1.009,1.335,0.017,0.021,System Idle Process cpu=1209.8% mem=0.0% (pid=0); OneDrive.exe cpu=172.0% mem=3.2% (pid=20416); python.exe cpu=71.0% mem=0.2% (pid=29004)
1760416370.8453515,2025-10-13T23:32:50,35.7,86.2,1711.0,0.346,2.019,0.002,0.003,System Idle Process cpu=1050.2% mem=0.0% (pid=0); OneDrive.exe cpu=177.0% mem=3.2% (pid=20416); python.exe cpu=62.3% mem=0.2% (pid=29004)
1760416375.2035983,2025-10-13T23:32:55,25.5,85.9,1711.0,0.398,6.746,0.015,0.014,System Idle Process cpu=1211.2% mem=0.0% (pid=0); OneDrive.exe cpu=165.5% mem=3.2% (pid=20416); python.exe cpu=68.9% mem=0.2% (pid=29004)
1760416379.5086513,2025-10-13T23:32:59,23.3,85.7,1711.0,0.305,1.073,0.001,0.002,System Idle Process cpu=1247.7% mem=0.0% (pid=0); OneDrive.exe cpu=170.0% mem=3.2% (pid=20416); python.exe cpu=70.1% mem=0.2% (pid=29004)
1760416383.8433528,2025-10-13T23:33:03,28.4,85.3,1711.0,0.546,1.7,0.007,0.007,System Idle Process cpu=1170.1% mem=0.0% (pid=0); OneDrive.exe cpu=162.8% mem=3.2% (pid=20416); python.exe cpu=72.8% mem=0.2% (pid=29004)
1760416388.206174,2025-10-13T23:33:08,24.0,85.3,1711.0,0.086,4.809,0.023,0.018,System Idle Process cpu=1233.8% mem=0.0% (pid=0); OneDrive.exe cpu=173.1% mem=3.2% (pid=20416); python.exe cpu=71.2% mem=0.2% (pid=29004)
1760416392.6331763,2025-10-13T23:33:12,28.6,85.1,1711.0,4.925,9.261,0.001,0.002,System Idle Process cpu=1163.4% mem=0.0% (pid=0); OneDrive.exe cpu=166.1% mem=3.2% (pid=20416); python.exe cpu=70.3% mem=0.2% (pid=29004)
1760416396.9753718,2025-10-13T23:33:16,26.6,85.1,1711.0,13.463,12.042,0.001,0.002,System Idle Process cpu=1199.8% mem=0.0% (pid=0); OneDrive.exe cpu=147.4% mem=3.2% (pid=20416); python.exe cpu=70.9% mem=0.2% (pid=29004)
1760416401.4651582,2025-10-13T23:33:21,32.4,86.2,1711.0,16.553,3.265,0.013,0.008,System Idle Process cpu=1099.8% mem=0.0% (pid=0); OneDrive.exe cpu=148.8% mem=3.2% (pid=20416); python.exe cpu=73.1% mem=0.2% (pid=29004)
1760416406.0557148,2025-10-13T23:33:26,41.1,86.9,1711.0,1.905,3.645,0.008,0.007,System Idle Process cpu=959.4% mem=0.0% (pid=0); OneDrive.exe cpu=140.8% mem=3.2% (pid=20416); explorer.exe cpu=65.8% mem=1.7% (pid=12236)
1760416410.5463898,2025-10-13T23:33:30,30.6,86.2,1711.0,0.28,4.137,0.02,0.015,System Idle Process cpu=1130.2% mem=0.0% (pid=0); OneDrive.exe cpu=164.8% mem=3.2% (pid=20416); python.exe cpu=68.0% mem=0.2% (pid=29004)
1760416415.1433866,2025-10-13T23:33:35,32.9,85.6,1711.0,0.475,4.6,0.027,0.019,System Idle Process cpu=1086.4% mem=0.0% (pid=0); OneDrive.exe cpu=145.2% mem=3.2% (pid=20416); python.exe cpu=73.7% mem=0.2% (pid=29004)
1760416419.6511836,2025-10-13T23:33:39,34.0,85.6,1711.0,1.348,2.511,0.001,0.006,System Idle Process cpu=1077.2% mem=0.0% (pid=0); OneDrive.exe cpu=139.0% mem=3.2% (pid=20416); python.exe cpu=73.5% mem=0.2% (pid=29004)
1760416424.111361,2025-10-13T23:33:44,38.4,85.7,1711.0,0.004,1.97,0.008,0.008,System Idle Process cpu=997.3% mem=0.0% (pid=0); OneDrive.exe cpu=124.2% mem=3.2% (pid=20416); python.exe cpu=67.3% mem=0.2% (pid=29004)
1760416428.62851,2025-10-13T23:33:48,32.2,85.8,1711.0,0.528,3.772,0.01,0.004,System Idle Process cpu=1106.5% mem=0.0% (pid=0); OneDrive.exe cpu=153.7% mem=3.2% (pid=20416); explorer.exe cpu=73.6% mem=1.7% (pid=12236)
1760416433.080101,2025-10-13T23:33:53,38.0,85.7,1711.0,0.07,2.437,0.026,0.011,System Idle Process cpu=1012.8% mem=0.0% (pid=0); OneDrive.exe cpu=155.5% mem=3.2% (pid=20416); chrome.exe cpu=77.2% mem=3.2% (pid=22424)
1760416437.5742168,2025-10-13T23:33:57,37.3,85.6,1711.0,0.426,2.543,0.022,0.02,System Idle Process cpu=1016.4% mem=0.0% (pid=0); OneDrive.exe cpu=152.0% mem=3.2% (pid=20416); chrome.exe cpu=104.3% mem=3.2% (pid=22424)
1760416441.8511949,2025-10-13T23:34:01,33.4,85.6,1466.0,0.381,3.207,0.006,0.01,System Idle Process cpu=1081.2% mem=0.0% (pid=0); OneDrive.exe cpu=155.0% mem=3.2% (pid=20416); chrome.exe cpu=105.0% mem=3.3% (pid=22424)
1760416446.1783783,2025-10-13T23:34:06,35.4,85.5,1711.0,1.0,4.825,0.035,0.039,System Idle Process cpu=1045.8% mem=0.0% (pid=0); OneDrive.exe cpu=156.1% mem=3.2% (pid=20416); chrome.exe cpu=110.0% mem=3.3% (pid=22424)
1760416450.3914523,2025-10-13T23:34:10,32.8,85.4,1711.0,0.123,3.85,0.002,0.009,System Idle Process cpu=1086.0% mem=0.0% (pid=0); OneDrive.exe cpu=158.0% mem=3.2% (pid=20416); chrome.exe cpu=121.6% mem=3.3% (pid=22424)
1760416454.5236712,2025-10-13T23:34:14,35.6,85.2,1711.0,0.131,3.178,0.005,0.008,System Idle Process cpu=1045.0% mem=0.0% (pid=0); OneDrive.exe cpu=156.6% mem=3.2% (pid=20416); chrome.exe cpu=115.2% mem=3.3% (pid=22424)
1760416458.6446126,2025-10-13T23:34:18,34.3,85.2,1711.0,0.033,3.125,0.002,0.008,System Idle Process cpu=1064.3% mem=0.0% (pid=0); OneDrive.exe cpu=133.6% mem=3.2% (pid=20416); chrome.exe cpu=120.1% mem=3.3% (pid=22424)
1760416462.7470684,2025-10-13T23:34:22,34.2,85.4,1711.0,0.016,2.384,0.013,0.009,System Idle Process cpu=1072.9% mem=0.0% (pid=0); OneDrive.exe cpu=130.5% mem=3.2% (pid=20416); chrome.exe cpu=115.1% mem=3.3% (pid=22424)
1760416466.8319294,2025-10-13T23:34:26,37.0,85.4,1711.0,0.143,3.588,0.012,0.013,System Idle Process cpu=1030.6% mem=0.0% (pid=0); OneDrive.exe cpu=152.7% mem=3.3% (pid=20416); chrome.exe cpu=124.4% mem=3.4% (pid=22424)
1760416470.7477334,2025-10-13T23:34:30,32.7,85.4,1466.0,0.459,3.813,0.011,0.017,System Idle Process cpu=1087.1% mem=0.0% (pid=0); OneDrive.exe cpu=153.3% mem=3.3% (pid=20416); python.exe cpu=66.3% mem=0.2% (pid=29004)
1760416474.9594135,2025-10-13T23:34:34,27.9,85.4,1466.0,0.641,4.882,0.042,0.029,System Idle Process cpu=1167.5% mem=0.0% (pid=0); OneDrive.exe cpu=151.8% mem=3.3% (pid=20416); python.exe cpu=67.9% mem=0.2% (pid=29004)
1760416479.0433798,2025-10-13T23:34:39,28.5,85.4,1711.0,0.344,3.461,0.003,0.007,System Idle Process cpu=1160.7% mem=0.0% (pid=0); OneDrive.exe cpu=118.0% mem=3.3% (pid=20416); python.exe cpu=67.8% mem=0.2% (pid=29004)
1760416483.4097517,2025-10-13T23:34:43,28.4,85.4,1711.0,0.016,1.716,0.001,0.001,System Idle Process cpu=1181.4% mem=0.0% (pid=0); OneDrive.exe cpu=113.4% mem=3.3% (pid=20416); python.exe cpu=67.8% mem=0.2% (pid=29004)
1760416487.6561766,2025-10-13T23:34:47,26.5,85.3,1466.0,0.0,1.335,0.002,0.002,System Idle Process cpu=1202.1% mem=0.0% (pid=0); OneDrive.exe cpu=121.1% mem=3.3% (pid=20416); python.exe cpu=68.3% mem=0.2% (pid=29004)
1760416491.9349244,2025-10-13T23:34:51,27.1,85.4,1466.0,0.066,1.532,0.001,0.002,System Idle Process cpu=1185.5% mem=0.0% (pid=0); OneDrive.exe cpu=121.1% mem=3.3% (pid=20416); python.exe cpu=69.9% mem=0.2% (pid=29004)
1760416496.2389688,2025-10-13T23:34:56,27.4,85.4,1466.0,0.02,1.704,0.0,0.0,System Idle Process cpu=1179.2% mem=0.0% (pid=0); OneDrive.exe cpu=167.0% mem=3.3% (pid=20416); python.exe cpu=70.7% mem=0.2% (pid=29004)
1760416500.5160792,2025-10-13T23:35:00,33.8,85.1,1711.0,0.098,3.789,0.004,0.006,System Idle Process cpu=1075.7% mem=0.0% (pid=0); OneDrive.exe cpu=170.3% mem=3.3% (pid=20416); explorer.exe cpu=63.9% mem=1.7% (pid=12236)
1760416504.846743,2025-10-13T23:35:04,27.9,85.1,1466.0,0.319,3.531,0.026,0.021,System Idle Process cpu=1164.3% mem=0.0% (pid=0); OneDrive.exe cpu=160.1% mem=3.3% (pid=20416); explorer.exe cpu=67.0% mem=1.7% (pid=12236)
1760416509.1193597,2025-10-13T23:35:09,27.7,85.2,1466.0,0.319,2.757,0.019,0.021,System Idle Process cpu=1171.2% mem=0.0% (pid=0); OneDrive.exe cpu=160.3% mem=3.3% (pid=20416); python.exe cpu=63.8% mem=0.2% (pid=29004)
1760416513.336518,2025-10-13T23:35:13,26.4,85.2,1466.0,0.18,2.859,0.001,0.001,System Idle Process cpu=1200.9% mem=0.0% (pid=0); OneDrive.exe cpu=159.5% mem=3.3% (pid=20416); explorer.exe cpu=66.4% mem=1.7% (pid=12236)
1760416517.4848826,2025-10-13T23:35:17,28.1,85.2,1711.0,0.73,2.593,0.001,0.001,System Idle Process cpu=1166.5% mem=0.0% (pid=0); OneDrive.exe cpu=161.1% mem=3.3% (pid=20416); explorer.exe cpu=75.1% mem=1.7% (pid=12236)
1760416521.753284,2025-10-13T23:35:21,26.1,85.3,1466.0,1.174,3.08,0.005,0.01,System Idle Process cpu=1195.5% mem=0.0% (pid=0); OneDrive.exe cpu=160.1% mem=3.3% (pid=20416); explorer.exe cpu=68.4% mem=1.7% (pid=12236)
1760416526.2985554,2025-10-13T23:35:26,30.0,85.4,1466.0,0.016,2.277,0.001,0.002,System Idle Process cpu=1137.5% mem=0.0% (pid=0); OneDrive.exe cpu=155.8% mem=3.3% (pid=20416); explorer.exe cpu=72.7% mem=1.7% (pid=12236)
1760416530.6992433,2025-10-13T23:35:30,27.2,85.3,1711.0,0.279,3.822,0.005,0.006,System Idle Process cpu=1177.5% mem=0.0% (pid=0); OneDrive.exe cpu=167.1% mem=3.3% (pid=20416); python.exe cpu=69.9% mem=0.2% (pid=29004)
1760416534.8103826,2025-10-13T23:35:34,31.0,85.2,1466.0,0.274,2.748,0.001,0.002,System Idle Process cpu=1124.6% mem=0.0% (pid=0); OneDrive.exe cpu=166.5% mem=3.3% (pid=20416); explorer.exe cpu=65.6% mem=1.6% (pid=12236)
1760416539.0560126,2025-10-13T23:35:39,27.2,85.2,1466.0,0.147,3.154,0.009,0.011,System Idle Process cpu=1176.2% mem=0.0% (pid=0); OneDrive.exe cpu=164.8% mem=3.3% (pid=20416); python.exe cpu=67.3% mem=0.2% (pid=29004)
1760416543.3575113,2025-10-13T23:35:43,27.1,85.3,1711.0,0.115,2.9,0.006,0.009,System Idle Process cpu=1184.8% mem=0.0% (pid=0); OneDrive.exe cpu=148.1% mem=3.3% (pid=20416); python.exe cpu=67.3% mem=0.2% (pid=29004)
1760416547.6736088,2025-10-13T23:35:47,27.1,85.3,1711.0,2.384,2.879,0.004,0.05,System Idle Process cpu=1184.2% mem=0.0% (pid=0); OneDrive.exe cpu=156.4% mem=3.3% (pid=20416); python.exe cpu=69.4% mem=0.2% (pid=29004)
1760416551.9321868,2025-10-13T23:35:51,26.1,85.3,1711.0,0.102,2.92,0.004,0.049,System Idle Process cpu=1196.1% mem=0.0% (pid=0); OneDrive.exe cpu=173.6% mem=3.3% (pid=20416); explorer.exe cpu=69.2% mem=1.6% (pid=12236)
1760416556.282849,2025-10-13T23:35:56,26.1,85.3,1711.0,0.02,2.748,0.001,0.001,System Idle Process cpu=1200.1% mem=0.0% (pid=0); OneDrive.exe cpu=182.7% mem=3.3% (pid=20416); python.exe cpu=68.8% mem=0.2% (pid=29004)
1760416559.987831,2025-10-13T23:35:59,22.5,85.3,1711.0,0.016,0.803,0.001,0.001,System Idle Process cpu=1239.3% mem=0.0% (pid=0); OneDrive.exe cpu=191.7% mem=3.3% (pid=20416); python.exe cpu=70.6% mem=0.2% (pid=29004)
1760416563.7971487,2025-10-13T23:36:03,24.5,85.4,1711.0,0.095,0.569,0.015,0.013,System Idle Process cpu=1217.6% mem=0.0% (pid=0); OneDrive.exe cpu=193.7% mem=3.3% (pid=20416); python.exe cpu=69.1% mem=0.2% (pid=29004)
1760416567.6178467,2025-10-13T23:36:07,22.9,85.4,1466.0,0.0,0.594,0.001,0.005,System Idle Process cpu=1242.5% mem=0.0% (pid=0); OneDrive.exe cpu=192.4% mem=3.3% (pid=20416); python.exe cpu=69.3% mem=0.2% (pid=29004)
1760416571.3980253,2025-10-13T23:36:11,23.2,85.4,1711.0,0.061,0.717,0.008,0.009,System Idle Process cpu=1232.6% mem=0.0% (pid=0); OneDrive.exe cpu=193.3% mem=3.3% (pid=20416); python.exe cpu=71.4% mem=0.2% (pid=29004)
1760416575.2048347,2025-10-13T23:36:15,28.2,85.4,1711.0,0.053,0.647,0.001,0.001,System Idle Process cpu=1154.6% mem=0.0% (pid=0); OneDrive.exe cpu=191.0% mem=3.3% (pid=20416); python.exe cpu=69.8% mem=0.2% (pid=29004)
1760416578.9650135,2025-10-13T23:36:18,22.4,85.4,1711.0,0.0,0.225,0.001,0.001,System Idle Process cpu=1244.5% mem=0.0% (pid=0); OneDrive.exe cpu=194.1% mem=3.3% (pid=20416); python.exe cpu=71.2% mem=0.2% (pid=29004)
1760416582.7596672,2025-10-13T23:36:22,27.7,85.3,1711.0,0.0,0.365,0.009,0.01,System Idle Process cpu=1168.3% mem=0.0% (pid=0); OneDrive.exe cpu=195.1% mem=3.3% (pid=20416); python.exe cpu=72.0% mem=0.2% (pid=29004)
1760416586.5122373,2025-10-13T23:36:26,22.1,85.2,1711.0,0.016,0.516,0.001,0.001,System Idle Process cpu=1247.9% mem=0.0% (pid=0); OneDrive.exe cpu=192.5% mem=3.3% (pid=20416); python.exe cpu=70.6% mem=0.2% (pid=29004)
1760416590.2819464,2025-10-13T23:36:30,24.1,85.2,1711.0,0.057,0.401,0.006,0.009,System Idle Process cpu=1226.1% mem=0.0% (pid=0); OneDrive.exe cpu=195.4% mem=3.3% (pid=20416); python.exe cpu=68.3% mem=0.2% (pid=29004)
1760416594.049213,2025-10-13T23:36:34,22.9,85.2,1711.0,0.016,0.639,0.009,0.013,System Idle Process cpu=1239.8% mem=0.0% (pid=0); OneDrive.exe cpu=191.0% mem=3.3% (pid=20416); python.exe cpu=69.0% mem=0.2% (pid=29004)
1760416597.7874932,2025-10-13T23:36:37,23.2,85.2,1711.0,0.041,0.799,0.001,0.005,System Idle Process cpu=1246.2% mem=0.0% (pid=0); OneDrive.exe cpu=190.3% mem=3.3% (pid=20416); python.exe cpu=70.1% mem=0.2% (pid=29004)
1760416601.4623172,2025-10-13T23:36:41,23.2,85.2,1711.0,0.0,0.504,0.0,0.0,System Idle Process cpu=1238.7% mem=0.0% (pid=0); OneDrive.exe cpu=193.4% mem=3.3% (pid=20416); python.exe cpu=69.6% mem=0.2% (pid=29004)
1760416605.211932,2025-10-13T23:36:45,22.8,85.2,1711.0,0.77,0.426,0.002,0.003,System Idle Process cpu=1235.2% mem=0.0% (pid=0); OneDrive.exe cpu=193.7% mem=3.3% (pid=20416); python.exe cpu=70.3% mem=0.2% (pid=29004)
1760416608.9206214,2025-10-13T23:36:48,22.5,85.2,1711.0,1.482,0.201,0.002,0.002,System Idle Process cpu=1252.8% mem=0.0% (pid=0); OneDrive.exe cpu=185.5% mem=3.3% (pid=20416); python.exe cpu=69.8% mem=0.2% (pid=29004)
1760416612.6633017,2025-10-13T23:36:52,22.9,85.1,1711.0,0.0,0.397,0.002,0.002,System Idle Process cpu=1240.9% mem=0.0% (pid=0); OneDrive.exe cpu=194.2% mem=3.3% (pid=20416); python.exe cpu=70.1% mem=0.2% (pid=29004)
1760416616.4107258,2025-10-13T23:36:56,22.7,85.1,1711.0,0.307,0.446,0.0,0.001,System Idle Process cpu=1245.3% mem=0.0% (pid=0); OneDrive.exe cpu=192.4% mem=3.3% (pid=20416); python.exe cpu=71.7% mem=0.2% (pid=29004)
1760416620.201147,2025-10-13T23:37:00,23.5,85.1,1711.0,0.066,0.07,0.0,0.0,System Idle Process cpu=1232.6% mem=0.0% (pid=0); OneDrive.exe cpu=192.7% mem=3.3% (pid=20416); python.exe cpu=70.2% mem=0.2% (pid=29004)
1760416624.0116353,2025-10-13T23:37:04,25.0,85.1,1711.0,0.004,0.537,0.018,0.014,System Idle Process cpu=1211.4% mem=0.0% (pid=0); OneDrive.exe cpu=193.8% mem=3.3% (pid=20416); python.exe cpu=73.1% mem=0.2% (pid=29004)
1760416628.0433419,2025-10-13T23:37:08,31.7,86.1,1711.0,7.77,17.375,0.006,0.012,System Idle Process cpu=1104.0% mem=0.0% (pid=0); OneDrive.exe cpu=195.0% mem=3.2% (pid=20416); python.exe cpu=70.9% mem=0.2% (pid=29004)
1760416631.9476616,2025-10-13T23:37:11,27.9,85.5,1711.0,1.232,3.977,0.001,0.001,System Idle Process cpu=1156.8% mem=0.0% (pid=0); OneDrive.exe cpu=195.7% mem=3.1% (pid=20416); python.exe cpu=71.0% mem=0.2% (pid=29004)
1760416635.7575,2025-10-13T23:37:15,23.0,85.3,1711.0,0.0,0.639,0.001,0.001,System Idle Process cpu=1243.9% mem=0.0% (pid=0); OneDrive.exe cpu=190.5% mem=3.2% (pid=20416); python.exe cpu=68.9% mem=0.2% (pid=29004)
1760416639.6557875,2025-10-13T23:37:19,24.3,85.3,1711.0,1.471,1.454,0.001,0.001,System Idle Process cpu=1223.2% mem=0.0% (pid=0); OneDrive.exe cpu=190.2% mem=3.2% (pid=20416); python.exe cpu=69.7% mem=0.2% (pid=29004)
1760416643.3806286,2025-10-13T23:37:23,23.7,85.3,1711.0,0.127,0.229,0.002,0.008,System Idle Process cpu=1227.4% mem=0.0% (pid=0); OneDrive.exe cpu=181.6% mem=3.2% (pid=20416); python.exe cpu=70.0% mem=0.2% (pid=29004)
1760416647.3759587,2025-10-13T23:37:27,24.8,85.3,1711.0,0.385,0.565,0.018,0.082,System Idle Process cpu=1215.8% mem=0.0% (pid=0); OneDrive.exe cpu=189.6% mem=3.2% (pid=20416); python.exe cpu=71.1% mem=0.2% (pid=29004)
1760416651.332014,2025-10-13T23:37:31,24.1,85.4,1711.0,0.332,0.52,0.001,0.002,System Idle Process cpu=1222.2% mem=0.0% (pid=0); OneDrive.exe cpu=194.7% mem=3.2% (pid=20416); python.exe cpu=73.8% mem=0.2% (pid=29004)
1760416655.3349376,2025-10-13T23:37:35,32.3,85.8,1711.0,6.234,1.008,0.013,0.038,System Idle Process cpu=1093.4% mem=0.0% (pid=0); OneDrive.exe cpu=186.6% mem=3.2% (pid=20416); python.exe cpu=69.7% mem=0.2% (pid=29004)
1760416659.4355965,2025-10-13T23:37:39,25.5,85.8,1711.0,0.422,1.536,0.006,0.011,System Idle Process cpu=1207.3% mem=0.0% (pid=0); OneDrive.exe cpu=194.5% mem=3.2% (pid=20416); python.exe cpu=71.3% mem=0.2% (pid=29004)
1760416663.314222,2025-10-13T23:37:43,23.4,85.5,1711.0,0.016,0.557,0.001,0.001,System Idle Process cpu=1233.1% mem=0.0% (pid=0); OneDrive.exe cpu=193.5% mem=3.2% (pid=20416); python.exe cpu=71.4% mem=0.2% (pid=29004)
1760416667.1306756,2025-10-13T23:37:47,23.1,85.5,1466.0,0.07,0.34,0.014,0.011,System Idle Process cpu=1222.9% mem=0.0% (pid=0); OneDrive.exe cpu=193.4% mem=3.2% (pid=20416); python.exe cpu=72.3% mem=0.2% (pid=29004)
1760416671.0297284,2025-10-13T23:37:51,32.9,86.0,1466.0,7.679,4.436,0.031,2.818,System Idle Process cpu=1087.7% mem=0.0% (pid=0); OneDrive.exe cpu=198.4% mem=3.2% (pid=20416); chrome.exe cpu=166.0% mem=1.7% (pid=26428)
1760416674.9751902,2025-10-13T23:37:54,39.2,86.1,1711.0,20.427,23.532,0.037,1.992,System Idle Process cpu=992.7% mem=0.0% (pid=0); OneDrive.exe cpu=190.3% mem=3.2% (pid=20416); python.exe cpu=69.9% mem=0.2% (pid=29004)
1760416678.6410186,2025-10-13T23:37:58,22.1,86.1,1711.0,0.016,0.897,0.001,0.001,System Idle Process cpu=1255.4% mem=0.0% (pid=0); OneDrive.exe cpu=191.2% mem=3.2% (pid=20416); python.exe cpu=70.8% mem=0.2% (pid=29004)
1760416682.5056572,2025-10-13T23:38:02,22.8,86.1,1711.0,0.061,0.578,0.001,0.001,System Idle Process cpu=1238.5% mem=0.0% (pid=0); OneDrive.exe cpu=191.4% mem=3.2% (pid=20416); python.exe cpu=69.7% mem=0.2% (pid=29004)
1760416686.3468857,2025-10-13T23:38:06,25.2,86.1,1711.0,0.0,0.987,0.014,0.017,System Idle Process cpu=1208.5% mem=0.0% (pid=0); OneDrive.exe cpu=189.8% mem=3.2% (pid=20416); python.exe cpu=71.6% mem=0.2% (pid=29004)
1760416690.2258468,2025-10-13T23:38:10,22.6,86.1,1711.0,0.0,0.602,0.001,0.002,System Idle Process cpu=1245.0% mem=0.0% (pid=0); OneDrive.exe cpu=192.9% mem=3.2% (pid=20416); python.exe cpu=71.0% mem=0.2% (pid=29004)
1760416694.0820162,2025-10-13T23:38:14,22.5,86.1,1711.0,0.07,1.245,0.001,0.001,System Idle Process cpu=1252.6% mem=0.0% (pid=0); OneDrive.exe cpu=192.7% mem=3.2% (pid=20416); python.exe cpu=70.5% mem=0.2% (pid=29004)
1760416698.0210025,2025-10-13T23:38:18,24.4,86.1,1711.0,0.012,0.557,0.005,0.007,System Idle Process cpu=1216.1% mem=0.0% (pid=0); OneDrive.exe cpu=192.3% mem=3.2% (pid=20416); python.exe cpu=71.1% mem=0.2% (pid=29004)
1760416701.9168894,2025-10-13T23:38:21,23.6,85.7,1711.0,0.209,1.434,0.001,0.001,System Idle Process cpu=1228.6% mem=0.0% (pid=0); OneDrive.exe cpu=195.5% mem=3.2% (pid=20416); python.exe cpu=71.2% mem=0.2% (pid=29004)
1760416705.8639772,2025-10-13T23:38:25,27.7,85.9,1711.0,0.553,0.672,0.002,0.002,System Idle Process cpu=1162.3% mem=0.0% (pid=0); OneDrive.exe cpu=194.1% mem=3.2% (pid=20416); python.exe cpu=70.5% mem=0.2% (pid=29004)
1760416709.7644007,2025-10-13T23:38:29,26.4,85.9,1711.0,0.098,0.516,0.005,0.006,System Idle Process cpu=1190.8% mem=0.0% (pid=0); OneDrive.exe cpu=190.0% mem=3.2% (pid=20416); python.exe cpu=70.8% mem=0.2% (pid=29004)
1760416713.720322,2025-10-13T23:38:33,24.3,85.9,1466.0,1.023,7.029,0.014,0.015,System Idle Process cpu=1219.6% mem=0.0% (pid=0); OneDrive.exe cpu=192.7% mem=3.2% (pid=20416); python.exe cpu=70.5% mem=0.2% (pid=29004)
1760416717.5310225,2025-10-13T23:38:37,22.9,85.9,1466.0,0.0,0.831,0.01,0.015,System Idle Process cpu=1239.2% mem=0.0% (pid=0); OneDrive.exe cpu=192.9% mem=3.2% (pid=20416); python.exe cpu=72.2% mem=0.2% (pid=29004)
1760416721.3887713,2025-10-13T23:38:41,22.7,85.9,1711.0,0.016,0.668,0.001,0.001,System Idle Process cpu=1246.7% mem=0.0% (pid=0); OneDrive.exe cpu=193.4% mem=3.2% (pid=20416); python.exe cpu=72.4% mem=0.2% (pid=29004)
1760416725.2685475,2025-10-13T23:38:45,22.8,85.7,1466.0,0.0,0.229,0.0,0.0,System Idle Process cpu=1239.8% mem=0.0% (pid=0); OneDrive.exe cpu=191.1% mem=3.2% (pid=20416); python.exe cpu=70.5% mem=0.2% (pid=29004)
1760416729.1487541,2025-10-13T23:38:49,22.9,85.7,1711.0,0.095,0.348,0.001,0.002,System Idle Process cpu=1241.1% mem=0.0% (pid=0); OneDrive.exe cpu=195.0% mem=3.2% (pid=20416); python.exe cpu=71.7% mem=0.2% (pid=29004)
1760416733.0249805,2025-10-13T23:38:53,22.9,85.7,1711.0,0.218,0.684,0.004,0.003,System Idle Process cpu=1237.9% mem=0.0% (pid=0); OneDrive.exe cpu=190.6% mem=3.2% (pid=20416); python.exe cpu=70.2% mem=0.2% (pid=29004)
1760416736.8777096,2025-10-13T23:38:56,23.9,85.1,1711.0,0.053,0.733,0.001,0.002,System Idle Process cpu=1232.4% mem=0.0% (pid=0); OneDrive.exe cpu=195.6% mem=3.2% (pid=20416); python.exe cpu=68.5% mem=0.2% (pid=29004)
1760416740.7275488,2025-10-13T23:39:00,21.9,85.1,1466.0,0.016,0.299,0.0,0.001,System Idle Process cpu=1251.2% mem=0.0% (pid=0); OneDrive.exe cpu=195.1% mem=3.2% (pid=20416); python.exe cpu=69.3% mem=0.2% (pid=29004)
1760416744.6337366,2025-10-13T23:39:04,26.7,85.0,1711.0,0.066,0.43,0.012,0.012,System Idle Process cpu=1184.1% mem=0.0% (pid=0); OneDrive.exe cpu=193.3% mem=3.2% (pid=20416); python.exe cpu=70.4% mem=0.2% (pid=29004)
1760416748.4118319,2025-10-13T23:39:08,23.7,85.1,1711.0,0.127,1.307,0.011,0.016,System Idle Process cpu=1226.8% mem=0.0% (pid=0); OneDrive.exe cpu=189.7% mem=3.2% (pid=20416); python.exe cpu=70.6% mem=0.2% (pid=29004)
1760416752.29806,2025-10-13T23:39:12,22.2,85.1,1711.0,0.016,1.487,0.001,0.002,System Idle Process cpu=1252.3% mem=0.0% (pid=0); OneDrive.exe cpu=191.3% mem=3.2% (pid=20416); python.exe cpu=70.3% mem=0.2% (pid=29004)
1760416756.1433983,2025-10-13T23:39:16,21.8,85.1,1466.0,0.0,0.463,0.012,0.007,System Idle Process cpu=1261.1% mem=0.0% (pid=0); OneDrive.exe cpu=195.5% mem=3.2% (pid=20416); python.exe cpu=67.9% mem=0.2% (pid=29004)
1760416760.0086358,2025-10-13T23:39:20,22.7,85.1,1466.0,0.0,0.528,0.001,0.001,System Idle Process cpu=1244.7% mem=0.0% (pid=0); OneDrive.exe cpu=192.5% mem=3.2% (pid=20416); python.exe cpu=70.2% mem=0.2% (pid=29004)
1760416763.90704,2025-10-13T23:39:23,21.8,85.1,1711.0,0.004,0.827,0.001,0.002,System Idle Process cpu=1254.4% mem=0.0% (pid=0); OneDrive.exe cpu=195.5% mem=3.2% (pid=20416); python.exe cpu=68.3% mem=0.2% (pid=29004)
1760416767.8161478,2025-10-13T23:39:27,22.3,85.1,1711.0,0.033,0.905,0.001,0.001,System Idle Process cpu=1250.8% mem=0.0% (pid=0); OneDrive.exe cpu=197.0% mem=3.2% (pid=20416); python.exe cpu=69.6% mem=0.2% (pid=29004)
1760416771.5884683,2025-10-13T23:39:31,24.3,85.0,1466.0,0.115,0.77,0.001,0.001,System Idle Process cpu=1219.0% mem=0.0% (pid=0); OneDrive.exe cpu=194.2% mem=3.2% (pid=20416); python.exe cpu=71.6% mem=0.2% (pid=29004)
1760416775.4181986,2025-10-13T23:39:35,22.8,85.1,1466.0,0.0,0.557,0.008,0.009,System Idle Process cpu=1239.4% mem=0.0% (pid=0); OneDrive.exe cpu=190.7% mem=3.2% (pid=20416); python.exe cpu=70.0% mem=0.2% (pid=29004)
1760416779.2083106,2025-10-13T23:39:39,22.2,85.1,1711.0,0.0,0.782,0.009,0.016,System Idle Process cpu=1242.6% mem=0.0% (pid=0); OneDrive.exe cpu=195.4% mem=3.2% (pid=20416); python.exe cpu=70.1% mem=0.2% (pid=29004)
1760416782.9903817,2025-10-13T23:39:42,22.0,85.1,1711.0,0.0,0.877,0.0,0.0,System Idle Process cpu=1265.9% mem=0.0% (pid=0); OneDrive.exe cpu=191.3% mem=3.2% (pid=20416); python.exe cpu=67.9% mem=0.2% (pid=29004)
1760416786.7731094,2025-10-13T23:39:46,22.6,85.0,1711.0,0.0,0.782,0.0,0.001,System Idle Process cpu=1241.3% mem=0.0% (pid=0); OneDrive.exe cpu=196.2% mem=3.2% (pid=20416); python.exe cpu=69.4% mem=0.2% (pid=29004)
1760416790.471822,2025-10-13T23:39:50,23.1,85.0,1711.0,0.004,0.688,0.002,0.002,System Idle Process cpu=1237.5% mem=0.0% (pid=0); OneDrive.exe cpu=193.2% mem=3.2% (pid=20416); python.exe cpu=71.3% mem=0.2% (pid=29004)
1760416794.3238802,2025-10-13T23:39:54,23.9,85.0,1466.0,0.025,0.745,0.001,0.002,System Idle Process cpu=1227.8% mem=0.0% (pid=0); OneDrive.exe cpu=192.7% mem=3.2% (pid=20416); python.exe cpu=69.1% mem=0.2% (pid=29004)
1760416798.0998905,2025-10-13T23:39:58,21.9,85.0,1711.0,0.002,0.877,0.001,0.001,System Idle Process cpu=1255.0% mem=0.0% (pid=0); OneDrive.exe cpu=194.3% mem=3.2% (pid=20416); python.exe cpu=69.0% mem=0.2% (pid=29004)
1760416801.8568969,2025-10-13T23:40:01,22.9,85.1,1711.0,0.016,0.705,0.001,0.001,System Idle Process cpu=1240.8% mem=0.0% (pid=0); OneDrive.exe cpu=197.4% mem=3.2% (pid=20416); python.exe cpu=69.3% mem=0.2% (pid=29004)
1760416805.5178869,2025-10-13T23:40:05,30.7,85.4,1466.0,38.314,1.356,0.02,0.014,System Idle Process cpu=1116.1% mem=0.0% (pid=0); OneDrive.exe cpu=192.4% mem=3.2% (pid=20416); python.exe cpu=68.7% mem=0.2% (pid=29004)
1760416809.9826922,2025-10-13T23:40:09,43.5,85.4,1711.0,24.166,3.617,0.024,0.046,System Idle Process cpu=918.8% mem=0.0% (pid=0); OneDrive.exe cpu=188.7% mem=3.2% (pid=20416); svchost.exe cpu=69.5% mem=0.2% (pid=5968)
1760416856.7249858,2025-10-13T23:40:56,7.9,88.4,1711.0,71.094,56.698,0.228,0.406,System Idle Process cpu=1478.8% mem=0.0% (pid=0); python.exe cpu=61.0% mem=0.2% (pid=29004); Spotify.exe cpu=40.7% mem=1.6% (pid=28280)
1760416859.3753347,2025-10-13T23:40:59,41.5,88.2,1711.0,78.465,26.071,0.21,0.727,System Idle Process cpu=950.1% mem=0.0% (pid=0); OneDrive.exe cpu=200.3% mem=3.2% (pid=20416); python.exe cpu=65.1% mem=0.2% (pid=29004)
1760416862.2753613,2025-10-13T23:41:02,35.0,87.9,1711.0,18.528,4.252,0.04,0.664,System Idle Process cpu=1042.5% mem=0.0% (pid=0); OneDrive.exe cpu=185.4% mem=3.2% (pid=20416); SDXHelper.exe cpu=71.9% mem=0.2% (pid=18100)
1760416867.4076679,2025-10-13T23:41:07,51.4,87.2,1711.0,40.463,8.664,0.034,0.078,System Idle Process cpu=793.9% mem=0.0% (pid=0); OneDrive.exe cpu=196.9% mem=3.2% (pid=20416); SDXHelper.exe cpu=83.7% mem=0.2% (pid=18100)
1760416871.4350584,2025-10-13T23:41:11,25.6,86.6,1711.0,1.839,10.121,0.009,0.016,System Idle Process cpu=1199.5% mem=0.0% (pid=0); System cpu=11.2% mem=0.0% (pid=4); OneDrive.exe cpu=6.7% mem=3.1% (pid=20416)
1760416948.7645707,2025-10-13T23:42:28,1.5,87.5,1711.0,6.854,22.788,0.024,0.027,System Idle Process cpu=1575.1% mem=0.0% (pid=0); OneDrive.exe cpu=171.5% mem=3.1% (pid=20416); python.exe cpu=55.2% mem=0.2% (pid=29004)
1760416952.1429486,2025-10-13T23:42:32,47.2,88.5,1711.0,86.456,41.214,0.24,0.301,System Idle Process cpu=883.6% mem=0.0% (pid=0); OneDrive.exe cpu=200.7% mem=3.1% (pid=20416); python.exe cpu=71.3% mem=0.2% (pid=29004)
1760416955.9276638,2025-10-13T23:42:35,28.4,88.3,1711.0,3.304,9.847,0.058,0.087,System Idle Process cpu=1165.0% mem=0.0% (pid=0); OneDrive.exe cpu=196.9% mem=3.1% (pid=20416); python.exe cpu=71.9% mem=0.2% (pid=29004)
1760416959.7999146,2025-10-13T23:42:39,23.8,87.8,1711.0,0.016,2.74,0.019,0.023,System Idle Process cpu=1224.8% mem=0.0% (pid=0); OneDrive.exe cpu=198.1% mem=3.1% (pid=20416); python.exe cpu=72.4% mem=0.2% (pid=29004)
1760416963.7485797,2025-10-13T23:42:43,27.0,87.7,1711.0,2.847,3.797,0.023,0.044,System Idle Process cpu=1177.3% mem=0.0% (pid=0); OneDrive.exe cpu=197.0% mem=3.1% (pid=20416); python.exe cpu=73.6% mem=0.2% (pid=29004)
1760416967.7170668,2025-10-13T23:42:47,27.9,87.8,1711.0,0.667,1.499,0.022,0.032,System Idle Process cpu=1149.2% mem=0.0% (pid=0); OneDrive.exe cpu=198.2% mem=3.1% (pid=20416); python.exe cpu=72.1% mem=0.2% (pid=29004)
1760416971.7046049,2025-10-13T23:42:51,26.8,87.2,1711.0,13.431,1.384,0.006,0.006,System Idle Process cpu=1195.1% mem=0.0% (pid=0); OneDrive.exe cpu=196.0% mem=3.1% (pid=20416); python.exe cpu=72.3% mem=0.2% (pid=29004)
1760416975.5902493,2025-10-13T23:42:55,22.5,87.1,1711.0,0.0,1.057,0.005,0.003,System Idle Process cpu=1243.3% mem=0.0% (pid=0); OneDrive.exe cpu=196.7% mem=3.1% (pid=20416); python.exe cpu=70.5% mem=0.2% (pid=29004)
1760416979.538666,2025-10-13T23:42:59,23.8,86.9,1711.0,0.506,2.48,0.003,0.003,System Idle Process cpu=1226.6% mem=0.0% (pid=0); OneDrive.exe cpu=197.4% mem=3.2% (pid=20416); python.exe cpu=71.8% mem=0.2% (pid=29004)
1760416983.455296,2025-10-13T23:43:03,22.8,86.8,1711.0,0.25,1.298,0.005,0.006,System Idle Process cpu=1240.2% mem=0.0% (pid=0); OneDrive.exe cpu=196.3% mem=3.2% (pid=20416); python.exe cpu=69.7% mem=0.2% (pid=29004)
1760416987.173875,2025-10-13T23:43:07,24.7,86.8,1711.0,0.0,1.114,0.007,0.012,System Idle Process cpu=1221.3% mem=0.0% (pid=0); OneDrive.exe cpu=198.1% mem=3.2% (pid=20416); python.exe cpu=70.6% mem=0.2% (pid=29004)
1760416990.7173312,2025-10-13T23:43:10,25.8,86.8,1711.0,0.082,1.102,0.002,0.002,System Idle Process cpu=1203.1% mem=0.0% (pid=0); OneDrive.exe cpu=199.7% mem=3.2% (pid=20416); python.exe cpu=68.2% mem=0.2% (pid=29004)
1760416994.2271285,2025-10-13T23:43:14,26.0,86.7,1711.0,0.147,0.877,0.003,0.003,System Idle Process cpu=1204.2% mem=0.0% (pid=0); OneDrive.exe cpu=191.3% mem=3.2% (pid=20416); python.exe cpu=69.6% mem=0.2% (pid=29004)
1760416997.703218,2025-10-13T23:43:17,23.3,86.7,1711.0,0.246,11.403,0.005,0.01,System Idle Process cpu=1241.7% mem=0.0% (pid=0); OneDrive.exe cpu=108.8% mem=3.2% (pid=20416); python.exe cpu=68.5% mem=0.2% (pid=29004)
1760417001.3897007,2025-10-13T23:43:21,15.7,86.6,1711.0,0.0,0.369,0.0,0.001,System Idle Process cpu=1370.8% mem=0.0% (pid=0); OneDrive.exe cpu=94.6% mem=3.2% (pid=20416); python.exe cpu=70.7% mem=0.2% (pid=29004)
1760417005.1330426,2025-10-13T23:43:25,15.2,86.7,1711.0,0.532,0.369,0.001,0.002,System Idle Process cpu=1355.4% mem=0.0% (pid=0); OneDrive.exe cpu=99.9% mem=3.2% (pid=20416); python.exe cpu=70.4% mem=0.2% (pid=29004)
1760417008.8199203,2025-10-13T23:43:28,22.2,87.3,1711.0,24.025,0.934,0.005,0.006,System Idle Process cpu=1258.8% mem=0.0% (pid=0); OneDrive.exe cpu=98.8% mem=3.2% (pid=20416); python.exe cpu=71.1% mem=0.2% (pid=29004)
1760417012.381106,2025-10-13T23:43:32,33.7,87.5,1711.0,173.011,1.051,0.016,0.019,System Idle Process cpu=1069.0% mem=0.0% (pid=0); OneDrive.exe cpu=98.5% mem=3.2% (pid=20416); python.exe cpu=67.0% mem=0.2% (pid=29004)
1760417015.5278885,2025-10-13T23:43:35,26.2,87.4,1711.0,987.219,2.687,0.018,0.12,System Idle Process cpu=1203.3% mem=0.0% (pid=0); OneDrive.exe cpu=97.3% mem=3.2% (pid=20416); RuntimeBroker.exe cpu=71.2% mem=0.3% (pid=14040)
1760417018.6084123,2025-10-13T23:43:38,20.3,87.1,1711.0,316.425,1.597,0.0,0.005,System Idle Process cpu=1282.8% mem=0.0% (pid=0); OneDrive.exe cpu=99.1% mem=3.2% (pid=20416); python.exe cpu=68.1% mem=0.2% (pid=29004)
1760417022.1247008,2025-10-13T23:43:42,17.4,87.1,1711.0,0.033,1.278,0.0,0.0,System Idle Process cpu=1341.0% mem=0.0% (pid=0); OneDrive.exe cpu=94.0% mem=3.2% (pid=20416); python.exe cpu=68.1% mem=0.2% (pid=29004)
1760417025.5874836,2025-10-13T23:43:45,18.8,87.2,1711.0,0.0,0.43,0.001,0.001,System Idle Process cpu=1315.0% mem=0.0% (pid=0); OneDrive.exe cpu=97.9% mem=3.2% (pid=20416); python.exe cpu=69.6% mem=0.2% (pid=29004)
1760417029.2399755,2025-10-13T23:43:49,21.5,87.4,1466.0,6.354,0.918,0.007,0.008,System Idle Process cpu=1276.0% mem=0.0% (pid=0); OneDrive.exe cpu=93.5% mem=3.2% (pid=20416); python.exe cpu=71.0% mem=0.2% (pid=29004)
1760417032.9012883,2025-10-13T23:43:52,17.2,87.4,1711.0,0.131,0.59,0.003,0.003,System Idle Process cpu=1337.5% mem=0.0% (pid=0); OneDrive.exe cpu=96.5% mem=3.2% (pid=20416); python.exe cpu=70.2% mem=0.2% (pid=29004)
1760417036.5637941,2025-10-13T23:43:56,18.5,87.4,1711.0,0.205,1.171,0.001,0.002,System Idle Process cpu=1315.0% mem=0.0% (pid=0); OneDrive.exe cpu=96.2% mem=3.2% (pid=20416); python.exe cpu=69.7% mem=0.2% (pid=29004)
1760417040.1574357,2025-10-13T23:44:00,19.3,87.1,1711.0,3.92,1.372,0.013,0.015,System Idle Process cpu=1307.4% mem=0.0% (pid=0); OneDrive.exe cpu=96.7% mem=3.2% (pid=20416); python.exe cpu=69.7% mem=0.2% (pid=29004)
1760417043.8381307,2025-10-13T23:44:03,16.6,87.1,1711.0,0.074,0.795,0.015,0.012,System Idle Process cpu=1351.1% mem=0.0% (pid=0); OneDrive.exe cpu=96.8% mem=3.2% (pid=20416); python.exe cpu=67.5% mem=0.2% (pid=29004)
1760417047.6101527,2025-10-13T23:44:07,17.5,86.9,1711.0,0.0,0.573,0.002,0.011,System Idle Process cpu=1325.1% mem=0.0% (pid=0); OneDrive.exe cpu=145.3% mem=3.2% (pid=20416); python.exe cpu=71.5% mem=0.2% (pid=29004)
1760417051.3213804,2025-10-13T23:44:11,24.5,87.0,1711.0,0.643,0.713,0.0,0.0,System Idle Process cpu=1221.8% mem=0.0% (pid=0); OneDrive.exe cpu=191.7% mem=3.2% (pid=20416); python.exe cpu=70.8% mem=0.2% (pid=29004)
1760417054.9627438,2025-10-13T23:44:14,26.4,86.7,1711.0,0.563,1.401,0.002,0.003,System Idle Process cpu=1193.6% mem=0.0% (pid=0); OneDrive.exe cpu=188.6% mem=3.2% (pid=20416); python.exe cpu=67.9% mem=0.2% (pid=29004)
1760417058.5071378,2025-10-13T23:44:18,21.1,86.7,1711.0,0.141,0.795,0.001,0.0,System Idle Process cpu=1273.3% mem=0.0% (pid=0); OneDrive.exe cpu=183.6% mem=3.2% (pid=20416); python.exe cpu=68.4% mem=0.2% (pid=29004)
1760417061.9845188,2025-10-13T23:44:21,28.8,87.5,1711.0,3.855,1.044,0.004,0.002,System Idle Process cpu=1130.1% mem=0.0% (pid=0); OneDrive.exe cpu=161.2% mem=3.2% (pid=20416); msedgewebview2.exe cpu=118.7% mem=1.9% (pid=14788)
1760417065.888792,2025-10-13T23:44:25,29.1,87.7,1711.0,2.587,1.319,0.0,0.0,System Idle Process cpu=1169.4% mem=0.0% (pid=0); OneDrive.exe cpu=188.9% mem=3.2% (pid=20416); python.exe cpu=67.5% mem=0.2% (pid=29004)
1760417069.237675,2025-10-13T23:44:29,30.1,86.2,1711.0,2.192,17.474,0.008,0.008,System Idle Process cpu=1127.3% mem=0.0% (pid=0); OneDrive.exe cpu=192.6% mem=3.2% (pid=20416); MemCompression cpu=102.1% mem=9.2% (pid=4024)
1760417072.5956163,2025-10-13T23:44:32,28.4,85.9,1711.0,0.721,1.786,0.009,0.008,System Idle Process cpu=1162.9% mem=0.0% (pid=0); OneDrive.exe cpu=190.6% mem=3.2% (pid=20416); python.exe cpu=69.5% mem=0.2% (pid=29004)
1760417076.0776823,2025-10-13T23:44:36,24.6,85.9,1711.0,0.348,1.614,0.008,0.012,System Idle Process cpu=1219.9% mem=0.0% (pid=0); OneDrive.exe cpu=190.0% mem=3.2% (pid=20416); python.exe cpu=69.4% mem=0.2% (pid=29004)
1760417079.5174198,2025-10-13T23:44:39,25.6,85.8,1711.0,0.016,3.121,0.0,0.001,System Idle Process cpu=1208.0% mem=0.0% (pid=0); OneDrive.exe cpu=171.4% mem=2.9% (pid=20416); python.exe cpu=68.7% mem=0.2% (pid=29004)
1760417083.0016234,2025-10-13T23:44:43,22.6,85.8,1711.0,0.126,2.38,0.001,0.002,System Idle Process cpu=1250.1% mem=0.0% (pid=0); OneDrive.exe cpu=185.2% mem=2.9% (pid=20416); python.exe cpu=69.5% mem=0.2% (pid=29004)
1760417086.5014427,2025-10-13T23:44:46,25.1,85.7,1711.0,0.152,2.154,0.003,0.001,System Idle Process cpu=1216.7% mem=0.0% (pid=0); OneDrive.exe cpu=182.8% mem=2.9% (pid=20416); python.exe cpu=68.0% mem=0.2% (pid=29004)
1760417089.912999,2025-10-13T23:44:49,24.0,85.6,1711.0,0.058,1.004,0.007,0.007,System Idle Process cpu=1230.4% mem=0.0% (pid=0); OneDrive.exe cpu=186.3% mem=2.9% (pid=20416); python.exe cpu=66.4% mem=0.2% (pid=29004)
1760417093.3230934,2025-10-13T23:44:53,25.2,85.6,1711.0,0.08,1.27,0.002,0.003,System Idle Process cpu=1220.2% mem=0.0% (pid=0); OneDrive.exe cpu=188.6% mem=2.9% (pid=20416); python.exe cpu=68.4% mem=0.2% (pid=29004)
1760417096.8460753,2025-10-13T23:44:56,25.7,85.6,1711.0,0.073,0.905,0.003,0.002,System Idle Process cpu=1206.9% mem=0.0% (pid=0); OneDrive.exe cpu=180.9% mem=2.9% (pid=20416); python.exe cpu=68.5% mem=0.2% (pid=29004)
1760417100.4009795,2025-10-13T23:45:00,27.7,85.2,1711.0,0.03,1.528,0.001,0.001,System Idle Process cpu=1177.9% mem=0.0% (pid=0); OneDrive.exe cpu=184.3% mem=2.9% (pid=20416); python.exe cpu=69.5% mem=0.2% (pid=29004)
1760417103.8667397,2025-10-13T23:45:03,24.4,85.5,1711.0,0.049,1.511,0.014,0.011,System Idle Process cpu=1218.5% mem=0.0% (pid=0); OneDrive.exe cpu=183.2% mem=2.9% (pid=20416); python.exe cpu=71.5% mem=0.2% (pid=29004)
1760417107.4739835,2025-10-13T23:45:07,23.5,85.5,1711.0,0.067,1.507,0.004,0.01,System Idle Process cpu=1239.9% mem=0.0% (pid=0); OneDrive.exe cpu=178.0% mem=2.9% (pid=20416); python.exe cpu=68.6% mem=0.2% (pid=29004)
1760417110.9555876,2025-10-13T23:45:10,24.6,85.5,1711.0,0.231,1.663,0.004,0.002,System Idle Process cpu=1226.8% mem=0.0% (pid=0); OneDrive.exe cpu=183.5% mem=2.9% (pid=20416); python.exe cpu=71.1% mem=0.2% (pid=29004)
1760417114.5785828,2025-10-13T23:45:14,24.0,85.5,1711.0,0.075,0.729,0.003,0.004,System Idle Process cpu=1223.3% mem=0.0% (pid=0); OneDrive.exe cpu=186.7% mem=2.9% (pid=20416); python.exe cpu=68.4% mem=0.2% (pid=29004)
1760417118.178929,2025-10-13T23:45:18,27.4,84.6,1711.0,0.015,1.27,0.002,0.002,
1760417119.214372,2025-10-13T23:45:19,21.1,84.7,1711.0,5.262,0.434,0.0,0.0,
1760417120.2496846,2025-10-13T23:45:20,17.5,84.6,1711.0,0.108,0.442,0.0,0.0,
1760417121.275419,2025-10-13T23:45:21,32.3,85.9,1711.0,4.415,0.045,0.0,0.0,System Idle Process cpu=1201.9% mem=0.0% (pid=0); OneDrive.exe cpu=182.8% mem=2.9% (pid=20416); Code.exe cpu=39.5% mem=3.7% (pid=8648)
1760417124.525691,2025-10-13T23:45:24,29.8,86.7,1711.0,6.712,7.934,0.022,0.008,System Idle Process cpu=1131.6% mem=0.0% (pid=0); OneDrive.exe cpu=180.8% mem=2.9% (pid=20416); python.exe cpu=71.1% mem=0.2% (pid=29004)
1760417128.1219606,2025-10-13T23:45:28,21.9,86.6,1711.0,0.029,1.475,0.001,0.001,System Idle Process cpu=1255.1% mem=0.0% (pid=0); OneDrive.exe cpu=180.3% mem=2.9% (pid=20416); python.exe cpu=69.6% mem=0.2% (pid=29004)
1760417131.8922236,2025-10-13T23:45:31,25.4,86.5,1466.0,4.329,1.794,0.001,0.001,System Idle Process cpu=1207.8% mem=0.0% (pid=0); OneDrive.exe cpu=181.0% mem=2.9% (pid=20416); python.exe cpu=71.8% mem=0.2% (pid=29004)
1760417135.6337733,2025-10-13T23:45:35,26.8,86.0,1466.0,0.572,1.754,0.007,0.01,System Idle Process cpu=1184.0% mem=0.0% (pid=0); OneDrive.exe cpu=183.1% mem=2.9% (pid=20416); python.exe cpu=68.3% mem=0.2% (pid=29004)
1760417139.157991,2025-10-13T23:45:39,28.6,86.0,1711.0,0.1,0.807,0.001,0.005,System Idle Process cpu=1160.4% mem=0.0% (pid=0); OneDrive.exe cpu=184.6% mem=2.9% (pid=20416); python.exe cpu=68.8% mem=0.2% (pid=29004)
1760417142.6331205,2025-10-13T23:45:42,30.7,86.6,1711.0,0.69,11.706,0.024,0.018,System Idle Process cpu=1130.1% mem=0.0% (pid=0); OneDrive.exe cpu=188.4% mem=2.9% (pid=20416); python.exe cpu=70.4% mem=0.2% (pid=29004)
1760417146.3182316,2025-10-13T23:45:46,36.4,86.9,1711.0,2.491,14.742,0.068,0.032,System Idle Process cpu=1035.9% mem=0.0% (pid=0); OneDrive.exe cpu=178.0% mem=3.0% (pid=20416); python.exe cpu=69.3% mem=0.2% (pid=29004)
1760417149.8158717,2025-10-13T23:45:49,26.1,87.0,1711.0,2.843,2.875,0.001,0.001,System Idle Process cpu=1199.8% mem=0.0% (pid=0); OneDrive.exe cpu=180.8% mem=3.0% (pid=20416); python.exe cpu=59.8% mem=0.2% (pid=29004)
1760417152.5985901,2025-10-13T23:45:52,34.4,87.3,1711.0,2.332,6.693,0.002,0.003,System Idle Process cpu=1073.1% mem=0.0% (pid=0); OneDrive.exe cpu=190.5% mem=3.0% (pid=20416); python.exe cpu=65.7% mem=0.2% (pid=29004)
1760417155.911206,2025-10-13T23:45:55,27.5,87.4,1711.0,7.543,10.67,0.025,0.009,System Idle Process cpu=1171.8% mem=0.0% (pid=0); OneDrive.exe cpu=182.7% mem=3.0% (pid=20416); python.exe cpu=60.7% mem=0.2% (pid=29004)
1760417158.689947,2025-10-13T23:45:58,27.3,87.5,1711.0,0.283,8.749,0.014,0.009,System Idle Process cpu=1188.5% mem=0.0% (pid=0); OneDrive.exe cpu=186.0% mem=3.0% (pid=20416); explorer.exe cpu=68.8% mem=1.7% (pid=12236)
1760417161.422128,2025-10-13T23:46:01,31.8,87.5,1711.0,6.231,7.352,0.005,0.002,System Idle Process cpu=1106.5% mem=0.0% (pid=0); OneDrive.exe cpu=194.6% mem=3.0% (pid=20416); python.exe cpu=65.6% mem=0.2% (pid=29004)
1760417164.545383,2025-10-13T23:46:04,25.1,87.6,1711.0,0.029,3.387,0.006,0.005,System Idle Process cpu=1215.3% mem=0.0% (pid=0); OneDrive.exe cpu=194.8% mem=3.0% (pid=20416); python.exe cpu=68.5% mem=0.2% (pid=29004)
1760417167.9337754,2025-10-13T23:46:07,27.7,86.9,1466.0,0.146,1.548,0.037,0.009,System Idle Process cpu=1171.3% mem=0.0% (pid=0); OneDrive.exe cpu=195.8% mem=3.0% (pid=20416); python.exe cpu=69.0% mem=0.2% (pid=29004)
1760417171.4202983,2025-10-13T23:46:11,26.6,86.6,1711.0,0.057,0.643,0.064,0.01,System Idle Process cpu=1201.5% mem=0.0% (pid=0); OneDrive.exe cpu=194.1% mem=3.0% (pid=20416); python.exe cpu=70.0% mem=0.2% (pid=29004)
1760417175.0756226,2025-10-13T23:46:15,28.8,86.6,1711.0,0.464,0.549,0.008,0.007,System Idle Process cpu=1154.6% mem=0.0% (pid=0); OneDrive.exe cpu=193.2% mem=3.0% (pid=20416); python.exe cpu=68.4% mem=0.2% (pid=29004)
1760417178.477548,2025-10-13T23:46:18,24.2,86.6,1711.0,0.0,0.7,0.007,0.006,System Idle Process cpu=1220.4% mem=0.0% (pid=0); OneDrive.exe cpu=192.5% mem=3.0% (pid=20416); python.exe cpu=69.2% mem=0.2% (pid=29004)
1760417181.8970234,2025-10-13T23:46:21,23.5,86.5,1711.0,0.877,1.622,0.003,0.002,System Idle Process cpu=1242.5% mem=0.0% (pid=0); OneDrive.exe cpu=190.3% mem=3.0% (pid=20416); python.exe cpu=67.7% mem=0.2% (pid=29004)
1760417185.2366216,2025-10-13T23:46:25,33.8,87.1,1711.0,1.622,1.098,0.023,0.01,System Idle Process cpu=1064.0% mem=0.0% (pid=0); OneDrive.exe cpu=197.1% mem=3.0% (pid=20416); python.exe cpu=69.9% mem=0.2% (pid=29004)
1760417188.6990707,2025-10-13T23:46:28,30.9,87.6,1711.0,2.474,1.376,0.011,0.004,System Idle Process cpu=1116.1% mem=0.0% (pid=0); OneDrive.exe cpu=195.5% mem=3.0% (pid=20416); python.exe cpu=70.7% mem=0.2% (pid=29004)
1760417192.2977667,2025-10-13T23:46:32,29.8,87.6,1711.0,0.493,0.831,0.023,0.029,System Idle Process cpu=1140.4% mem=0.0% (pid=0); OneDrive.exe cpu=197.1% mem=3.0% (pid=20416); python.exe cpu=69.0% mem=0.2% (pid=29004)
1760417195.7496567,2025-10-13T23:46:35,31.3,87.5,1711.0,0.131,1.417,0.013,0.012,System Idle Process cpu=1113.7% mem=0.0% (pid=0); OneDrive.exe cpu=195.7% mem=3.0% (pid=20416); python.exe cpu=69.4% mem=0.2% (pid=29004)
1760417199.2677197,2025-10-13T23:46:39,24.4,87.4,1711.0,2.319,0.614,0.025,0.016,System Idle Process cpu=1222.0% mem=0.0% (pid=0); OneDrive.exe cpu=190.8% mem=3.0% (pid=20416); python.exe cpu=67.9% mem=0.2% (pid=29004)
1760417202.6375625,2025-10-13T23:46:42,23.8,87.3,1711.0,0.066,0.659,0.003,0.002,System Idle Process cpu=1231.2% mem=0.0% (pid=0); OneDrive.exe cpu=194.0% mem=3.0% (pid=20416); python.exe cpu=69.0% mem=0.2% (pid=29004)
1760417206.126749,2025-10-13T23:46:46,25.9,87.4,1711.0,0.539,1.532,0.012,0.055,System Idle Process cpu=1192.7% mem=0.0% (pid=0); OneDrive.exe cpu=194.5% mem=3.0% (pid=20416); python.exe cpu=69.2% mem=0.2% (pid=29004)
1760417209.6468763,2025-10-13T23:46:49,21.5,87.2,1711.0,0.197,1.122,0.009,0.007,System Idle Process cpu=1267.2% mem=0.0% (pid=0); OneDrive.exe cpu=195.3% mem=3.0% (pid=20416); python.exe cpu=67.7% mem=0.2% (pid=29004)
1760417213.06479,2025-10-13T23:46:53,20.7,87.1,1711.0,0.0,0.627,0.004,0.006,System Idle Process cpu=1274.2% mem=0.0% (pid=0); OneDrive.exe cpu=191.9% mem=3.0% (pid=20416); python.exe cpu=71.1% mem=0.2% (pid=29004)
1760417216.609917,2025-10-13T23:46:56,24.3,86.9,1711.0,0.023,0.571,0.002,0.002,System Idle Process cpu=1214.2% mem=0.0% (pid=0); OneDrive.exe cpu=198.4% mem=3.0% (pid=20416); python.exe cpu=69.9% mem=0.2% (pid=29004)
1760417220.0845625,2025-10-13T23:47:00,22.1,86.9,1711.0,0.041,1.274,0.009,0.008,System Idle Process cpu=1254.2% mem=0.0% (pid=0); OneDrive.exe cpu=193.2% mem=3.0% (pid=20416); python.exe cpu=68.1% mem=0.2% (pid=29004)
1760417223.4760137,2025-10-13T23:47:03,22.3,86.7,1711.0,0.041,0.688,0.009,0.007,System Idle Process cpu=1247.7% mem=0.0% (pid=0); OneDrive.exe cpu=191.2% mem=3.0% (pid=20416); python.exe cpu=68.5% mem=0.2% (pid=29004)
1760417227.0176337,2025-10-13T23:47:07,21.0,86.7,1711.0,0.033,1.348,0.0,0.005,System Idle Process cpu=1269.2% mem=0.0% (pid=0); OneDrive.exe cpu=192.5% mem=3.0% (pid=20416); python.exe cpu=67.7% mem=0.2% (pid=29004)
1760417230.4944592,2025-10-13T23:47:10,20.5,86.7,1711.0,0.0,0.606,0.002,0.002,System Idle Process cpu=1269.1% mem=0.0% (pid=0); OneDrive.exe cpu=197.5% mem=3.0% (pid=20416); python.exe cpu=68.3% mem=0.2% (pid=29004)
1760417233.8605874,2025-10-13T23:47:13,23.2,86.7,1711.0,0.737,1.552,0.001,0.001,System Idle Process cpu=1241.5% mem=0.0% (pid=0); OneDrive.exe cpu=195.5% mem=3.0% (pid=20416); python.exe cpu=69.2% mem=0.2% (pid=29004)
1760417237.3349516,2025-10-13T23:47:17,21.2,86.6,1711.0,0.033,0.729,0.006,0.007,System Idle Process cpu=1268.4% mem=0.0% (pid=0); OneDrive.exe cpu=192.1% mem=3.0% (pid=20416); python.exe cpu=68.6% mem=0.2% (pid=29004)
1760417240.775844,2025-10-13T23:47:20,20.7,86.7,1711.0,0.168,0.565,0.001,0.001,System Idle Process cpu=1267.6% mem=0.0% (pid=0); OneDrive.exe cpu=194.5% mem=3.0% (pid=20416); python.exe cpu=67.4% mem=0.2% (pid=29004)
1760417244.1746318,2025-10-13T23:47:24,22.4,87.0,1711.0,0.066,0.864,0.003,0.004,System Idle Process cpu=1247.3% mem=0.0% (pid=0); OneDrive.exe cpu=192.8% mem=3.0% (pid=20416); python.exe cpu=66.9% mem=0.2% (pid=29004)
1760417247.4713001,2025-10-13T23:47:27,30.9,87.4,1711.0,1.552,0.918,0.007,0.074,System Idle Process cpu=1123.9% mem=0.0% (pid=0); OneDrive.exe cpu=198.5% mem=3.0% (pid=20416); python.exe cpu=71.1% mem=0.2% (pid=29004)
1760417251.0300667,2025-10-13T23:47:31,32.9,87.9,1711.0,83.943,2.486,0.052,0.067,System Idle Process cpu=1079.2% mem=0.0% (pid=0); OneDrive.exe cpu=196.0% mem=3.0% (pid=20416); python.exe cpu=72.1% mem=0.2% (pid=29004)
1760417254.725751,2025-10-13T23:47:34,48.2,89.5,1711.0,254.865,1.823,0.06,0.095,System Idle Process cpu=831.7% mem=0.0% (pid=0); OneDrive.exe cpu=196.5% mem=3.0% (pid=20416); python.exe cpu=70.5% mem=0.2% (pid=29004)
1760417258.17562,2025-10-13T23:47:38,32.3,88.8,1711.0,95.985,11.637,0.056,0.046,System Idle Process cpu=1102.3% mem=0.0% (pid=0); OneDrive.exe cpu=192.7% mem=3.0% (pid=20416); python.exe cpu=67.4% mem=0.2% (pid=29004)
1760417261.5838215,2025-10-13T23:47:41,26.9,88.3,1711.0,0.549,0.692,0.029,0.031,System Idle Process cpu=1181.2% mem=0.0% (pid=0); OneDrive.exe cpu=196.7% mem=3.0% (pid=20416); chrome.exe cpu=68.8% mem=2.9% (pid=16776)
1760417264.8684003,2025-10-13T23:47:44,33.2,87.9,1711.0,0.25,1.356,0.004,0.009,System Idle Process cpu=1078.7% mem=0.0% (pid=0); OneDrive.exe cpu=196.7% mem=3.0% (pid=20416); chrome.exe cpu=78.2% mem=2.9% (pid=16776)
1760417268.0344927,2025-10-13T23:47:48,29.7,88.1,1711.0,0.741,0.807,0.019,0.022,System Idle Process cpu=1124.0% mem=0.0% (pid=0); OneDrive.exe cpu=195.6% mem=3.0% (pid=20416); chrome.exe cpu=73.7% mem=3.0% (pid=16776)
1760417271.1684766,2025-10-13T23:47:51,25.2,88.0,1711.0,0.0,1.409,0.003,0.008,System Idle Process cpu=1203.7% mem=0.0% (pid=0); OneDrive.exe cpu=197.5% mem=3.0% (pid=20416); python.exe cpu=66.6% mem=0.2% (pid=29004)
1760417274.4537055,2025-10-13T23:47:54,24.6,88.1,1711.0,0.455,1.163,0.045,0.031,System Idle Process cpu=1220.5% mem=0.0% (pid=0); OneDrive.exe cpu=195.2% mem=3.0% (pid=20416); python.exe cpu=66.5% mem=0.2% (pid=29004)
1760417277.6689603,2025-10-13T23:47:57,24.6,87.8,1711.0,0.025,1.02,0.001,0.001,System Idle Process cpu=1219.3% mem=0.0% (pid=0); OneDrive.exe cpu=193.1% mem=3.0% (pid=20416); python.exe cpu=65.6% mem=0.2% (pid=29004)
1760417280.8375075,2025-10-13T23:48:00,26.4,87.8,1711.0,0.135,0.774,0.005,0.003,System Idle Process cpu=1194.8% mem=0.0% (pid=0); OneDrive.exe cpu=194.0% mem=3.0% (pid=20416); python.exe cpu=67.7% mem=0.2% (pid=29004)
1760417283.9962566,2025-10-13T23:48:03,28.5,87.4,1711.0,0.279,0.799,0.0,0.0,System Idle Process cpu=1159.5% mem=0.0% (pid=0); OneDrive.exe cpu=195.4% mem=3.0% (pid=20416); python.exe cpu=66.8% mem=0.2% (pid=29004)
1760417287.3038452,2025-10-13T23:48:07,23.8,87.5,1711.0,0.561,0.586,0.008,0.006,System Idle Process cpu=1235.2% mem=0.0% (pid=0); OneDrive.exe cpu=197.8% mem=3.0% (pid=20416); python.exe cpu=69.5% mem=0.2% (pid=29004)
1760417290.6923945,2025-10-13T23:48:10,24.9,87.2,1711.0,0.033,0.27,0.001,0.002,System Idle Process cpu=1213.5% mem=0.0% (pid=0); OneDrive.exe cpu=196.2% mem=3.0% (pid=20416); python.exe cpu=68.9% mem=0.2% (pid=29004)
1760417294.1155834,2025-10-13T23:48:14,24.7,87.2,1711.0,0.131,0.209,0.001,0.001,System Idle Process cpu=1219.6% mem=0.0% (pid=0); OneDrive.exe cpu=192.2% mem=3.0% (pid=20416); python.exe cpu=69.7% mem=0.2% (pid=29004)
1760417297.5016434,2025-10-13T23:48:17,22.6,87.1,1711.0,0.029,1.008,0.005,0.006,System Idle Process cpu=1255.4% mem=0.0% (pid=0); OneDrive.exe cpu=194.7% mem=3.0% (pid=20416); python.exe cpu=67.1% mem=0.2% (pid=29004)
1760417300.8358042,2025-10-13T23:48:20,22.2,87.2,1711.0,0.0,0.36,0.001,0.002,System Idle Process cpu=1258.2% mem=0.0% (pid=0); OneDrive.exe cpu=193.6% mem=3.0% (pid=20416); python.exe cpu=68.3% mem=0.2% (pid=29004)
1760417304.1741521,2025-10-13T23:48:24,25.3,87.3,1711.0,0.02,0.709,0.014,0.014,System Idle Process cpu=1209.4% mem=0.0% (pid=0); OneDrive.exe cpu=193.4% mem=3.0% (pid=20416); python.exe cpu=66.9% mem=0.2% (pid=29004)
1760417307.3965306,2025-10-13T23:48:27,24.9,87.3,1711.0,0.057,0.709,0.005,0.007,System Idle Process cpu=1212.9% mem=0.0% (pid=0); OneDrive.exe cpu=195.1% mem=3.0% (pid=20416); python.exe cpu=67.3% mem=0.2% (pid=29004)
1760417310.6863883,2025-10-13T23:48:30,24.8,87.1,1711.0,0.382,0.553,0.002,0.003,System Idle Process cpu=1220.1% mem=0.0% (pid=0); OneDrive.exe cpu=194.2% mem=3.0% (pid=20416); python.exe cpu=68.7% mem=0.2% (pid=29004)
1760417313.989144,2025-10-13T23:48:33,23.7,87.1,1711.0,0.44,0.745,0.004,0.007,System Idle Process cpu=1233.4% mem=0.0% (pid=0); OneDrive.exe cpu=192.7% mem=3.0% (pid=20416); python.exe cpu=67.1% mem=0.2% (pid=29004)
1760417317.1347475,2025-10-13T23:48:37,23.5,87.1,1711.0,0.059,0.514,0.0,0.005,System Idle Process cpu=1237.8% mem=0.0% (pid=0); OneDrive.exe cpu=193.2% mem=3.0% (pid=20416); python.exe cpu=67.7% mem=0.2% (pid=29004)
1760417320.5530567,2025-10-13T23:48:40,21.6,87.0,1711.0,0.0,0.528,0.001,0.002,System Idle Process cpu=1262.6% mem=0.0% (pid=0); OneDrive.exe cpu=197.9% mem=3.0% (pid=20416); python.exe cpu=69.3% mem=0.2% (pid=29004)
1760417323.9038992,2025-10-13T23:48:43,23.5,86.9,1466.0,0.131,0.242,0.001,0.001,System Idle Process cpu=1230.8% mem=0.0% (pid=0); OneDrive.exe cpu=196.4% mem=3.0% (pid=20416); python.exe cpu=67.6% mem=0.2% (pid=29004)
1760417327.261264,2025-10-13T23:48:47,25.7,86.9,1711.0,2.418,0.332,0.001,0.005,System Idle Process cpu=1190.0% mem=0.0% (pid=0); OneDrive.exe cpu=195.9% mem=3.0% (pid=20416); python.exe cpu=67.4% mem=0.2% (pid=29004)
1760417330.6596184,2025-10-13T23:48:50,23.1,87.0,1711.0,10.806,1.09,0.018,0.017,System Idle Process cpu=1239.2% mem=0.0% (pid=0); OneDrive.exe cpu=193.9% mem=3.0% (pid=20416); python.exe cpu=71.0% mem=0.2% (pid=29004)
1760417334.093596,2025-10-13T23:48:54,21.2,87.1,1711.0,0.0,0.557,0.0,0.0,System Idle Process cpu=1265.9% mem=0.0% (pid=0); OneDrive.exe cpu=196.0% mem=3.0% (pid=20416); python.exe cpu=69.5% mem=0.2% (pid=29004)
1760417337.4856887,2025-10-13T23:48:57,21.8,87.0,1711.0,0.008,0.95,0.001,0.001,System Idle Process cpu=1260.0% mem=0.0% (pid=0); OneDrive.exe cpu=191.5% mem=3.0% (pid=20416); python.exe cpu=68.1% mem=0.2% (pid=29004)
1760417340.9910953,2025-10-13T23:49:00,21.2,87.1,1711.0,0.0,0.36,0.002,0.002,System Idle Process cpu=1267.7% mem=0.0% (pid=0); OneDrive.exe cpu=195.4% mem=3.0% (pid=20416); python.exe cpu=68.5% mem=0.2% (pid=29004)
1760417344.534871,2025-10-13T23:49:04,22.0,86.9,1711.0,0.0,0.815,0.019,0.024,System Idle Process cpu=1247.9% mem=0.0% (pid=0); OneDrive.exe cpu=191.5% mem=3.0% (pid=20416); python.exe cpu=69.1% mem=0.2% (pid=29004)
1760417347.946993,2025-10-13T23:49:07,23.9,86.8,1711.0,0.0,0.995,0.0,0.005,System Idle Process cpu=1226.9% mem=0.0% (pid=0); OneDrive.exe cpu=196.4% mem=3.0% (pid=20416); python.exe cpu=67.2% mem=0.2% (pid=29004)
1760417351.367334,2025-10-13T23:49:11,21.5,86.9,1711.0,0.049,0.631,0.003,0.003,System Idle Process cpu=1263.5% mem=0.0% (pid=0); OneDrive.exe cpu=194.0% mem=3.0% (pid=20416); python.exe cpu=67.6% mem=0.2% (pid=29004)
1760417354.8575728,2025-10-13T23:49:14,22.6,86.8,1711.0,2.769,0.68,0.012,0.007,System Idle Process cpu=1245.2% mem=0.0% (pid=0); OneDrive.exe cpu=193.9% mem=3.0% (pid=20416); python.exe cpu=65.2% mem=0.2% (pid=29004)
1760417358.191429,2025-10-13T23:49:18,21.7,86.8,1711.0,0.815,1.081,0.0,0.0,System Idle Process cpu=1257.8% mem=0.0% (pid=0); OneDrive.exe cpu=190.4% mem=3.0% (pid=20416); python.exe cpu=68.1% mem=0.2% (pid=29004)
1760417361.6605482,2025-10-13T23:49:21,21.1,86.8,1711.0,0.033,0.487,0.007,0.006,System Idle Process cpu=1269.9% mem=0.0% (pid=0); OneDrive.exe cpu=189.4% mem=3.0% (pid=20416); python.exe cpu=68.0% mem=0.2% (pid=29004)
1760417364.8587961,2025-10-13T23:49:24,23.3,86.9,1711.0,0.094,0.569,0.001,0.001,System Idle Process cpu=1239.0% mem=0.0% (pid=0); OneDrive.exe cpu=195.6% mem=3.0% (pid=20416); python.exe cpu=66.8% mem=0.2% (pid=29004)
1760417368.182768,2025-10-13T23:49:28,21.4,86.8,1711.0,0.016,0.635,0.0,0.0,System Idle Process cpu=1258.8% mem=0.0% (pid=0); OneDrive.exe cpu=192.2% mem=3.0% (pid=20416); python.exe cpu=67.6% mem=0.2% (pid=29004)
1760417371.649717,2025-10-13T23:49:31,21.6,86.8,1711.0,0.098,0.831,0.008,0.013,System Idle Process cpu=1260.6% mem=0.0% (pid=0); OneDrive.exe cpu=195.2% mem=3.0% (pid=20416); chrome.exe cpu=84.8% mem=2.0% (pid=17728)
1760417375.1270535,2025-10-13T23:49:35,27.1,86.7,1711.0,0.049,2.048,0.001,0.001,System Idle Process cpu=1179.0% mem=0.0% (pid=0); OneDrive.exe cpu=190.6% mem=3.0% (pid=20416); chrome.exe cpu=72.2% mem=2.4% (pid=22424)
1760417378.5220037,2025-10-13T23:49:38,26.5,86.7,1711.0,0.016,0.639,0.0,0.004,System Idle Process cpu=1185.0% mem=0.0% (pid=0); OneDrive.exe cpu=196.4% mem=3.0% (pid=20416); python.exe cpu=68.7% mem=0.2% (pid=29004)
1760417381.9793792,2025-10-13T23:49:41,27.2,86.6,1711.0,0.172,0.737,0.009,0.01,System Idle Process cpu=1168.1% mem=0.0% (pid=0); OneDrive.exe cpu=196.4% mem=3.0% (pid=20416); chrome.exe cpu=84.4% mem=2.3% (pid=4008)
1760417385.4335983,2025-10-13T23:49:45,22.5,86.6,1711.0,1.282,0.786,0.001,0.002,System Idle Process cpu=1248.7% mem=0.0% (pid=0); OneDrive.exe cpu=194.7% mem=3.0% (pid=20416); python.exe cpu=67.6% mem=0.2% (pid=29004)
1760417388.7844722,2025-10-13T23:49:48,22.2,86.6,1711.0,0.0,1.667,0.001,0.0,System Idle Process cpu=1251.6% mem=0.0% (pid=0); OneDrive.exe cpu=192.9% mem=3.0% (pid=20416); python.exe cpu=68.3% mem=0.2% (pid=29004)
1760417392.315096,2025-10-13T23:49:52,23.0,86.1,1711.0,0.025,0.627,0.006,0.007,System Idle Process cpu=1240.1% mem=0.0% (pid=0); OneDrive.exe cpu=192.0% mem=3.0% (pid=20416); python.exe cpu=67.7% mem=0.2% (pid=29004)
1760417395.6976595,2025-10-13T23:49:55,21.5,86.1,1711.0,0.119,1.192,0.001,0.0,System Idle Process cpu=1259.9% mem=0.0% (pid=0); OneDrive.exe cpu=195.3% mem=3.0% (pid=20416); python.exe cpu=66.1% mem=0.2% (pid=29004)
1760417399.0277781,2025-10-13T23:49:59,22.1,86.0,1711.0,0.082,1.61,0.009,0.006,System Idle Process cpu=1252.9% mem=0.0% (pid=0); OneDrive.exe cpu=195.3% mem=3.0% (pid=20416); python.exe cpu=66.5% mem=0.2% (pid=29004)
1760417402.443201,2025-10-13T23:50:02,21.0,86.1,1711.0,0.033,1.036,0.001,0.001,System Idle Process cpu=1274.3% mem=0.0% (pid=0); OneDrive.exe cpu=194.8% mem=3.0% (pid=20416); python.exe cpu=68.4% mem=0.2% (pid=29004)
1760417405.8484137,2025-10-13T23:50:05,22.0,86.0,1711.0,0.111,1.09,0.006,0.007,System Idle Process cpu=1254.6% mem=0.0% (pid=0); OneDrive.exe cpu=194.0% mem=3.0% (pid=20416); python.exe cpu=67.8% mem=0.2% (pid=29004)
1760417409.2797987,2025-10-13T23:50:09,21.7,86.1,1711.0,0.0,1.171,0.001,0.004,System Idle Process cpu=1257.7% mem=0.0% (pid=0); OneDrive.exe cpu=191.7% mem=3.0% (pid=20416); python.exe cpu=70.3% mem=0.2% (pid=29004)
1760417412.7225466,2025-10-13T23:50:12,20.9,86.1,1711.0,0.07,0.844,0.001,0.001,System Idle Process cpu=1270.2% mem=0.0% (pid=0); OneDrive.exe cpu=197.6% mem=3.0% (pid=20416); python.exe cpu=67.9% mem=0.2% (pid=29004)
1760417416.1792226,2025-10-13T23:50:16,22.1,86.1,1711.0,1.143,2.093,0.011,0.007,System Idle Process cpu=1251.6% mem=0.0% (pid=0); OneDrive.exe cpu=189.9% mem=3.0% (pid=20416); python.exe cpu=67.5% mem=0.2% (pid=29004)
1760417419.6409829,2025-10-13T23:50:19,21.8,86.1,1711.0,0.0,0.717,0.0,0.001,System Idle Process cpu=1263.9% mem=0.0% (pid=0); OneDrive.exe cpu=192.1% mem=3.0% (pid=20416); python.exe cpu=65.9% mem=0.2% (pid=29004)
1760417423.1111295,2025-10-13T23:50:23,20.9,86.1,1711.0,0.082,1.221,0.011,0.011,System Idle Process cpu=1271.1% mem=0.0% (pid=0); OneDrive.exe cpu=196.0% mem=3.0% (pid=20416); python.exe cpu=68.2% mem=0.2% (pid=29004)
1760417426.5881784,2025-10-13T23:50:26,20.8,86.1,1711.0,0.016,1.049,0.001,0.003,System Idle Process cpu=1275.2% mem=0.0% (pid=0); OneDrive.exe cpu=189.9% mem=3.0% (pid=20416); python.exe cpu=65.4% mem=0.2% (pid=29004)
1760417430.0492923,2025-10-13T23:50:30,21.7,86.1,1711.0,0.225,1.548,0.002,0.002,System Idle Process cpu=1254.2% mem=0.0% (pid=0); OneDrive.exe cpu=196.2% mem=3.0% (pid=20416); python.exe cpu=66.8% mem=0.2% (pid=29004)
1760417433.5642507,2025-10-13T23:50:33,21.2,86.1,1711.0,0.033,0.692,0.01,0.011,System Idle Process cpu=1266.7% mem=0.0% (pid=0); OneDrive.exe cpu=195.7% mem=3.0% (pid=20416); python.exe cpu=68.0% mem=0.2% (pid=29004)
1760417436.9875078,2025-10-13T23:50:36,20.8,86.1,1711.0,0.0,0.774,0.001,0.006,System Idle Process cpu=1273.6% mem=0.0% (pid=0); OneDrive.exe cpu=197.6% mem=3.0% (pid=20416); python.exe cpu=67.0% mem=0.2% (pid=29004)
1760417440.3920252,2025-10-13T23:50:40,21.5,86.1,1711.0,0.066,1.11,0.0,0.0,System Idle Process cpu=1258.1% mem=0.0% (pid=0); OneDrive.exe cpu=195.9% mem=3.0% (pid=20416); python.exe cpu=67.4% mem=0.2% (pid=29004)
1760417443.8178537,2025-10-13T23:50:43,24.6,86.2,1711.0,1.843,1.503,0.017,0.014,System Idle Process cpu=1217.9% mem=0.0% (pid=0); OneDrive.exe cpu=197.0% mem=3.0% (pid=20416); python.exe cpu=66.5% mem=0.2% (pid=29004)
1760417447.0824556,2025-10-13T23:50:47,25.0,86.2,1711.0,0.0,1.335,0.001,0.001,System Idle Process cpu=1215.6% mem=0.0% (pid=0); OneDrive.exe cpu=194.4% mem=3.0% (pid=20416); python.exe cpu=66.5% mem=0.2% (pid=29004)
1760417450.2791667,2025-10-13T23:50:50,24.9,86.2,1711.0,0.016,1.094,0.001,0.001,System Idle Process cpu=1220.9% mem=0.0% (pid=0); OneDrive.exe cpu=189.7% mem=3.0% (pid=20416); python.exe cpu=64.9% mem=0.2% (pid=29004)
1760417453.382649,2025-10-13T23:50:53,24.7,86.1,1711.0,0.033,1.274,0.005,0.006,System Idle Process cpu=1226.1% mem=0.0% (pid=0); OneDrive.exe cpu=191.9% mem=3.0% (pid=20416); python.exe cpu=65.6% mem=0.2% (pid=29004)
1760417456.5010307,2025-10-13T23:50:56,23.0,86.0,1711.0,0.0,0.7,0.001,0.0,System Idle Process cpu=1243.0% mem=0.0% (pid=0); OneDrive.exe cpu=193.2% mem=3.0% (pid=20416); python.exe cpu=67.3% mem=0.2% (pid=29004)
1760417459.7474189,2025-10-13T23:50:59,24.8,86.0,1711.0,0.119,1.47,0.001,0.002,System Idle Process cpu=1221.0% mem=0.0% (pid=0); OneDrive.exe cpu=198.3% mem=3.0% (pid=20416); python.exe cpu=65.3% mem=0.2% (pid=29004)
1760417462.7842615,2025-10-13T23:51:02,24.9,86.0,1711.0,0.205,1.081,0.002,0.002,System Idle Process cpu=1216.9% mem=0.0% (pid=0); OneDrive.exe cpu=189.5% mem=3.0% (pid=20416); python.exe cpu=64.9% mem=0.2% (pid=29004)
1760417465.893373,2025-10-13T23:51:05,23.1,86.1,1711.0,0.09,1.565,0.01,0.014,System Idle Process cpu=1244.2% mem=0.0% (pid=0); OneDrive.exe cpu=197.1% mem=3.0% (pid=20416); python.exe cpu=65.9% mem=0.2% (pid=29004)
1760417469.003346,2025-10-13T23:51:09,23.7,86.0,1711.0,0.565,0.737,0.015,0.016,System Idle Process cpu=1238.8% mem=0.0% (pid=0); OneDrive.exe cpu=189.4% mem=3.0% (pid=20416); python.exe cpu=64.4% mem=0.2% (pid=29004)
1760417472.1327336,2025-10-13T23:51:12,23.5,86.0,1711.0,0.049,1.528,0.001,0.001,System Idle Process cpu=1238.8% mem=0.0% (pid=0); OneDrive.exe cpu=190.2% mem=3.0% (pid=20416); python.exe cpu=67.1% mem=0.2% (pid=29004)
1760417475.5387876,2025-10-13T23:51:15,22.2,86.0,1711.0,0.393,0.913,0.011,0.007,System Idle Process cpu=1249.5% mem=0.0% (pid=0); OneDrive.exe cpu=188.2% mem=3.0% (pid=20416); python.exe cpu=67.3% mem=0.2% (pid=29004)
1760417478.9284031,2025-10-13T23:51:18,20.8,86.0,1711.0,0.033,2.298,0.001,0.001,System Idle Process cpu=1274.2% mem=0.0% (pid=0); OneDrive.exe cpu=188.4% mem=3.0% (pid=20416); python.exe cpu=65.9% mem=0.2% (pid=29004)
1760417482.3411446,2025-10-13T23:51:22,21.3,86.0,1711.0,0.0,0.77,0.005,0.002,System Idle Process cpu=1271.7% mem=0.0% (pid=0); OneDrive.exe cpu=194.4% mem=3.0% (pid=20416); python.exe cpu=66.3% mem=0.2% (pid=29004)
1760417485.708006,2025-10-13T23:51:25,20.8,86.0,1711.0,0.016,1.552,0.014,0.014,System Idle Process cpu=1269.4% mem=0.0% (pid=0); OneDrive.exe cpu=192.8% mem=3.0% (pid=20416); python.exe cpu=66.0% mem=0.2% (pid=29004)
1760417489.094303,2025-10-13T23:51:29,21.5,86.0,1711.0,0.016,1.036,0.0,0.0,System Idle Process cpu=1263.0% mem=0.0% (pid=0); OneDrive.exe cpu=189.0% mem=3.0% (pid=20416); python.exe cpu=65.7% mem=0.2% (pid=29004)
1760417492.4437487,2025-10-13T23:51:32,25.0,86.0,1711.0,0.127,1.655,0.01,0.016,System Idle Process cpu=1213.9% mem=0.0% (pid=0); OneDrive.exe cpu=191.1% mem=3.0% (pid=20416); python.exe cpu=65.3% mem=0.2% (pid=29004)
1760417495.6033263,2025-10-13T23:51:35,28.6,85.9,1711.0,0.016,1.298,0.001,0.002,System Idle Process cpu=1156.2% mem=0.0% (pid=0); OneDrive.exe cpu=194.2% mem=3.0% (pid=20416); System cpu=71.3% mem=0.0% (pid=4)
1760417498.7158163,2025-10-13T23:51:38,24.4,85.9,1711.0,0.0,1.18,0.004,0.012,System Idle Process cpu=1226.7% mem=0.0% (pid=0); OneDrive.exe cpu=202.6% mem=3.0% (pid=20416); python.exe cpu=66.4% mem=0.2% (pid=29004)
1760417501.8656497,2025-10-13T23:51:41,25.5,85.9,1711.0,0.066,1.18,0.0,0.0,System Idle Process cpu=1217.6% mem=0.0% (pid=0); OneDrive.exe cpu=199.6% mem=3.0% (pid=20416); python.exe cpu=66.6% mem=0.2% (pid=29004)
1760417505.0171287,2025-10-13T23:51:45,26.2,86.0,1711.0,0.233,2.281,0.002,0.002,System Idle Process cpu=1192.3% mem=0.0% (pid=0); OneDrive.exe cpu=196.8% mem=3.0% (pid=20416); python.exe cpu=65.4% mem=0.2% (pid=29004)
1760417508.1240277,2025-10-13T23:51:48,23.7,85.9,1711.0,0.0,1.729,0.01,0.009,System Idle Process cpu=1237.9% mem=0.0% (pid=0); OneDrive.exe cpu=198.1% mem=3.0% (pid=20416); python.exe cpu=65.5% mem=0.2% (pid=29004)
1760417511.3027477,2025-10-13T23:51:51,23.9,86.0,1711.0,0.164,1.04,0.001,0.003,System Idle Process cpu=1236.0% mem=0.0% (pid=0); OneDrive.exe cpu=187.4% mem=3.0% (pid=20416); python.exe cpu=64.2% mem=0.2% (pid=29004)
1760417514.3875093,2025-10-13T23:51:54,23.5,86.0,1711.0,5.34,11.71,0.023,0.036,System Idle Process cpu=1236.3% mem=0.0% (pid=0); OneDrive.exe cpu=183.6% mem=3.0% (pid=20416); python.exe cpu=66.0% mem=0.2% (pid=29004)
1760417517.489561,2025-10-13T23:51:57,23.6,86.0,1711.0,0.008,0.93,0.001,0.0,System Idle Process cpu=1241.0% mem=0.0% (pid=0); OneDrive.exe cpu=193.1% mem=3.0% (pid=20416); python.exe cpu=66.2% mem=0.2% (pid=29004)
1760417520.628283,2025-10-13T23:52:00,23.8,86.0,1711.0,0.012,0.926,0.0,0.0,System Idle Process cpu=1226.7% mem=0.0% (pid=0); OneDrive.exe cpu=189.7% mem=3.0% (pid=20416); python.exe cpu=65.2% mem=0.2% (pid=29004)
1760417523.769306,2025-10-13T23:52:03,24.7,86.0,1711.0,0.0,0.987,0.001,0.001,System Idle Process cpu=1222.2% mem=0.0% (pid=0); OneDrive.exe cpu=188.9% mem=3.0% (pid=20416); python.exe cpu=66.6% mem=0.2% (pid=29004)
1760417526.888253,2025-10-13T23:52:06,23.3,86.0,1711.0,0.0,0.631,0.008,0.01,System Idle Process cpu=1245.3% mem=0.0% (pid=0); OneDrive.exe cpu=190.0% mem=3.0% (pid=20416); python.exe cpu=66.2% mem=0.2% (pid=29004)
1760417530.029327,2025-10-13T23:52:10,23.2,86.0,1711.0,0.016,0.889,0.0,0.001,System Idle Process cpu=1244.1% mem=0.0% (pid=0); OneDrive.exe cpu=189.8% mem=3.0% (pid=20416); python.exe cpu=66.2% mem=0.2% (pid=29004)
1760417533.215029,2025-10-13T23:52:13,24.0,86.0,1711.0,0.119,0.999,0.004,0.008,System Idle Process cpu=1230.8% mem=0.0% (pid=0); OneDrive.exe cpu=192.3% mem=2.8% (pid=20416); python.exe cpu=66.4% mem=0.2% (pid=29004)
1760417536.3743541,2025-10-13T23:52:16,32.2,85.1,1711.0,0.143,5.8,0.002,0.002,System Idle Process cpu=1102.1% mem=0.0% (pid=0); OneDrive.exe cpu=192.2% mem=2.8% (pid=20416); MemCompression cpu=84.8% mem=9.3% (pid=4024)
1760417539.5782442,2025-10-13T23:52:19,26.8,84.4,1711.0,0.004,1.073,0.0,0.001,
1760417540.6040616,2025-10-13T23:52:20,18.7,84.4,1711.0,0.0,0.373,0.0,0.0,
1760417541.6297529,2025-10-13T23:52:21,16.2,84.4,1711.0,0.0,0.414,0.007,0.007,
1760417542.6691372,2025-10-13T23:52:22,15.8,84.4,1711.0,0.0,0.0,0.0,0.0,
